tract_id,COUNTY,svi,population,lat,lon,flood_days,nearest_station,elevation_m,impervious_frac,river_dist_mi,low_lying_norm,svi_norm,tidal_c,storm_c,river_c,sc_A,in50_A,sc_B,in50_B,sc_C,in50_C,sc_D,in50_D,sc_E,in50_E,n50,mean_rank
48167720100,Galveston County,0.2117,5701,29.5430634,-95.2097728,10.667,"Morgans Point, TX",12.0,0.36452832653061223,0.34004614730971344,0.8518518518518519,0.21182709625775467,0.42592592592592593,0.45835695016374906,0.986141307023748,0.3402863940586574,0,0.47810113415154754,0,0.47057658930304086,0,0.5668591467828119,0,0.4337221278359154,0,0,902.6
48167720200,Galveston County,0.2264,5156,29.5137895,-95.1797655,34.0,"Eagle Point, Galveston, TX",13.0,0.26323265306122445,2.037724917121082,0.8395061728395061,0.22653592155293176,0.9197530864197531,0.3309880392258702,0.9107612151711054,0.6424662204730245,0,0.575089955457409,0,0.5137542446374413,0,0.6912746334255682,0,0.5169976164733295,0,0,556.0
48167720301,Galveston County,0.448,2557,29.5213838,-95.2007405,10.667,"Morgans Point, TX",11.0,0.21484620408163266,1.2532862140101186,0.8641975308641976,0.44826896137682615,0.4320987654320988,0.27014704671749495,0.9455917511622237,0.4385668438099897,0,0.5030099292559063,0,0.47157097956358035,0,0.5212569185489329,0,0.49388643460939285,0,0,852.8
48167720302,Galveston County,0.3331,6992,29.4969855,-95.2103452,34.0,"Eagle Point, Galveston, TX",12.0,0.10686620408163264,2.7605320419990234,0.8518518518518519,0.3332999799879928,0.9259259259259259,0.13437328134311796,0.8786672357717532,0.6888755475507528,1,0.5481435035036858,0,0.4609743817271146,0,0.6197580113422501,0,0.5123362495844036,0,1,640.8
48167720400,Galveston County,0.099,9836,29.4830867,-95.1967697,34.0,"Eagle Point, Galveston, TX",11.0,0.09986865306122449,3.625185392591906,0.8641975308641976,0.09905943566139684,0.9320987654320988,0.1255745792645837,0.8402750203848408,0.598883033523818,0,0.44160893346956676,0,0.3559295488796621,0,0.5557920994056234,0,0.38451735050153846,0,0,837.2
48167720501,Galveston County,0.0631,4070,29.5019392,-95.1359539,34.0,"Eagle Point, Galveston, TX",12.0,0.2579157551020408,3.321212634399606,0.8518518518518519,0.06313788272963779,0.9259259259259259,0.3243025858453395,0.8537719756632429,0.5808107086474107,0,0.4917330889275493,0,0.4337727062827123,0,0.6345981576601867,0,0.4203005545612308,0,0,747.2
48167720504,Galveston County,0.1032,1680,29.4781666,-95.1708995,34.0,"Eagle Point, Galveston, TX",12.0,0.38431632653061226,2.316938369442217,0.8518518518518519,0.10326195717430459,0.9259259259259259,0.4832383288378385,0.8983636190788841,0.5968603384252774,0,0.5714852718262303,0,0.5323940026051037,0,0.7275597100435389,0,0.4934480527175761,0,0,553.2
48167720505,Galveston County,0.0385,4035,29.4749995,-95.1625849,34.0,"Eagle Point, Galveston, TX",12.0,0.42977942857142865,1.8859517021420944,0.8518518518518519,0.038523113868320996,0.9259259259259259,0.5404035126652247,0.9175002279274223,0.570964801102884,0,0.5694716262085938,0,0.5369031872657728,0,0.7464544636553515,0,0.48098020748521503,0,0,566.0
48167720506,Galveston County,0.0199,5682,29.4883705,-95.1483745,34.0,"Eagle Point, Galveston, TX",9.0,0.29697926530612245,2.652977542316223,0.8888888888888888,0.019911947168300984,0.9444444444444444,0.37342093988450015,0.8834428554057051,0.574631445533987,0,0.5048993150129908,0,0.44983923554807126,0,0.6665617709612208,0,0.42406808703887583,0,0,714.4
48167720507,Galveston County,0.0816,4960,29.4755707,-95.1410209,34.0,"Eagle Point, Galveston, TX",9.0,0.22236416326530611,1.7678514873015514,0.8888888888888888,0.08164898939363618,0.9444444444444444,0.27960010863913065,0.9227440969094712,0.5993262624241211,0,0.5125299071669269,0,0.44074105452124496,0,0.6561568797580238,0,0.44071642087137847,0,0,691.4
48167720508,Galveston County,0.2105,2661,29.4910561,-95.1307551,34.0,"Eagle Point, Galveston, TX",12.0,0.38559420408163264,2.8370976809007855,0.8518518518518519,0.2106263758254953,0.9259259259259259,0.4848451286784518,0.8752675791371755,0.6398061058857537,0,0.6077050674987095,0,0.5708104094379358,0,0.740064631389781,0,0.5415252855531738,0,0,462.2
48167720509,Galveston County,0.2397,2083,29.4961205,-95.1182804,34.0,"Eagle Point, Galveston, TX",12.0,0.48534881632653065,3.1883325295713756,0.8518518518518519,0.23984390634380628,0.9259259259259259,0.6102763133233002,0.8596720992233988,0.6514931180930781,0,0.6537698356369346,0,0.6360928843634658,0,0.7917451454013107,0,0.5847821807547465,0,0,365.8
48167720510,Galveston County,0.4804,4463,29.4879695,-95.1224093,34.0,"Eagle Point, Galveston, TX",12.0,0.43843477551020404,2.627468459852638,0.8518518518518519,0.4806884130478287,0.9259259259259259,0.5512867229310066,0.8845755060657563,0.747830920774687,1,0.7394389172358617,0,0.7112273669114109,0,0.8256890852985396,1,0.6963138332045229,0,2,228.4
48167720511,Galveston County,0.194,2941,29.476734,-95.1120345,34.0,"Eagle Point, Galveston, TX",10.0,0.34710555102040813,1.85121188384987,0.8765432098765432,0.19411646988192918,0.9382716049382716,0.43644959848480025,0.9190427404099827,0.6406095509157346,0,0.6035190695297274,0,0.554941483040251,0,0.7399866027456603,0,0.5352853029217611,0,0,474.6
48167720512,Galveston County,0.0211,2999,29.478908,-95.1224599,34.0,"Eagle Point, Galveston, TX",10.0,0.4298662857142857,2.002846415074515,0.8765432098765432,0.02111266760056034,0.9382716049382716,0.5405127266060967,0.9123098854700483,0.5714080300031871,0,0.564781197794916,0,0.5316188044919703,0,0.7460040411930345,0,0.4741697760958567,0,0,575.4
48167720601,Galveston County,0.0493,2713,29.434084,-95.0984185,34.0,"Eagle Point, Galveston, TX",10.0,0.1139164081632653,1.103811161404071,0.8765432098765432,0.04932959775865519,0.9382716049382716,0.14323818924107193,0.9522287212389446,0.582694802066425,0,0.46421830202867126,0,0.370995466528427,0,0.6025145367853432,0,0.3950701846503352,0,0,805.4
48167720602,Galveston County,0.1294,3208,29.4559377,-95.0913162,34.0,"Eagle Point, Galveston, TX",9.0,0.34469502040816324,0.4178325743359884,0.8888888888888888,0.12947768661196718,0.9444444444444444,0.4334186036915544,0.9826874451280838,0.6184577413114535,0,0.5985672477984345,0,0.5436099363674858,0,0.7549304348605905,0,0.5203856542673567,0,0,489.2
48167720603,Galveston County,0.1606,4685,29.4448171,-95.1024222,34.0,"Eagle Point, Galveston, TX",6.0,0.4300475102040816,0.3866274269752163,0.9259259259259259,0.16069641785071043,0.962962962962963,0.5407405977985179,0.9840730116534823,0.642056344918062,0,0.6508755536424087,0,0.6095291401814069,0,0.8142685989063082,0,0.569179031010459,0,0,382.6
48167720604,Galveston County,0.0575,2916,29.4650862,-95.1035399,34.0,"Eagle Point, Galveston, TX",7.0,0.2000829387755102,1.0460620738480348,0.9135802469135803,0.05753452071242746,0.9567901234567902,0.25158375610966804,0.9547928880305597,0.5970878823590451,0,0.508010348282638,0,0.42844399475239425,0,0.6581689574727083,0,0.432931043687603,0,0,701.0
48167720605,Galveston County,0.0963,1393,29.4500898,-95.1624231,34.0,"Eagle Point, Galveston, TX",8.0,0.0,0.7474749837677412,0.9012345679012346,0.09635781468881328,0.9506172839506173,0.0,0.9680507096376277,0.6089134962458956,0,0.44701337418272497,0,0.3309622005003774,0,0.5638985606806955,0,0.3885707809337397,0,0,827.0
48167720701,Galveston County,0.2356,2527,29.4989975,-95.0876236,34.0,"Eagle Point, Galveston, TX",11.0,0.314984,3.388454332301472,0.8641975308641976,0.23574144486692017,0.9320987654320988,0.39606004549622853,0.8507863193339636,0.6535558372060273,0,0.5842316277124937,0,0.5362339085016845,0,0.7003950219943517,0,0.5261499305715648,0,0,522.0
48167720702,Galveston County,0.2627,3956,29.499182,-95.1042995,34.0,"Eagle Point, Galveston, TX",9.0,0.4543262040816327,3.3984469777065622,0.8888888888888888,0.2628577146287773,0.9444444444444444,0.5712685630339962,0.8503426273105484,0.6718097525181775,1,0.6536423272202866,0,0.6296192542797191,0,0.7839038647507899,0,0.5885115584550351,0,1,368.8
48167720703,Galveston County,0.3029,5133,29.4802543,-95.0891522,34.0,"Eagle Point, Galveston, TX",6.0,0.28467722448979593,2.0910155299047184,0.9259259259259259,0.3030818491094657,0.962962962962963,0.3579523864169883,0.9083950129437192,0.6990105174215642,1,0.6269317311937308,0,0.5659624320883108,0,0.734881691888486,0,0.5729567508463533,0,1,443.0
48167720800,Galveston County,0.6174,3649,29.4668759,-95.0718982,34.0,"Eagle Point, Galveston, TX",16.0,0.09570620408163265,1.1716038174546068,0.8024691358024691,0.6177706623974384,0.9012345679012346,0.12034072696658485,0.9492186013441238,0.787849005699716,1,0.67189353179738,0,0.5788164585961122,0,0.6899344882640273,0,0.6628730535640563,0,1,404.0
48167720900,Galveston County,0.7561,4775,29.4517166,-95.0562379,34.0,"Eagle Point, Galveston, TX",19.0,0.09749608163265305,0.14005257075371816,0.7654320987654322,0.7565539323594157,0.8827160493827161,0.12259131424812873,0.9950213934327949,0.8322512025733959,1,0.7366510308245899,0,0.6415707166564768,0,0.7300167303129813,0,0.7399681810803942,0,1,281.8
48167721000,Galveston County,0.4851,2074,29.464296,-94.9919613,34.0,"Eagle Point, Galveston, TX",3.0,0.0009490612244897959,0.9878071448990712,0.962962962962963,0.4853912347408445,0.9814814814814815,0.0011933470644544958,0.9573795151199295,0.7830453827852267,1,0.6093205101820048,0,0.4917193833587839,0,0.6506302686623916,0,0.5886656309418115,0,1,539.0
48167721101,Galveston County,0.4499,3271,29.4806668,-95.0555602,34.0,"Eagle Point, Galveston, TX",6.0,0.10926073469387755,2.119162748520045,0.9259259259259259,0.4501701020612368,0.962962962962963,0.1373841577788348,0.9071452241365848,0.7578458186022725,1,0.6163396482329948,0,0.5240190150145894,0,0.6717294969569143,0,0.5886447238710352,0,1,502.2
48167721102,Galveston County,0.7791,6299,29.4731586,-95.0380543,34.0,"Eagle Point, Galveston, TX",8.0,0.3103787755102041,1.6023992304539527,0.9012345679012346,0.7795677406443867,0.9506172839506173,0.39026944844701683,0.9300904845419117,0.882197466628125,1,0.8305675023631948,0,0.7734108486036135,0,0.8475674229361307,1,0.8220675420767267,0,2,91.2
48167721103,Galveston County,0.4627,3665,29.4793964,-95.0137979,34.0,"Eagle Point, Galveston, TX",5.0,0.001112326530612245,2.0314825098030713,0.9382716049382716,0.46297778667200323,0.9691358024691358,0.0013986364269961262,0.9110383896551013,0.7666725961502828,1,0.5820508531424157,0,0.4694782674011915,0,0.6217418752992198,0,0.5622053420640136,0,1,596.6
48167721203,Galveston County,0.0255,3950,29.4976901,-95.0718544,34.0,"Eagle Point, Galveston, TX",6.0,0.26585142857142857,3.296991754961482,0.9259259259259259,0.025515309185511308,0.962962962962963,0.334280880601038,0.8548474277153413,0.5879839014519823,0,0.49173611597542893,0,0.43195222400771777,0,0.6471430515720683,0,0.41403264817710933,0,0,734.0
48167721204,Galveston County,0.1233,2908,29.5130603,-95.0697018,34.0,"Eagle Point, Galveston, TX",11.0,0.3220496326530612,2.552378077865574,0.8641975308641976,0.1233740244146488,0.9320987654320988,0.4049443532389426,0.8879096585521327,0.6086088690251188,0,0.5536847096978664,0,0.5037917161506857,0,0.6971216047922724,0,0.4819662621506635,0,0,596.8
48167721205,Galveston County,0.1122,5905,29.5209786,-95.0547974,34.0,"Eagle Point, Galveston, TX",6.0,0.5032111020408164,2.0052443396501434,0.9259259259259259,0.11226736041624975,0.962962962962963,0.6327363039662112,0.9122034131632841,0.6226847219442777,0,0.6378032521804227,0,0.6156996600470919,0,0.8129818827684805,0,0.550213936886394,0,0,402.0
48167721206,Galveston County,0.0025,4765,29.5090996,-95.0530315,34.0,"Eagle Point, Galveston, TX",6.0,0.33628359183673473,2.8284529733802777,0.9259259259259259,0.0025015009005403244,0.962962962962963,0.42284209573340964,0.875651420213899,0.5787783781379939,0,0.5167610865110855,0,0.4678357408059926,0,0.6881809483812673,0,0.4310511555759947,0,0,679.6
48167721207,Galveston County,0.2319,3842,29.5195603,-95.0333103,34.0,"Eagle Point, Galveston, TX",4.0,0.2542591836734694,2.105655005338471,0.9506172839506173,0.2320392235341205,0.9753086419753086,0.3197048226371759,0.9077449930327124,0.6780008745988333,1,0.5902041329430557,0,0.5227836042653795,0,0.7095924360793676,0,0.5305099813748999,0,1,516.6
48167721208,Galveston County,0.0996,1165,29.5286473,-95.0200429,34.0,"Eagle Point, Galveston, TX",7.0,0.18985632653061224,1.4753477239591508,0.9135802469135803,0.09965979587752652,0.9567901234567902,0.23872484101878544,0.9357318075058897,0.6139379924250847,0,0.5148697379242613,0,0.43509315199547266,0,0.6532730519398396,0,0.4456680809164722,0,0,682.4
48167721209,Galveston County,0.0208,2745,29.4933816,-95.0540747,34.0,"Eagle Point, Galveston, TX",6.0,0.28244416326530614,2.997929103452096,0.9259259259259259,0.020812487492495497,0.962962962962963,0.35514454116082517,0.8681263651335062,0.5861027727747761,0,0.5005413656758803,0,0.44260191038292945,0,0.6604509917370085,0,0.42058655264531614,0,0,713.0
48167721210,Galveston County,0.0266,6459,29.513747,-95.017292,34.0,"Eagle Point, Galveston, TX",5.0,0.3317893061224489,2.510152978744895,0.9382716049382716,0.026615969581749048,0.9691358024691358,0.41719099280604477,0.8897845314119478,0.5921278693141812,0,0.5309937319757932,0,0.47953264508749777,0,0.699119652773808,0,0.4469307715767859,0,0,641.0
48167721211,Galveston County,0.0026,2846,29.5000007,-95.0157978,34.0,"Eagle Point, Galveston, TX",8.0,0.20370032653061224,3.4583546963592635,0.9012345679012346,0.002601560936561937,0.9506172839506173,0.25613224987082167,0.8476826132872685,0.5714109947449951,0,0.4520040395925244,0,0.3827364737002102,0,0.6018048658111786,0,0.37710362648319734,0,0,826.2
48167721301,Galveston County,0.6189,3651,29.5169711,-95.0837208,34.0,"Eagle Point, Galveston, TX",7.0,0.4109548571428572,2.283397254098529,0.9135802469135803,0.6192715629377626,0.9567901234567902,0.5167335465194934,0.8998529069232083,0.8217826992491791,1,0.7984992667918726,0,0.7614290932529301,0,0.8582418347432427,1,0.7686279828161876,0,2,134.2
48167721302,Galveston County,0.4814,1637,29.5313975,-95.0864098,34.0,"Eagle Point, Galveston, TX",0.0,0.07985877551020407,1.288113684336589,1.0,0.4816890134080448,1.0,0.10041421234680023,0.9440453467664756,0.7926756053632179,1,0.6405176749590742,0,0.5366259573672711,0,0.6934605621427506,0,0.6140462313672359,0,1,455.2
48167721401,Galveston County,0.0723,2216,29.5298056,-95.062953,34.0,"Eagle Point, Galveston, TX",6.0,0.34060604081632656,1.4007291081191333,0.9259259259259259,0.07234340604362618,0.962962962962963,0.42827713160669934,0.939045012698744,0.6067151401952283,0,0.566240695610164,0,0.5126902912447144,0,0.7308731254656766,0,0.4839244806824077,0,0,564.2
48167721402,Galveston County,0.166,766,29.5358927,-95.0268196,34.0,"Eagle Point, Galveston, TX",4.0,0.2635182040816326,0.9808487458820995,0.9506172839506173,0.16609965979587754,0.9753086419753086,0.33134709032095555,0.9576884809657502,0.6516250491035361,0,0.5831041893715726,0,0.5130896408168236,0,0.7221056992301377,0,0.5136034344422901,0,0,526.2
48167721403,Galveston County,0.051,4974,29.5363733,-95.0462401,34.0,"Eagle Point, Galveston, TX",8.0,0.4936209795918367,0.9444708000260356,0.9012345679012346,0.051030618371022615,0.9506172839506173,0.620677709455197,0.9593037293559655,0.5907826177187794,0,0.620412247348409,0,0.5936282492158126,0,0.8102061236742045,0,0.5255153091855113,0,0,453.6
48167721501,Galveston County,0.0827,3474,29.543689,-95.0692948,34.0,"Eagle Point, Galveston, TX",6.0,0.3175206530612245,0.43810827734319024,0.9259259259259259,0.08274964978987392,0.962962962962963,0.39924962632203786,0.9817871662400881,0.6108776376937274,0,0.57469577566732,0,0.5133644115213729,0,0.7386778176264688,0,0.49270475468774566,0,0,546.8
48167721502,Galveston County,0.2449,2207,29.5522192,-95.053794,34.0,"Eagle Point, Galveston, TX",3.0,0.21573534693877552,0.16960452518158442,0.962962962962963,0.24504702821693017,0.9814814814814815,0.27126505258589667,0.9937092317454309,0.6869077001756609,1,0.609084186181091,0,0.5269063597522566,0,0.730429905502478,0,0.5484113265203975,0,1,482.8
48167721503,Galveston County,0.1117,1457,29.5458732,-95.0309379,34.0,"Eagle Point, Galveston, TX",9.0,0.34063485714285713,0.29065713056784553,0.8888888888888888,0.11176706023614168,0.9444444444444444,0.42831336517918783,0.9883342711372872,0.6113734907611234,0,0.5916525100930128,0,0.5354860538123694,0,0.7516143267119698,0,0.5116716017835342,0,0,506.2
48167721600,Galveston County,0.6574,1962,29.5313914,-95.0098498,34.0,"Eagle Point, Galveston, TX",10.0,0.1891574693877551,1.4231736861539745,0.8765432098765432,0.6577946768060836,0.9382716049382716,0.23784609990242597,0.9380484317295138,0.8260808336853964,1,0.7327775788763555,0,0.6542558312698559,0,0.7577718795664463,0,0.7202804285313102,0,1,266.4
48167721701,Galveston County,0.8861,2998,29.5086936,-94.9851915,34.0,"Eagle Point, Galveston, TX",12.0,0.34072465306122446,3.539021191947603,0.8518518518518519,0.8866319791875126,0.9259259259259259,0.4284262743285857,0.844100870995966,0.9102083472305607,1,0.8506936813918499,1,0.8084074253023164,0,0.8387142487932956,1,0.856683397691127,1,4,58.2
48167721702,Galveston County,0.8776,2814,29.5056966,-94.9942414,34.0,"Eagle Point, Galveston, TX",13.0,0.33681518367346935,3.430528897482388,0.8395061728395061,0.8781268761256755,0.9197530864197531,0.4235105178978451,0.8489181304607825,0.903102602302122,1,0.8453287586512529,1,0.8024568851273484,0,0.8343960528264454,1,0.8507951115636567,0,3,65.2
48167721703,Galveston County,0.465,3788,29.4942773,-94.9706455,34.0,"Eagle Point, Galveston, TX",4.0,0.06292220408163264,3.059397969486834,0.9506172839506173,0.46527916750050036,0.9753086419753086,0.07911821238950043,0.8653970332656811,0.7712968521853854,1,0.5949437015167529,0,0.49681775128422023,0,0.6381652128555039,0,0.5733329458473775,0,1,560.4
48167721800,Galveston County,0.5571,5100,29.482223,-94.9438244,34.0,"Eagle Point, Galveston, TX",4.0,0.1304248163265306,2.2572009014226784,0.9506172839506173,0.5574344606764059,0.9753086419753086,0.1639958178451063,0.9010160736577073,0.8081589694557475,1,0.6695203697301313,0,0.5804655767271183,0,0.7068823394147065,0,0.6508393848878438,0,1,397.0
48167721901,Galveston County,0.5003,4606,29.4352815,-95.0430108,34.0,"Eagle Point, Galveston, TX",8.0,0.0,1.0222508376689388,0.9012345679012346,0.5006003602161296,0.9506172839506173,0.0,0.9558501511607953,0.7706105144568222,1,0.6048917086371792,0,0.4898798451295776,0,0.6396554914441958,0,0.587509817233671,0,1,551.8
48167721902,Galveston County,0.9184,6306,29.4376953,-94.9821525,34.0,"Eagle Point, Galveston, TX",3.0,0.0,0.8508822395082218,0.962962962962963,0.9189513708224936,0.9814814814814815,0.0,0.9634592353407481,0.9564694372178864,1,0.7842739629480031,0,0.6659847352759783,0,0.7393814936565064,0,0.8067201975937516,0,1,203.0
48167722001,Galveston County,0.3246,6539,29.4183141,-94.9251851,34.0,"Eagle Point, Galveston, TX",2.0,0.3389845714285714,2.650068744815376,0.9753086419753086,0.3247948769261557,0.9876543209876543,0.42623830030261706,0.883572011419607,0.7225105433630549,1,0.6569487203494403,0,0.6057296829733394,0,0.7676666681572017,0,0.6015897464455595,0,1,375.2
48167722002,Galveston County,0.5616,3433,29.4013196,-94.9310115,34.0,"Eagle Point, Galveston, TX",1.0,0.4316176326530612,3.5523473562318495,0.9876543209876543,0.5619371622973784,0.9938271604938271,0.5427148655980808,0.8435091645402732,0.8210711612152476,1,0.7776546108246861,0,0.7459345856436647,0,0.8495604270004554,1,0.7417017027368016,0,2,167.2
48167722100,Galveston County,0.3259,7496,29.4024261,-94.9088859,34.0,"Eagle Point, Galveston, TX",10.0,0.4463870204081633,4.114219551607901,0.8765432098765432,0.3260956573944367,0.9382716049382716,0.5612858545570031,0.8185609950455233,0.6934012259207376,1,0.6639335246405011,0,0.6417198707529602,0,0.776546147055856,0,0.6076272134328238,0,1,348.8
48167722200,Galveston County,0.8798,2842,29.390097,-94.9014714,34.0,"Eagle Point, Galveston, TX",6.0,0.5602792653061225,5.065666809290568,0.9259259259259259,0.880328196918151,0.962962962962963,0.7044936609724188,0.7763149689112427,0.9299090565450383,1,0.924955035052047,1,0.9246613128812227,1,0.9398306477633456,1,0.9175172286963976,1,5,5.0
48167722300,Galveston County,0.8436,7283,29.390119,-94.9240602,34.0,"Eagle Point, Galveston, TX",11.0,0.5203874285714286,4.422158278776598,0.8641975308641976,0.844106463878327,0.9320987654320988,0.6543337713524033,0.8048879433753646,0.8969018448105901,1,0.8940495349820576,1,0.8867971070158143,1,0.9106972253499679,1,0.8857256897981025,1,5,14.8
48167722600,Galveston County,0.931,2702,29.3892824,-94.9619207,34.0,"Eagle Point, Galveston, TX",4.0,0.10984032653061224,4.196066853377044,0.9506172839506173,0.9315589353612168,0.9753086419753086,0.13811293501585759,0.8149268227657259,0.9578087593296719,1,0.7841237173423556,0,0.6987110180348352,0,0.7349786446694019,0,0.8086962536788325,0,1,191.6
48167722700,Galveston County,0.6186,5334,29.3867309,-94.9893812,34.0,"Eagle Point, Galveston, TX",10.0,0.34605836734693873,4.374191327716534,0.8765432098765432,0.6189713828296979,0.9382716049382716,0.4351328725134582,0.807017765130278,0.810551516094842,1,0.7379859280307124,0,0.6987634468973426,0,0.7776574430977171,0,0.71815017049721,0,1,237.8
48167722800,Galveston County,0.9469,3035,29.3657666,-94.9646367,34.0,"Eagle Point, Galveston, TX",11.0,0.33127093877551017,5.820444094300244,0.8641975308641976,0.9474684810886532,0.9320987654320988,0.41653919907997516,0.7428014549979838,0.9382466516947205,1,0.8415338077478838,1,0.8056555988251268,0,0.8062222499676273,0,0.8591895866380119,1,3,70.0
48167722900,Galveston County,0.7589,2637,29.3632862,-94.9801192,34.0,"Eagle Point, Galveston, TX",15.0,0.31644253061224487,5.992055724917172,0.8148148148148149,0.7593556133680208,0.9074074074074074,0.39789399801649417,0.7351815797253943,0.8481866897916528,1,0.7503396769675577,0,0.7145547065174704,0,0.7473343648340699,0,0.7518423330343015,0,1,221.4
48167723000,Galveston County,0.7439,4137,29.3738302,-94.9866832,34.0,"Eagle Point, Galveston, TX",10.0,0.34997044897959184,5.2628920444010125,0.8765432098765432,0.7443466079647789,0.9382716049382716,0.4400519135739996,0.7675578020062598,0.8607016061488745,1,0.7773249672408151,0,0.7421654627827264,0,0.7883177536661605,0,0.7718285740281423,0,1,171.6
48167723100,Galveston County,0.6883,3821,29.3910239,-95.0164301,34.0,"Eagle Point, Galveston, TX",7.0,0.23626742857142854,4.076661537378243,0.9135802469135803,0.6887132279367622,0.9567901234567902,0.2970820375297695,0.8202286406642224,0.849559365248779,1,0.7326048484867642,0,0.6709904507166098,0,0.7472353886700982,0,0.7252895783950972,0,1,262.6
48167723200,Galveston County,0.6086,5923,29.3727169,-95.0232028,34.0,"Eagle Point, Galveston, TX",11.0,0.16155844897959185,5.3398844243156445,0.8641975308641976,0.6089653792275366,0.9320987654320988,0.20314316490093867,0.764139197277779,0.8028454109502738,1,0.6460197548756884,0,0.5778889926231487,0,0.6583712134250723,0,0.6398440256009964,0,1,452.8
48167723300,Galveston County,0.3777,9365,29.4077754,-95.0618951,34.0,"Eagle Point, Galveston, TX",8.0,0.24996187755102042,2.9196986597223082,0.9012345679012346,0.3779267560536322,0.9506172839506173,0.3143014013257177,0.8715999421958379,0.7215410727918232,1,0.6278265734220264,0,0.5648177774638379,0,0.7111265125448245,0,0.5861766038606274,0,1,449.4
48167723401,Galveston County,0.5312,1966,29.4159751,-95.1700594,34.0,"Eagle Point, Galveston, TX",10.0,0.0714208163265306,2.64270872468242,0.8765432098765432,0.5315189113468081,0.9382716049382716,0.08980434486724245,0.8838988099892334,0.7755705275016861,1,0.618982880616875,0,0.5239599385617074,0,0.6481375370402307,0,0.6044055524051972,0,1,511.2
48167723402,Galveston County,0.1615,1596,29.4144608,-95.1215912,34.0,"Eagle Point, Galveston, TX",6.0,0.04300514285714286,2.457415056254273,0.9259259259259259,0.16159695817490496,0.962962962962963,0.0540745524743219,0.8921261931633652,0.6424165610477398,0,0.47013426130185576,0,0.3672112803154609,0,0.5729800290108394,0,0.418711377447364,0,0,778.6
48167723403,Galveston County,0.129,3569,29.3907653,-95.1081966,34.0,"Eagle Point, Galveston, TX",9.0,0.18550416326530614,4.094206812702288,0.8888888888888888,0.12907744646788075,0.9444444444444444,0.23325244248151322,0.8194495978387923,0.6182976452538189,0,0.48466440898615876,0,0.4150645664624597,0,0.6031933964922515,0,0.42539991523311244,0,0,748.8
48167723501,Galveston County,0.1089,1885,29.3592585,-95.0687489,34.0,"Eagle Point, Galveston, TX",10.0,0.07064946938775511,6.270154024290347,0.8765432098765432,0.10896537922753652,0.9382716049382716,0.08883445527391454,0.7228334984961386,0.6065491146539775,0,0.3992456590182472,0,0.31780481223830026,0,0.4960057522818175,0,0.3508656123864621,0,0,889.6
48167723503,Galveston County,0.4533,3002,29.3825245,-95.1538766,34.0,"Eagle Point, Galveston, TX",10.0,0.030190857142857144,4.6679930946265165,0.8765432098765432,0.45357214328597156,0.9382716049382716,0.03796190363183571,0.7939724207636262,0.7443918202773515,1,0.5434315874094029,0,0.4486752131826059,0,0.5733847354505468,0,0.528455013388831,0,1,669.4
48167723504,Galveston County,0.1714,2302,29.372477,-95.1143421,34.0,"Eagle Point, Galveston, TX",12.0,0.04819738775510204,5.356527850814714,0.8518518518518519,0.17150290174104463,0.9259259259259259,0.06060326742655209,0.7634001982159118,0.6241567162519734,0,0.4242574857847231,0,0.33638624067336326,0,0.5085090137992826,0,0.38213172177744337,0,0,853.8
48167723505,Galveston County,0.2602,2198,29.3291253,-95.109837,34.0,"Eagle Point, Galveston, TX",8.0,0.059145142857142854,8.351733700612114,0.9012345679012346,0.2603562137282369,0.9506172839506173,0.07436894563178109,0.6304074930645203,0.6745128558616651,1,0.43020985168045084,0,0.3535275898589855,0,0.4868277309978555,0,0.4019009120217485,0,1,839.4
48167723600,Galveston County,0.3089,4227,29.3036252,-95.0323847,34.0,"Eagle Point, Galveston, TX",5.0,0.0,10.11423169780051,0.9382716049382716,0.3090854512707625,0.9691358024691358,0.0,0.5521493070751169,0.7051156619897865,1,0.40772655158304616,0,0.3255266213041103,0,0.44060691835380744,0,0.3912863681976656,0,1,866.8
48167723700,Galveston County,0.8599,2727,29.3437883,-94.9829223,34.0,"Eagle Point, Galveston, TX",3.0,0.03778808163265306,7.3390467635517975,0.962962962962963,0.86041624974985,0.9814814814814815,0.04751463353898538,0.6753726747531974,0.9330553887888289,1,0.6855626966228928,0,0.5985908688444079,0,0.6272781789139071,0,0.7147049554773857,0,1,413.4
48167723800,Galveston County,0.1493,4419,29.3314807,-94.9436304,18.0,"Galveston Pier 21, TX",4.0,0.3070750204081632,8.197956683413357,0.9506172839506173,0.14938963378026815,0.6324466010890103,0.38611531555130557,0.6372354783626787,0.4392238141655134,0,0.3859495661363066,0,0.38025094703996637,0,0.46480287692165273,0,0.3465229107436335,0,0,996.4
48167723900,Galveston County,0.2514,2626,29.4855244,-94.577374,18.0,"Galveston Pier 21, TX",1.0,0.03970228571428572,22.54950649449238,0.9876543209876543,0.25155093055833505,0.6509651196075288,0.049921548670104725,0.0,0.4911994439878513,0,0.12793415341229758,0,0.1269927231249182,0,0.08672856103028509,0,0.14853694960330383,0,0,1077.2
48167724000,Galveston County,0.7237,3513,29.3510179,-94.823586,18.0,"Galveston Pier 21, TX",3.0,0.0,10.23123328316919,0.962962962962963,0.7241344806884131,0.6386194405951832,0.0,0.5469542192829924,0.6728254566324752,1,0.46867098485430714,0,0.4150687885298627,0,0.38351648624293855,0,0.5112482341599915,0,1,795.6
48167724101,Galveston County,0.7085,1064,29.3220243,-94.743232,18.0,"Galveston Pier 21, TX",0.0,0.046393959183673464,15.269135220581896,1.0,0.7089253552131279,0.6571379591137017,0.05833564112791723,0.32326201228851426,0.6778529175534722,1,0.4166281216244918,0,0.38882366374540783,0,0.3191957104282798,0,0.4653443272225979,0,1,843.2
48167724200,Galveston County,0.5113,3323,29.3200552,-94.7716394,18.0,"Galveston Pier 21, TX",8.0,0.35132848979591835,13.997115634485223,0.9012345679012346,0.5116069641785072,0.6077552430643189,0.4417595104916208,0.3797420454628595,0.5692959315099942,0,0.459930982313764,0,0.48620646936458833,0,0.4427056550255163,0,0.4685436459578879,0,0,829.6
48167724300,Galveston County,0.3878,3123,29.3077042,-94.7803622,18.0,"Galveston Pier 21, TX",12.0,0.6657830204081633,14.176800162653597,0.8518518518518519,0.3880328196918151,0.5830638850396276,0.837153802585127,0.3717637185386582,0.5050514589005026,0,0.52403141971974,0,0.6094816631019959,0,0.5693642863957149,0,0.5013649863817525,0,0,715.4
48167724400,Galveston County,0.8372,3704,29.299008,-94.7843945,18.0,"Galveston Pier 21, TX",9.0,0.6274939591836735,14.4314187559009,0.8888888888888888,0.8377026215729438,0.6015824035581461,0.7890092386371825,0.3604581798892559,0.6960304907640651,1,0.6910880601078291,0,0.7690574068153655,0,0.6422165396194575,0,0.7155238203520149,0,1,324.0
48167724500,Galveston County,0.4253,946,29.3037509,-94.7945196,18.0,"Galveston Pier 21, TX",12.0,0.7534342857142856,13.774810235739302,0.8518518518518519,0.42555533319992,0.5830638850396276,0.9473662709166765,0.3896128182349474,0.5200604643037445,0,0.5791227402551037,0,0.6787711805921334,0,0.6303118759401649,0,0.5535281724125731,0,0,582.8
48167724600,Galveston County,0.9685,1724,29.2976535,-94.8080731,18.0,"Galveston Pier 21, TX",9.0,0.6148297142857143,13.558349502118618,0.8888888888888888,0.9690814488693217,0.6015824035581461,0.7730852507188721,0.39922407701544715,0.7485820216826162,1,0.750788938150496,0,0.8231848891716484,0,0.6780247679108874,0,0.7871710232703002,0,1,209.6
48167724700,Galveston County,0.8146,1791,29.2946041,-94.7998089,18.0,"Galveston Pier 21, TX",6.0,0.614024,14.037929560344478,0.9259259259259259,0.8150890534320593,0.6201009220766646,0.7720721477147292,0.37792983131796587,0.6980961746188225,1,0.6880061044024579,0,0.7604940166265779,0,0.6456451213925909,0,0.7091865959073915,0,1,331.0
48167724800,Galveston County,0.4382,1490,29.2920594,-94.7927922,18.0,"Galveston Pier 21, TX",11.0,0.6054676734693878,14.44618135535993,0.8641975308641976,0.438463077846708,0.5892367245458004,0.7613134454473287,0.3598026930427489,0.5289272658661635,0,0.5186543981365089,0,0.593781236252152,0,0.5453848382331092,0,0.5052891780882087,0,0,725.6
48167724900,Galveston County,0.6637,1614,29.28692,-94.8013962,18.0,"Galveston Pier 21, TX",9.0,0.6105109387755102,14.388638984818277,0.8888888888888888,0.6640984590754453,0.6015824035581461,0.7676548338562397,0.3623576812148226,0.6265888257650658,0,0.6155571555096873,0,0.6903190925346196,0,0.5993767209877678,0,0.6236473727706469,0,0,474.6
48167725000,Galveston County,0.7247,1787,29.2831185,-94.808191,18.0,"Galveston Pier 21, TX",9.0,0.6436513469387755,14.348142289760194,0.8888888888888888,0.7251350810486292,0.6015824035581461,0.8093254951117523,0.36415580972269446,0.6510034745543394,0,0.6535772111086694,0,0.7341291109189776,0,0.6297245877953495,0,0.6655035227653294,0,0,394.4
48167725100,Galveston County,0.9022,1887,29.2907716,-94.8095777,18.0,"Galveston Pier 21, TX",6.0,0.6305177959183673,13.875519765444027,0.9259259259259259,0.9027416449869923,0.6201009220766646,0.792811402920816,0.3851411279867256,0.7331572112407957,1,0.7318154551800158,0,0.8066469359485986,0,0.6748400585776904,0,0.7603031534811786,0,1,243.0
48167725200,Galveston County,0.8895,1730,29.288466,-94.825915,18.0,"Galveston Pier 21, TX",8.0,0.6525297142857143,13.431096489101026,0.9012345679012346,0.8900340204122473,0.6077552430643189,0.8204891306467662,0.40487434724345817,0.7206667540034903,1,0.7377075725499589,0,0.815857184659728,0,0.6869320899291962,0,0.7630953138603402,0,1,226.2
48167725300,Galveston County,0.4452,2038,29.2861118,-94.8267611,18.0,"Galveston Pier 21, TX",8.0,0.5769657142857142,13.538622684482023,0.9012345679012346,0.4454672803682209,0.6077552430643189,0.7254751576263048,0.4000999843730988,0.5428400579858798,0,0.5286478720698666,0,0.5936531437791408,0,0.5563747359704152,0,0.5147844401195923,0,0,704.2
48167725400,Galveston County,0.5575,3947,29.2819218,-94.8208616,18.0,"Galveston Pier 21, TX",9.0,0.6209513469387756,13.97625025483418,0.8888888888888888,0.5578347008204924,0.6015824035581461,0.7807825753673706,0.3806685070895255,0.5840833224630846,0,0.5828916891888828,0,0.657966109858517,0,0.5912440186450131,0,0.5787155244608178,0,0,558.0
48167725500,Galveston County,0.1906,1055,29.2753211,-94.8191357,18.0,"Galveston Pier 21, TX",8.0,0.5794270204081633,14.414144115024502,0.9012345679012346,0.19071442865719432,0.6077552430643189,0.7285699974113012,0.3612252060423419,0.4409389173014691,0,0.41554787762874296,0,0.48430610623809983,0,0.4904923606192592,0,0.3780756361334849,0,0,936.4
48167725600,Galveston County,0.6439,4527,29.2676962,-94.8320423,18.0,"Galveston Pier 21, TX",9.0,0.5617021224489795,14.461004406812028,0.8888888888888888,0.644286571943166,0.6015824035581461,0.706282757766969,0.35914452201542335,0.618664070912154,0,0.5874177039793154,0,0.6537003705707849,0,0.5684614146580318,0,0.5968958486399571,0,0,540.0
48167725700,Galveston County,0.1187,2314,29.2665918,-94.8465954,18.0,"Galveston Pier 21, TX",6.0,0.4195624489795918,14.11972407607057,0.9259259259259259,0.1187712627576546,0.6201009220766646,0.5275567096467318,0.3742980028365622,0.41956905834906055,0,0.3318107455039201,0,0.3697348489703509,0,0.40282390641934196,0,0.29630416504620916,0,0,1048.4
48167725800,Galveston County,0.7281,5107,29.2834323,-94.8633315,18.0,"Galveston Pier 21, TX",6.0,0.26477991836734693,12.636816420373439,0.9259259259259259,0.728537122273364,0.6201009220766646,0.33293356651467726,0.4401418581542893,0.6634754021553444,1,0.5354101332409016,0,0.5399678298281045,0,0.4710344702300807,0,0.567597964746312,0,1,666.8
48167725900,Galveston County,0.3943,2931,29.2607101,-94.8608274,18.0,"Galveston Pier 21, TX",3.0,0.16025404081632655,14.138387440497942,0.962962962962963,0.39453672203321993,0.6386194405951832,0.20150300553891232,0.3734693147774125,0.5409863531703978,0,0.34560133793033443,0,0.33551621779223717,0,0.32928954322937265,0,0.3537572352808154,0,0,988.2
48167726000,Galveston County,0.0789,1381,29.2523177,-94.9240727,18.0,"Galveston Pier 21, TX",0.0,0.0,13.747642853942194,1.0,0.07894736842105263,0.6571379591137017,0.0,0.39081910046670865,0.42586172283664203,0,0.16752317101926772,0,0.12564390796668998,0,0.19704843855200613,0,0.15276053725289856,0,0,1102.8
48167726101,Galveston County,0.0539,2021,29.2104388,-94.973165,18.0,"Galveston Pier 21, TX",0.0,0.0,13.699572813594145,1.0,0.053932359415649396,0.6571379591137017,0.0,0.39295349957755976,0.4158557192344807,0,0.15818521841083047,0,0.11612413559015866,0,0.19293617140922414,0,0.14080974191163362,0,0,1108.8
48167726102,Galveston County,0.1182,1351,29.1603748,-95.0432919,18.0,"Galveston Pier 21, TX",0.0,0.0,9.841961055149083,1.0,0.11827096257754653,0.6571379591137017,0.0,0.5642386295175026,0.44159116049923963,0,0.23753162712998382,0,0.18087954188370142,0,0.2772851819807963,0,0.21765484970457763,0,0,1088.8
48167726200,Galveston County,0.6835,2748,29.3590201,-94.9128392,18.0,"Galveston Pier 21, TX",6.0,0.21439355102040814,6.672282419363417,0.9259259259259259,0.6839103462077246,0.6201009220766646,0.2695778819598483,0.7049782505563109,0.6456246917290887,0,0.5806213808192405,0,0.5535829774150796,0,0.5461917256897458,0,0.5978362083839879,0,0,595.6
48201100001,Harris County,0.4511,5256,29.7547559,-95.3621919,10.667,"Morgans Point, TX",23.0,0.735481469387755,0.3475233235214613,0.7160493827160495,0.45137082249349614,0.3580246913580247,0.9247924473222363,0.9858093065065344,0.39536314381221327,0,0.6985529610868827,0,0.7633646816214583,0,0.7809470072846783,0,0.657355937987985,0,0,400.8
48201210400,Harris County,0.9149,3983,29.7864417,-95.3621992,10.667,"Morgans Point, TX",16.0,0.5215222040816326,0.9185957890739297,0.8024691358024691,0.9154492695617371,0.4012345679012346,0.6557606350667489,0.9604526279208423,0.6069204485654356,0,0.8055673080615608,0,0.8304884430108492,0,0.768939987561502,0,0.8238809683115902,0,0,125.4
48201210500,Harris County,0.9934,4711,29.7952549,-95.3603917,10.667,"Morgans Point, TX",18.0,0.5702112653061225,1.5074169433082236,0.7777777777777778,0.9939963978387032,0.3888888888888889,0.7169821314085951,0.9343078745786704,0.6309318924688146,0,0.8441008127696137,1,0.8810322818162879,0,0.7941356177465838,0,0.8690834102811286,1,2,61.6
48201210600,Harris County,0.3533,5821,29.8070404,-95.3653598,10.667,"Morgans Point, TX",23.0,0.5735379591836736,2.064286354814493,0.7160493827160495,0.3535121072643586,0.3580246913580247,0.7211651074597434,0.9095818379834588,0.3562196577205583,0,0.5718170083895446,0,0.614080539868127,0,0.6445853087646067,0,0.5354328582020137,0,0,686.0
48201210700,Harris County,0.7817,2534,29.8067305,-95.3535208,10.667,"Morgans Point, TX",20.0,0.548436,2.3953695390090832,0.7530864197530864,0.7821693015809486,0.3765432098765432,0.689601970613649,0.8948811294164155,0.5387936465583054,0,0.734595805847914,0,0.7720325297442827,0,0.7187379739369024,0,0.7425247218034197,0,0,309.8
48201210800,Harris County,0.9165,2106,29.7943827,-95.3450894,10.667,"Morgans Point, TX",18.0,0.6720340408163265,1.907285966935137,0.7777777777777778,0.9170502301380828,0.3888888888888889,0.8450138190534394,0.9165529469292114,0.6001534253885665,0,0.8478381486266174,1,0.9045421659562883,1,0.8247674547894625,1,0.859373495545195,1,4,66.0
48201210900,Harris County,0.7988,1676,29.8041585,-95.3312426,10.667,"Morgans Point, TX",19.0,0.4941031020408163,2.4824523336127404,0.7654320987654322,0.7992795677406443,0.3827160493827161,0.6212839289427824,0.8910144915266468,0.5493414567258874,0,0.7207786989886897,0,0.7482753383075151,0,0.6946117427380383,0,0.7338621771140155,0,0,342.0
48201211000,Harris County,0.9239,1813,29.7970912,-95.3321489,10.667,"Morgans Point, TX",16.0,0.49419387755102046,2.508627758835189,0.8024691358024691,0.9244546728036823,0.4012345679012346,0.6213980698283557,0.8898522540099643,0.6105226098622136,0,0.7763168526914851,0,0.8023512682033751,0,0.7269375793207528,0,0.8010064893768514,0,0,188.0
48201211101,Harris County,0.97,3240,29.7870574,-95.3359408,10.667,"Morgans Point, TX",17.0,0.5952206530612245,1.8630080384592198,0.7901234567901234,0.9705823494096458,0.3950617283950617,0.7484288691861284,0.9185189692267809,0.6252699768008954,0,0.8415680308010656,1,0.8838036334964541,0,0.7985632579315388,0,0.8630704172358289,1,2,64.8
48201211102,Harris County,0.9114,2215,29.7870675,-95.3275202,10.667,"Morgans Point, TX",18.0,0.5311788571428571,2.038211989796721,0.7777777777777778,0.9119471683009807,0.3888888888888889,0.6679028849929985,0.9107395882392727,0.5981122006537256,0,0.7885429853350716,0,0.820482368072603,0,0.7474082576797686,0,0.8091103491627232,0,0,161.0
48201211200,Harris County,0.9592,2207,29.7981731,-95.3203735,10.667,"Morgans Point, TX",20.0,0.47349110204081624,2.5154666948938234,0.7530864197530864,0.9597758655193117,0.3765432098765432,0.5953664548559453,0.889548592541469,0.6098362721336505,0,0.774474373976719,0,0.7989253306168258,0,0.7127072101291883,0,0.8053579559004845,0,0,197.8
48201211301,Harris County,0.959,2590,29.7764213,-95.3335041,10.667,"Morgans Point, TX",20.0,0.5686261224489796,1.2800156238072218,0.7530864197530864,0.9595757454472683,0.3765432098765432,0.7149889769876784,0.9444049157010626,0.6097562241048333,0,0.8290049024741502,0,0.8658436558606275,0,0.7854812881497775,0,0.8507667096363365,0,0,89.6
48201211302,Harris County,0.8583,2704,29.7781578,-95.3230968,10.667,"Morgans Point, TX",17.0,0.5885150204081633,1.4420178582442196,0.7901234567901234,0.8588152891735041,0.3950617283950617,0.7399972244878185,0.9372117154741721,0.5805631527064387,0,0.8000728549179097,0,0.8395135726222709,0,0.7804920434993782,0,0.8098632606271754,0,0,149.6
48201211400,Harris County,0.7123,4127,29.7658176,-95.3288618,10.667,"Morgans Point, TX",18.0,0.611286693877551,0.568649106591688,0.7777777777777778,0.7127276365819493,0.3888888888888889,0.7686302662623561,0.9759909108623023,0.518424387966113,0,0.7608052683482202,0,0.801552089443108,0,0.7768311456036439,0,0.7527923297205084,0,0,258.2
48201211501,Harris County,0.9373,3034,29.7638631,-95.2929525,10.667,"Morgans Point, TX",15.0,0.5460191836734694,0.5847857624775972,0.8148148148148149,0.9378627176305784,0.40740740740740744,0.6865630721799452,0.9752744133572947,0.6195895314966758,0,0.8307447811765325,0,0.858270572823216,0,0.7950388023585171,0,0.8485977705855401,0,0,81.6
48201211502,Harris County,0.7584,2909,29.7646425,-95.307671,10.667,"Morgans Point, TX",15.0,0.7006503673469386,0.5816553546976732,0.8148148148148149,0.7588553131879128,0.40740740740740744,0.8809959120729236,0.9754134092793636,0.5479865697196096,0,0.8200413520155185,0,0.8752856297117674,0,0.8404366982913871,1,0.8098436788775842,0,1,141.2
48201211600,Harris County,0.8736,2945,29.7809192,-95.3115924,10.667,"Morgans Point, TX",18.0,0.5885884897959184,1.6814000179809736,0.7777777777777778,0.8741244746848109,0.3888888888888889,0.7400896047009622,0.9265827027835997,0.5829831232072578,0,0.8009665890861486,0,0.8418517556986922,0,0.7765806272199278,0,0.813159570019259,0,0,145.6
48201211700,Harris County,0.9622,3707,29.7965959,-95.3043165,10.667,"Morgans Point, TX",16.0,0.6490555918367348,2.322487275731061,0.8024691358024691,0.9627776665999601,0.4012345679012346,0.816120778301243,0.898117237329184,0.6258518073807248,0,0.855179682943468,1,0.9082817100643753,1,0.8193136883913039,1,0.87311268021955,1,4,44.8
48201211900,Harris County,0.8571,5157,29.783817,-95.2995098,10.667,"Morgans Point, TX",18.0,0.6303055510204081,1.9303430424047936,0.7777777777777778,0.8576145687412448,0.3888888888888889,0.7925445267495118,0.9155291699357881,0.5763791608298312,0,0.8073209525703174,0,0.85662892537845,0,0.7905564138466752,0,0.8157032219321387,0,0,137.2
48201212300,Harris County,0.8327,4554,29.7747755,-95.3550489,10.667,"Morgans Point, TX",19.0,0.7092080000000001,0.4438970740793886,0.7654320987654322,0.8331999199519712,0.3827160493827161,0.8917562566552246,0.9815301329087828,0.5629095976104181,0,0.8473333803238892,1,0.9056946045472636,1,0.8520445337811953,1,0.8449778035952362,0,3,97.0
48201212400,Harris County,0.7922,3198,29.7863474,-95.2850878,10.667,"Morgans Point, TX",14.0,0.6934013061224489,2.1657301346550133,0.8271604938271605,0.792675605363218,0.41358024691358025,0.871880961731394,0.9050775456648906,0.5652183902934353,0,0.8106340097203808,0,0.8700440551025104,0,0.8166201445061019,0,0.8076409423275204,0,0,140.4
48201212500,Harris County,0.718,3517,29.7520836,-95.2767055,10.667,"Morgans Point, TX",21.0,0.3083986122448979,0.19063860828974138,0.7407407407407407,0.7184310586351811,0.37037037037037035,0.38777959641343057,0.9927752793717995,0.5095946456762946,0,0.643340443596601,0,0.6299174497904625,0,0.6183102385837409,0,0.655855546103031,0,0,547.6
48201220100,Harris County,0.8215,1571,29.8151628,-95.3434635,10.667,"Morgans Point, TX",18.0,0.5352417959183673,2.1891802516818677,0.7777777777777778,0.8219931959175506,0.3888888888888889,0.6730116134245283,0.9040363168960135,0.5621306117003536,0,0.752062316349619,0,0.7853013354555303,0,0.7287520231603084,0,0.7637174629442742,0,0,263.2
48201220200,Harris County,0.8067,2313,29.8165562,-95.3649369,10.667,"Morgans Point, TX",22.0,0.5946574693877551,2.6427366307077422,0.7283950617283951,0.8071843105863519,0.36419753086419754,0.7477207235300409,0.8838975709098567,0.5413922427530593,0,0.7554906681524203,0,0.803203694512294,0,0.7382594540077765,0,0.7641062752247423,0,0,259.4
48201220300,Harris County,0.794,4162,29.8242369,-95.3656588,10.667,"Morgans Point, TX",25.0,0.5079271020408163,2.3122618007108304,0.691358024691358,0.794476686011607,0.345679012345679,0.6386661898479072,0.8985712674201344,0.5251980818120502,0,0.7150709625038825,0,0.7475579776000025,0,0.6886023880013076,0,0.7283052497551699,0,0,368.8
48201220400,Harris County,0.9202,4895,29.831578,-95.3663222,10.667,"Morgans Point, TX",23.0,0.511820081632653,1.8909966709467558,0.7160493827160495,0.9207524514708826,0.3580246913580247,0.6435612120530312,0.9172762219383909,0.5831157954031678,0,0.7768319906880988,0,0.8073720793061994,0,0.7288585037605043,0,0.8008187341518962,0,0,204.2
48201220500,Harris County,0.9994,3310,29.8362058,-95.3814642,10.667,"Morgans Point, TX",24.0,0.6466275102040816,2.0505626690541265,0.7037037037037037,1.0,0.35185185185185186,0.8130677149015237,0.9101911951313297,0.6111111111111112,0,0.8574356673284401,1,0.9132804253018727,1,0.8099142231045868,0,0.8811963894403667,1,3,52.8
48201220600,Harris County,0.9486,3137,29.8418052,-95.3668801,10.667,"Morgans Point, TX",24.0,0.5035584489795919,1.2972396882421722,0.7037037037037037,0.9491695017010207,0.35185185185185186,0.6331730570850185,0.9436401352359534,0.5907789117915194,0,0.791267051217502,0,0.8186055784619581,0,0.7386329010563293,0,0.8175841262980885,0,0,167.2
48201220701,Harris County,0.9867,3039,29.8413115,-95.350702,10.667,"Morgans Point, TX",25.0,0.40455730612244895,0.8452166616118222,0.691358024691358,0.9872923754252552,0.345679012345679,0.5086892828482996,0.9637107975266123,0.6023243575775095,0,0.7719036231512946,0,0.7803041805169457,0,0.7001073723933078,0,0.807801748530288,0,0,218.8
48201220702,Harris County,0.9004,3541,29.8274619,-95.3485071,10.667,"Morgans Point, TX",26.0,0.4195671020408163,1.603822902256939,0.6790123456790124,0.9009405643386031,0.3395061728395062,0.5275625603935644,0.930027270868521,0.564079929439145,0,0.7307953485653726,0,0.7452828261855546,0,0.6740802766409624,0,0.7591528845275777,0,0,334.0
48201220800,Harris County,0.995,3897,29.8308466,-95.3387038,10.667,"Morgans Point, TX",25.0,0.5334021224489796,1.1083543772826825,0.691358024691358,0.995597358415049,0.345679012345679,0.6706984128874093,0.9520269940121417,0.605646350773427,0,0.8222763217453362,0,0.854778173753234,0,0.7645026428554319,0,0.8511631611902883,0,0,105.6
48201220900,Harris County,0.96,1670,29.8488405,-95.3376376,10.667,"Morgans Point, TX",25.0,0.5522993469387755,0.16266962083702627,0.691358024691358,0.9605763458074845,0.345679012345679,0.6944597327994715,0.9940171543841408,0.5916379457304012,0,0.8288476393602144,0,0.8611614182042764,0,0.7849380705444576,0,0.8508024237680927,0,0,103.6
48201221000,Harris County,0.8452,3827,29.8603325,-95.3448895,10.667,"Morgans Point, TX",23.0,0.40067926530612247,0.4790945395251118,0.7160493827160495,0.8457074244546728,0.3580246913580247,0.5038130446198483,0.9799673000422484,0.553097784596684,0,0.7226956859607514,0,0.7279642963700753,0,0.6816917731294444,0,0.7431976423764051,0,0,353.6
48201221100,Harris County,0.8032,3702,29.860055,-95.3546869,10.667,"Morgans Point, TX",24.0,0.38974734693877544,0.17752957703243447,0.7037037037037037,0.8036822093255954,0.35185185185185186,0.4900672794827857,0.9933573447176393,0.5325839948413493,0,0.7038422093586221,0,0.7065355755493137,0,0.6705622093696308,0,0.7204822093531176,0,0,403.0
48201221200,Harris County,0.6829,5609,29.8645953,-95.3740348,10.667,"Morgans Point, TX",30.0,0.413586693877551,0.15436241831653918,0.6296296296296297,0.683309985991595,0.3148148148148148,0.5200428110436645,0.9943860096117422,0.4622128832855269,0,0.6538050859429652,0,0.6638410006971647,0,0.6439701192600886,0,0.6587225692844034,0,0,525.4
48201221301,Harris County,0.5919,4241,29.8524559,-95.3782561,10.667,"Morgans Point, TX",26.0,0.4196162448979592,0.9648297370145043,0.6790123456790124,0.5922553532119271,0.3395061728395062,0.5276243524916894,0.9583997547245438,0.44060584498847455,0,0.616220980297313,0,0.6283003477443925,0,0.6242095226591082,0,0.6122267091164153,0,0,606.8
48201221302,Harris County,0.7577,3647,29.8523203,-95.3662381,10.667,"Morgans Point, TX",28.0,0.4383355102040816,0.6490715997045924,0.654320987654321,0.7581548929357615,0.3271604938271605,0.5511619069985813,0.9724200027342924,0.49955825347060095,0,0.6904720026979948,0,0.7057656853556773,0,0.6679110392854058,0,0.7017524844042893,0,0,437.2
48201221400,Harris County,0.965,6414,29.8534357,-95.391567,10.667,"Morgans Point, TX",25.0,0.5348881632653062,1.2729600931255411,0.691358024691358,0.9655793476085651,0.345679012345679,0.6725669566652633,0.9447181943732776,0.5936391464508335,0,0.8085663579362043,0,0.8419573081360114,0,0.756228694712084,0,0.8347351895482644,0,0,127.4
48201221501,Harris County,0.9959,5636,29.8620041,-95.3929558,10.667,"Morgans Point, TX",27.0,0.44313591836734695,0.7894169123663837,0.6666666666666667,0.9964978987392435,0.33333333333333337,0.5571979274807116,0.9661884100751528,0.5985991594956974,0,0.787680045088005,0,0.8038395996756058,0,0.7180740938709257,0,0.8224830206965448,0,0,181.2
48201221502,Harris County,0.7149,3321,29.8672178,-95.4021729,10.667,"Morgans Point, TX",29.0,0.6167448979591836,0.7187311297172934,0.6419753086419753,0.7153291975185111,0.32098765432098764,0.7754933975861666,0.9693269901666953,0.478724271599997,0,0.740655664456676,0,0.788733183436466,0,0.7490978201027311,0,0.7364345866336486,0,0,312.6
48201221601,Harris County,0.6612,3277,29.8927029,-95.4068945,10.667,"Morgans Point, TX",30.0,0.5767571428571429,0.7476673534417454,0.6296296296296297,0.6615969581749049,0.3148148148148148,0.7252129004656579,0.968042168066658,0.45352767215885087,0,0.7010911559092943,0,0.7426328732953744,0,0.714255888487424,0,0.6945087896202293,0,0,406.8
48201221602,Harris County,0.7395,5411,29.8792764,-95.4010173,10.667,"Morgans Point, TX",27.0,0.40936220408163265,0.12015105110041102,0.6666666666666667,0.739943966379828,0.33333333333333337,0.5147309487878998,0.9959050578846042,0.4959775865519312,0,0.6810677137272048,0,0.688639132758958,0,0.6614422961763305,0,0.690880422502642,0,0,459.2
48201221701,Harris County,0.9029,5488,29.8768807,-95.3797448,10.667,"Morgans Point, TX",27.0,0.3137596734693877,0.5079874343469932,0.6666666666666667,0.9034420652391436,0.33333333333333337,0.39452058056652883,0.978684401825995,0.5613768260956575,0,0.7034520682515399,0,0.6953458393963263,0,0.6367887359223388,0,0.7367837344161405,0,0,408.2
48201221702,Harris County,0.5124,3003,29.8877924,-95.3825019,10.667,"Morgans Point, TX",29.0,0.3237297142857143,1.0953802790023943,0.6419753086419753,0.5127076245747448,0.32098765432098764,0.40705688342417734,0.9526030680830816,0.39767564242249054,0,0.5390546929974815,0,0.5360098346787321,0,0.5478370491383938,0,0.5346635149270254,0,0,788.2
48201221800,Harris County,0.876,4597,29.882525,-95.3610554,10.667,"Morgans Point, TX",27.0,0.46320228571428573,0.889885484509246,0.6666666666666667,0.8765259155493297,0.33333333333333337,0.5824293245179345,0.9617274187904034,0.5506103662197319,0,0.746192233813226,0,0.766330342695315,0,0.7027476732345247,0,0.7679145141025765,0,0,295.6
48201221900,Harris County,0.8669,5231,29.8818677,-95.3491038,10.667,"Morgans Point, TX",22.0,0.45602163265306117,0.5243874960961566,0.7283950617283951,0.8674204522713629,0.36419753086419754,0.5734003904193097,0.977956208611222,0.5654866994270638,0,0.75446381311691,0,0.7693025630503398,0,0.7168116000654258,0,0.7732899196426521,0,0,266.6
48201222000,Harris County,0.889,2349,29.8680795,-95.336921,10.667,"Morgans Point, TX",22.0,0.49688963265306124,0.8628429199408035,0.7283950617283951,0.8895337202321394,0.36419753086419754,0.6247877051379617,0.9629281589052877,0.5743320066113743,0,0.7746892989188622,0,0.7981371622047938,0,0.7364078251477698,0,0.7938300358044084,0,0,216.4
48201222100,Harris County,0.9171,4750,29.8789474,-95.3349019,10.667,"Morgans Point, TX",23.0,0.4973115918367347,0.27020406418734333,0.7160493827160495,0.9176505903542126,0.3580246913580247,0.6253182754954505,0.989242425288618,0.5818750509564998,0,0.7924062278371724,0,0.8142140052318364,0,0.750658106998159,0,0.8132802882566791,0,0,171.2
48201222200,Harris County,0.9208,3044,29.8931361,-95.3251662,10.667,"Morgans Point, TX",25.0,0.3730137142857143,0.9227313984398694,0.691358024691358,0.9213528116870122,0.345679012345679,0.4690264542031252,0.9602689991805795,0.5759485320822123,0,0.7320363710764124,0,0.7350733427646859,0,0.6689308908728792,0,0.763589111178179,0,0,327.4
48201222300,Harris County,0.8328,4984,29.8959119,-95.3513748,10.667,"Morgans Point, TX",33.0,0.08783934693877553,0.24449794457997695,0.5925925925925926,0.8332999799879928,0.2962962962962963,0.1104489616771977,0.9903838247639697,0.5110977697729748,0,0.5785524531948691,0,0.5320898663300876,0,0.4936366109304946,0,0.6210103743270564,0,0,706.2
48201222401,Harris County,0.8991,2937,29.9005904,-95.3964095,10.667,"Morgans Point, TX",29.0,0.4734925714285714,1.0137854145781446,0.6419753086419753,0.8996397838703223,0.32098765432098764,0.5953683024602082,0.9562260316757094,0.5524485061407215,0,0.753901586166443,0,0.7774053835565005,0,0.7053221869318166,0,0.7781912857837562,0,0,279.6
48201222402,Harris County,0.9407,6678,29.9111893,-95.3889139,10.667,"Morgans Point, TX",29.0,0.3838721632653061,0.22361357472250357,0.6419753086419753,0.9412647588553132,0.32098765432098764,0.48267983912704393,0.9913111295910871,0.5690984961347179,0,0.7462623019004777,0,0.7507055479951267,0,0.6812614829155326,0,0.7787627113929503,0,0,300.4
48201222501,Harris County,0.898,3233,29.9283143,-95.4058397,10.667,"Morgans Point, TX",30.0,0.6290122448979591,0.5045770931867143,0.6296296296296297,0.8985391234740845,0.3148148148148148,0.7909183270641383,0.9788358273102987,0.5483045382785228,0,0.8198116650224407,0,0.869804933932592,0,0.7935691788718928,0,0.8329329080977146,0,0,143.4
48201222502,Harris County,0.818,3719,29.9253365,-95.3885504,10.667,"Morgans Point, TX",26.0,0.4281018775510204,0.6853328566306682,0.6790123456790124,0.818491094656794,0.3395061728395062,0.5382941644651094,0.9708099355493893,0.5311001415664214,0,0.7139391423864649,0,0.7264830887446962,0,0.6790884916296887,0,0.7313644677648532,0,0,383.2
48201222504,Harris County,0.8859,3571,29.9230752,-95.404839,10.667,"Morgans Point, TX",29.0,0.6156822857142856,0.14240812972088251,0.6419753086419753,0.8864318591154693,0.32098765432098764,0.7741572717700643,0.9949168022377664,0.5471653362387803,0,0.8166879518999149,0,0.8623950305633914,0,0.7934399828280636,0,0.8283119364358407,0,0,148.0
48201222505,Harris County,0.6668,3351,29.9203357,-95.4033164,10.667,"Morgans Point, TX",28.0,0.580487836734694,0.12118115773177283,0.654320987654321,0.6672003201921153,0.3271604938271605,0.7299038650444155,0.9958593192361207,0.46317642437314244,0,0.7173714037543928,0,0.7561608649784803,0,0.734095098275152,0,0.7090095564940132,0,0,369.2
48201222601,Harris County,0.972,2082,29.9350797,-95.3903481,10.667,"Morgans Point, TX",27.0,0.4690761632653061,1.1914849130812193,0.6666666666666667,0.972583550130078,0.33333333333333337,0.5898151225587759,0.94833584375705,0.5890334200520313,0,0.7827355242650331,0,0.8050677750907953,0,0.7194528489766849,0,0.8143768619092073,0,0,194.0
48201222602,Harris County,0.9643,2459,29.9364914,-95.4060248,10.667,"Morgans Point, TX",30.0,0.6124550204081632,1.0295333766802668,0.6296296296296297,0.9648789273564139,0.3148148148148148,0.770099316940704,0.9555267928969375,0.5748404598314545,0,0.8325358379412808,0,0.8815454567112503,0,0.7884214748029031,0,0.8545930195104696,0,0,110.2
48201222701,Harris County,0.9094,2597,29.9351146,-95.3049006,10.667,"Morgans Point, TX",24.0,0.49268106122448985,4.008668537842564,0.7037037037037037,0.9099459675805484,0.35185185185185186,0.6194958585950449,0.8232476561820437,0.5750894981433304,0,0.7336148289942402,0,0.7692583806384904,0,0.6748377827988042,0,0.7630033520919582,0,0,306.0
48201222702,Harris County,0.7321,3832,29.9351531,-95.3408688,10.667,"Morgans Point, TX",28.0,0.4231389387755102,2.8262790322135953,0.654320987654321,0.7325395237142286,0.3271604938271605,0.5320537784225688,0.8757479472411204,0.48931210578198775,0,0.6439875214063816,0,0.6647910252500624,0,0.614470187303766,0,0.6587461884576895,0,0,541.6
48201222800,Harris County,0.8228,4350,29.9234175,-95.3657928,10.667,"Morgans Point, TX",25.0,0.4646290612244897,1.3327197836675466,0.691358024691358,0.8232939763858315,0.345679012345679,0.5842233482571856,0.9420647530731651,0.53672499796174,0,0.7231708119547411,0,0.7441880882791376,0,0.6897964238110444,0,0.7398580060265896,0,0,353.2
48201222900,Harris County,0.83,8047,29.9142916,-95.3450125,10.667,"Morgans Point, TX",24.0,0.2988271836734694,1.4865158070731228,0.7037037037037037,0.8304982989793877,0.35185185185185186,0.37574450753442756,0.9352359238641081,0.5433104307028662,0,0.6605948997394722,0,0.651934466983077,0,0.603960433326167,0,0.6889121329461247,0,0,502.4
48201223001,Harris County,0.7836,4117,29.9164122,-95.3150362,10.667,"Morgans Point, TX",20.0,0.11191012244897959,2.5951123832787246,0.7530864197530864,0.7840704422653593,0.3765432098765432,0.1407154909094791,0.8860121759867707,0.5395541028320696,0,0.5607829738056811,0,0.5206921249948793,0,0.48635381765245506,0,0.5979975518822941,0,0,719.4
48201223002,Harris County,0.916,2902,29.906774,-95.327696,10.667,"Morgans Point, TX",25.0,0.5044817959183673,1.629753142087737,0.691358024691358,0.9165499299579749,0.345679012345679,0.6343340710748725,0.9288759200388091,0.5740273793905973,0,0.7720294693558497,0,0.8013171149120835,0,0.7238559824884747,0,0.7961162127895373,0,0,223.4
48201223100,Harris County,0.7761,2433,29.923702,-95.3245866,10.667,"Morgans Point, TX",25.0,0.479274612244898,2.6998523662619798,0.691358024691358,0.7765659395637383,0.345679012345679,0.6026386252346202,0.8813615261239588,0.5180337832329027,0,0.6912437844589425,0,0.7200585096613321,0,0.6628030660906774,0,0.7054641436430752,0,0,423.0
48201230100,Harris County,0.9233,1380,29.8138484,-95.330229,10.667,"Morgans Point, TX",20.0,0.5578770612244898,1.8718634993747785,0.7530864197530864,0.9238543125875526,0.3765432098765432,0.7014731359366625,0.9181257703077141,0.5954676509609469,0,0.8022607955436185,0,0.8394104988567492,0,0.7617296231956405,0,0.8225263817176076,0,0,133.6
48201230200,Harris County,0.9738,4860,29.8199173,-95.3073371,10.667,"Morgans Point, TX",20.0,0.3866378775510204,0.8238664419846138,0.7530864197530864,0.9743846307784672,0.3765432098765432,0.4861574409284992,0.9646587869491058,0.6156797782373128,0,0.7696452040334253,0,0.7721222978678547,0,0.7013987284517447,0,0.8037684418242657,0,0,216.4
48201230300,Harris County,0.9473,2126,29.8347332,-95.3127198,10.667,"Morgans Point, TX",23.0,0.33136595918367345,0.16405445272558364,0.7160493827160495,0.9478687212327397,0.3580246913580247,0.41665867748897445,0.9939556652751196,0.5939623033079107,0,0.7406597920798441,0,0.7323067002012659,0,0.671590149028879,0,0.7751946136053267,0,0,297.4
48201230400,Harris County,0.906,3923,29.8305873,-95.325201,10.667,"Morgans Point, TX",24.0,0.39792236734693875,0.721211136992445,0.7037037037037037,0.9065439263558136,0.35185185185185186,0.5003465284439703,0.9692168732355536,0.5737286816534366,0,0.7406484369611639,0,0.7468642634297764,0,0.6853499404962806,0,0.7682976851936055,0,0,304.0
48201230500,Harris County,0.8397,4078,29.8484539,-95.3283761,10.667,"Morgans Point, TX",23.0,0.4327763265306122,0.25772480166971673,0.7160493827160495,0.8402041224734841,0.3580246913580247,0.5441718042040388,0.9897965277322367,0.5508964638042084,0,0.7362028306567919,0,0.7463901654400387,0,0.7015357333845612,0,0.7535363792929073,0,0,318.8
48201230600,Harris County,0.9796,2983,29.8448725,-95.3092658,10.667,"Morgans Point, TX",23.0,0.4028420408163265,0.6144844612711717,0.7160493827160495,0.9801881128677207,0.3580246913580247,0.5065325128054372,0.9739557359474261,0.6068900599619031,0,0.7754575598736757,0,0.7816261230865474,0,0.707214042208994,0,0.8095793187060165,0,0,207.4
48201230700,Harris County,0.9808,2727,29.8530072,-95.3099266,10.667,"Morgans Point, TX",24.0,0.2607769795918367,0.37699148171927777,0.7037037037037037,0.9813888332999801,0.35185185185185186,0.3279002819238816,0.9845008655274872,0.6036666444311032,0,0.7213957869901397,0,0.7017150766288666,0,0.634731438220193,0,0.764727961375113,0,0,349.0
48201230800,Harris County,0.7788,2136,29.8398272,-95.2937237,10.667,"Morgans Point, TX",20.0,0.35094465306122447,0.23261627608315738,0.7530864197530864,0.7792675605363218,0.3765432098765432,0.4412768752002854,0.9909113929226694,0.5376329501404546,0,0.6857679635446773,0,0.679607778125844,0,0.6546014312141291,0,0.7013512297099513,0,0,442.6
48201230900,Harris County,0.9855,4473,29.818201,-95.282634,10.667,"Morgans Point, TX",17.0,0.42400538775510205,0.686382249663035,0.7901234567901234,0.9860916549929959,0.3950617283950617,0.5331432490695773,0.9707633405488652,0.6314736990342354,0,0.7967410588585087,0,0.8038218170345595,0,0.7336241934803462,0,0.8282994915475899,0,0,146.4
48201231000,Harris County,0.9258,5795,29.8401714,-95.2786836,10.667,"Morgans Point, TX",22.0,0.33955624489795916,0.5721778841294861,0.7283950617283951,0.9263558134880928,0.36419753086419754,0.42695712100555655,0.9758342265827691,0.5890608439137557,0,0.7315381425717034,0,0.7256716782911833,0,0.6665989189329069,0,0.7640077543911016,0,0,321.8
48201231100,Harris County,0.9937,5256,29.8277499,-95.2500065,10.667,"Morgans Point, TX",16.0,0.3411269387755102,1.2595573541099747,0.8024691358024691,0.9942965779467682,0.4012345679012346,0.42893210731788833,0.9453133008893252,0.638459371919448,0,0.7613720985565862,0,0.7552322320859834,0,0.6837306054265255,0,0.8001928451216165,0,0,234.8
48201231200,Harris County,0.9741,6230,29.875083,-95.2473537,10.667,"Morgans Point, TX",22.0,0.005963836734693877,3.5212180837356235,0.7283950617283951,0.9746848108865319,0.36419753086419754,0.007498912479601935,0.844891362080702,0.6083924428731313,0,0.5785983130462173,0,0.5240624678391013,0,0.4465694804327792,0,0.6446127293529365,0,0,645.0
48201231300,Harris County,0.8738,4891,29.8582183,-95.2726329,10.667,"Morgans Point, TX",21.0,0.23597877551020405,1.6111250635848298,0.7407407407407407,0.8743245947568542,0.37037037037037035,0.2967190859367959,0.9297030413373475,0.5719520601249639,0,0.6574554579783085,0,0.636418104260323,0,0.5851657457187933,0,0.6936003141080661,0,0,500.4
48201231400,Harris County,0.7837,2973,29.8637479,-95.2870796,10.667,"Morgans Point, TX",20.0,0.3459550204081632,1.2138764842401244,0.7530864197530864,0.7841705023013809,0.3765432098765432,0.4350029243469694,0.947341616391604,0.5395941268464783,0,0.6721284255386488,0,0.668784950504701,0,0.6347810666177383,0,0.6908021049991042,0,0,467.6
48201231500,Harris County,0.9599,2866,29.859841,-95.2965469,10.667,"Morgans Point, TX",20.0,0.4642702857142857,0.603227800400965,0.7530864197530864,0.9604762857714629,0.3765432098765432,0.5837722248830005,0.9744555526061716,0.6101164402345112,0,0.7977008794993985,0,0.8132654099143528,0,0.7434424107420436,0,0.8248301138780759,0,0,145.6
48201231600,Harris County,0.8972,3377,29.8617444,-95.3074845,10.667,"Morgans Point, TX",24.0,0.34428751020408166,0.2122087015738131,0.7037037037037037,0.8977386431859116,0.35185185185185186,0.4329062014426505,0.991817527150392,0.5702065683854758,0,0.723091840633594,0,0.7177639713765701,0,0.6648762397828216,0,0.7521996410589803,0,0,352.6
48201231700,Harris County,0.8649,4588,29.8761202,-95.3198604,10.667,"Morgans Point, TX",23.0,0.42441673469387753,0.30739622596163946,0.7160493827160495,0.8654192515509306,0.3580246913580247,0.5336604756185009,0.9875910241987309,0.5609825154351871,0,0.7423086087339829,0,0.7511846776437854,0,0.7012717277950002,0,0.7628270492034741,0,0,301.4
48201231800,Harris County,0.9089,3132,29.8763695,-95.3077825,10.667,"Morgans Point, TX",27.0,0.2974753469387755,0.8471491641403562,0.6666666666666667,0.9094456674004403,0.33333333333333337,0.37404471161258285,0.963624990823544,0.5637782669601761,0,0.6947312316720495,0,0.6849875440685094,0,0.6231597530959194,0,0.7305169709601147,0,0,429.2
48201231900,Harris County,0.9064,6511,29.8790854,-95.2745726,10.667,"Morgans Point, TX",28.0,0.012489387755102043,2.4744408544241008,0.654320987654321,0.9069441664999,0.3271604938271605,0.015704123011028352,0.8913702160888278,0.5590739628962563,0,0.557025443208752,0,0.5028555329016358,0,0.44038586877836927,0,0.6153452304239433,0,0,723.6
48201232000,Harris County,0.9436,4707,29.9035599,-95.2713048,10.667,"Morgans Point, TX",23.0,0.004384979591836735,3.7246949077331606,0.7160493827160495,0.94416649989994,0.3580246913580247,0.005513661699143102,0.8358566130129955,0.5924814147747908,0,0.5610097582353895,0,0.5074862387611389,0,0.433290844347206,0,0.6248692151794812,0,0,686.4
48201232100,Harris County,0.8341,3918,29.9054154,-95.3072963,10.667,"Morgans Point, TX",25.0,0.45897012244897956,2.2211049353511365,0.691358024691358,0.8346007604562737,0.345679012345679,0.5771078136621303,0.9026188016215405,0.5412477115899169,0,0.7131201279158115,0,0.7364827966565133,0,0.6726265837356574,0,0.7333669000058884,0,0,376.0
48201232201,Harris County,0.8813,7323,29.9281658,-95.2897233,10.667,"Morgans Point, TX",24.0,0.29972440816326534,4.110345563554116,0.7037037037037037,0.881829097458475,0.35185185185185186,0.37687267522627516,0.8187330073134053,0.5638427500945011,0,0.6450157837233763,0,0.646440606499332,0,0.5660780124783433,0,0.6844846693458927,0,0,527.4
48201232202,Harris County,0.2736,5460,29.9203668,-95.2654855,10.667,"Morgans Point, TX",25.0,0.16836808163265307,4.747204084807992,0.691358024691358,0.2737642585551331,0.345679012345679,0.21170557892318753,0.7904553056168768,0.3169131108294606,0,0.3393110172711251,0,0.3201141264759779,0,0.3611599368431225,0,0.32838655748512646,0,0,1096.6
48201232203,Harris County,0.1785,5936,29.9240272,-95.2283317,10.667,"Morgans Point, TX",30.0,0.0016326530612244899,4.7207814150867415,0.6296296296296297,0.17860716429857915,0.3148148148148148,0.0020528936254163013,0.7916285212487134,0.26033175460832053,0,0.2263353978401535,0,0.17976674148934751,0,0.24224480902067827,0,0.2183806922498911,0,0,1166.8
48201232303,Harris County,0.8385,5298,29.9044075,-95.2151989,10.667,"Morgans Point, TX",27.0,0.08876530612244898,4.956909904452218,0.6666666666666667,0.8390034020412248,0.33333333333333337,0.11161326029685253,0.7811439775683015,0.53560136081649,0,0.527300044280878,0,0.4956726870069603,0,0.42339892502742893,0,0.5792506039076024,0,0,779.2
48201232304,Harris County,0.9799,7258,29.858073,-95.2225389,10.667,"Morgans Point, TX",16.0,0.22004293877551018,3.873107587299303,0.8024691358024691,0.9804882929757855,0.4012345679012346,0.276681407127195,0.8292668142732518,0.632936057931055,0,0.671873767267821,0,0.6539051326240727,0,0.5690022586984996,0,0.7233095215524818,0,0,438.6
48201232305,Harris County,0.6201,10603,29.8754695,-95.2033898,10.667,"Morgans Point, TX",25.0,0.1477422857142857,5.345834860171554,0.691358024691358,0.620472283370022,0.345679012345679,0.18577075788521571,0.7638749868692154,0.45559632075541623,0,0.46155738033887583,0,0.4409258800243726,0,0.40858574599516045,0,0.48804319751073355,0,0,908.4
48201232306,Harris County,0.7155,3896,29.8442707,-95.2011225,10.667,"Morgans Point, TX",20.0,0.2609764081632653,4.221716764905571,0.7530864197530864,0.7159295577346408,0.3765432098765432,0.3281510428802262,0.8137879190335155,0.5122977490197822,0,0.5695868955685536,0,0.5623808651886709,0,0.5208060081798578,0,0.5939773392629014,0,0,699.0
48201232402,Harris County,0.7486,4753,29.8118411,-95.1879798,10.667,"Morgans Point, TX",14.0,0.4439591020408163,3.3448705888202404,0.8271604938271605,0.7490494296577948,0.41358024691358025,0.5582329964466464,0.8527215185278972,0.5477679200112661,0,0.6786270211182595,0,0.6977640579913027,0,0.6551528849384145,0,0.690364089208182,0,0,433.0
48201232403,Harris County,0.7081,4184,29.8090933,-95.2052647,10.667,"Morgans Point, TX",22.0,0.2343435918367347,2.43850219242361,0.7283950617283951,0.7085251150690414,0.36419753086419754,0.29466301032626024,0.8929659594596182,0.5019285645461351,0,0.5770616446030774,0,0.5593863514037026,0,0.5332404877810893,0,0.5989722230140714,0,0,692.8
48201232404,Harris County,0.7919,3854,29.8332625,-95.192846,10.667,"Morgans Point, TX",16.0,0.35674375510204076,4.096020881076761,0.8024691358024691,0.7923754252551531,0.4012345679012346,0.44856865071308283,0.8193690498322281,0.557690910842802,0,0.6473301183039799,0,0.6547194662942888,0,0.5989816826535888,0,0.6715043361291754,0,0,509.6
48201232405,Harris County,0.6373,5917,29.8210792,-95.1921157,10.667,"Morgans Point, TX",21.0,0.14605689795918367,3.579976848679139,0.7407407407407407,0.6376826095657394,0.37037037037037035,0.1836515557956985,0.8422823637369917,0.47729526604851796,0,0.5000473510238235,0,0.47033109361433845,0,0.4541689315098515,0,0.5229865607808095,0,0,846.0
48201232500,Harris County,0.9665,4210,29.8059971,-95.2502681,10.667,"Morgans Point, TX",26.0,0.06489502040816326,0.3448564366315982,0.6790123456790124,0.9670802481488894,0.3395061728395062,0.08159882640177223,0.9859277212398121,0.5905358029632595,0,0.6351643251669981,0,0.5812858273453939,0,0.5245256841730342,0,0.6904836456639799,0,0,559.6
48201232600,Harris County,0.4101,2678,29.7844995,-95.2495802,10.667,"Morgans Point, TX",13.0,0.24754016326530612,0.6842228507380216,0.8395061728395061,0.4103462077246348,0.41975308641975306,0.3112563442111377,0.9708592218735353,0.4159903349417058,0,0.5047521555048318,0,0.47807553163365635,0,0.5362208047648974,0,0.48901783087479894,0,0,851.6
48201232701,Harris County,0.9993,7941,29.7886493,-95.2278273,10.667,"Morgans Point, TX",25.0,0.12583542857142854,0.503546697252763,0.691358024691358,0.9998999399639784,0.345679012345679,0.15822513386406106,0.9788815788043546,0.6073673833929988,0,0.6720023270043931,0,0.6291267899490609,0,0.5627031226845313,0,0.7266519291643239,0,0,468.6
48201232703,Harris County,0.8865,2297,29.7732559,-95.2217304,10.667,"Morgans Point, TX",12.0,0.6651713469387754,0.6805083152536682,0.8518518518518519,0.8870322193315989,0.42592592592592593,0.8363846859883646,0.9710241541510543,0.6103684432881951,0,0.8617714876215796,1,0.9094496322241126,1,0.8533512437182398,1,0.8659816095732494,1,4,45.6
48201232704,Harris County,0.8526,2096,29.797785,-95.2118128,10.667,"Morgans Point, TX",15.0,0.15010653061224488,1.6429874128941993,0.8148148148148149,0.8531118671202722,0.40740740740740744,0.18874355314418106,0.9282882938242781,0.5856891912925534,0,0.6263243417173114,0,0.5868528415757244,0,0.5507284999163244,0,0.6641222626178048,0,0,562.6
48201232801,Harris County,0.6272,2729,29.7880273,-95.1983573,10.667,"Morgans Point, TX",11.0,0.49585714285714283,1.9769177472434813,0.8641975308641976,0.6275765459275565,0.4320987654320988,0.6234894552092484,0.9134611665000498,0.5102898776302819,0,0.6752698668887608,0,0.6969622422863201,0,0.6911676405424956,0,0.6673209800618933,0,0,438.0
48201232802,Harris County,0.741,2822,29.7851888,-95.2076883,10.667,"Morgans Point, TX",15.0,0.38326612244897956,1.3851855846422045,0.8148148148148149,0.7414448669201521,0.40740740740740744,0.4819178050132894,0.939735174022688,0.5410223912125054,0,0.6770016827364856,0,0.678368061404552,0,0.6555206213419301,0,0.6877422134337634,0,0,448.6
48201232901,Harris County,0.5338,4919,29.8003936,-95.1995606,10.667,"Morgans Point, TX",19.0,0.2731437551020408,2.3058685317041316,0.7654320987654322,0.5341204722833701,0.3827160493827161,0.34345023262364116,0.8988551404434255,0.44327781854297765,0,0.5302092517943613,0,0.5174128901558666,0,0.5289055116313583,0,0.5308611218758628,0,0,798.8
48201232902,Harris County,0.6985,4499,29.800392,-95.1872051,10.667,"Morgans Point, TX",14.0,0.5536511020408164,2.9274880068135913,0.8271604938271605,0.6989193516109666,0.41358024691358025,0.6961594260766351,0.8712540807115253,0.5277158887925348,0,0.7075454867605705,0,0.744775109561725,0,0.7104208651437718,0,0.7061077975689698,0,0,365.4
48201233001,Harris County,0.9206,3860,29.7971528,-95.1825606,10.667,"Morgans Point, TX",13.0,0.5583090612244899,3.0816798432750376,0.8395061728395061,0.921152691614969,0.41975308641975306,0.7020163315899478,0.8644076766673239,0.6203129284978395,0,0.7980611698067073,0,0.8361834918609541,0,0.7570306625372868,0,0.8185764234414176,0,0,125.6
48201233002,Harris County,0.4753,4484,29.8017233,-95.1701831,10.667,"Morgans Point, TX",12.0,0.5096953469387755,3.728927348326646,0.8518518518518519,0.4755853512107265,0.42592592592592593,0.6408895762889144,0.8356686847863068,0.44578969603984614,0,0.5936389781015294,0,0.6249656113784003,0,0.6329901870651304,0,0.5739633736197289,0,0,629.2
48201233003,Harris County,0.498,2734,29.793671,-95.1707528,10.667,"Morgans Point, TX",14.0,0.48900669387755097,3.1715998663601215,0.8271604938271605,0.4982989793876326,0.41358024691358025,0.614875718846364,0.8604150605610987,0.4474677399032012,0,0.5984636116677522,0,0.6250237474240578,0,0.631851822427792,0,0.5817695062877323,0,0,622.2
48201233101,Harris County,0.9858,4620,29.7875298,-95.1793273,10.667,"Morgans Point, TX",15.0,0.4967538775510204,2.7009694054921676,0.8148148148148149,0.9863918351010607,0.40740740740740744,0.6246170070330083,0.8813119275065573,0.6390011784848688,0,0.8013582151714036,0,0.8280533961867169,0,0.739680341861518,0,0.8321971518263465,0,0,124.4
48201233103,Harris County,0.9539,5139,29.7764643,-95.1762714,10.667,"Morgans Point, TX",11.0,0.5337439999999999,1.9565075179846536,0.8641975308641976,0.9544726836101661,0.4320987654320988,0.6711282888125714,0.9143674186035822,0.6410483327033257,0,0.821222571519916,0,0.8496320750086115,0,0.7768058674898325,0,0.8434309235349575,0,0,89.2
48201233104,Harris County,0.9069,2748,29.7766026,-95.1662698,10.667,"Morgans Point, TX",14.0,0.5036315102040816,2.023226864564184,0.8271604938271605,0.9074444666800081,0.41358024691358025,0.6332649240747557,0.9114049556436006,0.6111259348201514,0,0.7838369472398579,0,0.8086761836039789,0,0.7426344407598079,0,0.8044382004798829,0,0,165.8
48201233105,Harris County,0.9283,4679,29.7830028,-95.1613706,10.667,"Morgans Point, TX",17.0,0.43815738775510205,2.491351549178043,0.7901234567901234,0.9288573143886333,0.3950617283950617,0.5509379363040484,0.8906193498198306,0.6085799627924904,0,0.7543324559051978,0,0.7707782238323808,0,0.6961575030773859,0,0.7834199323191037,0,0,240.4
48201233200,Harris County,0.6958,6664,29.7793051,-95.1927525,10.667,"Morgans Point, TX",14.0,0.352030693877551,2.0580181408546445,0.8271604938271605,0.696217730638383,0.41358024691358025,0.44264246003991237,0.9098601583303039,0.5266352404035014,0,0.6391993340711393,0,0.6369832801977979,0,0.6201932018820581,0,0.6487024001656798,0,0,537.8
48201233300,Harris County,0.7416,4750,29.7542552,-95.2006244,10.667,"Morgans Point, TX",16.0,0.7235324897959183,0.29638540278398057,0.8024691358024691,0.7420452271362818,0.4012345679012346,0.9097678321012208,0.9880799252071338,0.5375588315952535,0,0.8243551861138556,0,0.8831497948294249,0,0.8517918391063801,1,0.8106368596175932,0,1,142.4
48201233400,Harris County,0.9744,2662,29.7708371,-95.2453025,10.667,"Morgans Point, TX",12.0,0.5967364081632652,1.1149155847849064,0.8518518518518519,0.9749849909945969,0.42592592592592593,0.7503347756279647,0.9517356642076011,0.6455495519533943,0,0.8639824630804229,1,0.9010311289927293,1,0.8269816204423651,1,0.882482884399452,1,4,33.2
48201233501,Harris County,0.8054,3800,29.7646709,-95.2330995,10.667,"Morgans Point, TX",10.0,0.47906424489795907,0.8788447169682556,0.8765432098765432,0.8058835301180709,0.4382716049382716,0.602374109890985,0.9622176493841781,0.5853163750101913,0,0.7571761830514094,0,0.7711778741623125,0,0.7409404006958555,0,0.7652940742291863,0,0,233.2
48201233502,Harris County,0.5119,3127,29.7625516,-95.2458797,10.667,"Morgans Point, TX",10.0,0.46840228571428566,0.6863766039682777,0.8765432098765432,0.5122073243946368,0.4382716049382716,0.5889677907148853,0.9707635912282027,0.46784589272081767,0,0.6381844389277052,0,0.6495461091089866,0,0.6801768104387281,0,0.6171882531721938,0,0,527.8
48201233600,Harris County,0.896,1953,29.7564963,-95.260864,10.667,"Morgans Point, TX",17.0,0.17659371428571427,0.21144435737522,0.7901234567901234,0.8965379227536523,0.3950617283950617,0.2220484675867599,0.9918514654530446,0.595652206138498,0,0.6701496466309149,0,0.6310651616986633,0,0.5946868879233358,0,0.7078810259847044,0,0,461.8
48201233701,Harris County,0.7234,4363,29.7357783,-95.2467911,10.667,"Morgans Point, TX",9.0,0.6275672653061225,1.1704739952658818,0.8888888888888888,0.7238343005803483,0.4444444444444444,0.7891014135609637,0.9492687675486366,0.5562003868988059,0,0.7806798931480408,0,0.8218901549623276,0,0.7996284240039384,0,0.771205627720092,0,0,200.0
48201233702,Harris County,0.9732,3035,29.7473922,-95.2378885,10.667,"Morgans Point, TX",12.0,0.22115942857142856,0.3654129902855977,0.8518518518518519,0.9737842705623374,0.42592592592592593,0.27808527843293596,0.9850149720612473,0.6450692637804905,0,0.7261077814626138,0,0.6929685462291797,0,0.643548951762706,0,0.7673871963125678,0,0,322.4
48201233703,Harris County,0.7795,3037,29.743492,-95.2215425,10.667,"Morgans Point, TX",8.0,0.18697151020408162,0.5389544487706758,0.9012345679012346,0.7799679807884731,0.4506172839506173,0.23509748062735608,0.9773094088454805,0.5823575626857596,0,0.6404428326552939,0,0.5997256653579478,0,0.5939344499442342,0,0.6636970240108238,0,0,526.2
48201240101,Harris County,0.935,2462,29.9427937,-95.3917008,10.667,"Morgans Point, TX",32.0,0.5611219591836734,1.651452451521067,0.6049382716049383,0.9355613368020813,0.30246913580246915,0.7055532620171773,0.9279124303802767,0.5557060162023141,0,0.7880991734075804,0,0.8313071437835509,0,0.7389451189427467,0,0.8126762006399972,0,0,196.8
48201240102,Harris County,0.7783,1829,29.9474154,-95.4104973,10.667,"Morgans Point, TX",35.0,0.6200186938775509,1.7064919504038683,0.5679012345679013,0.7787672603562138,0.28395061728395066,0.7796098598838513,0.9254685743604656,0.48187727451285595,0,0.7419996385148908,0,0.7975553703006237,0,0.7297437645677831,0,0.7481275754884447,0,0,315.6
48201240400,Harris County,0.777,7976,29.9875102,-95.3732973,10.667,"Morgans Point, TX",36.0,0.2834745306122449,1.6383114881679564,0.5555555555555556,0.7774664798879328,0.2777777777777778,0.3564401223278254,0.9284959135705034,0.4776532586218398,0,0.6080458382611111,0,0.6035163677020243,0,0.5515722910521706,0,0.6362826118655814,0,0,642.0
48201240503,Harris County,0.7807,2882,29.9497216,-95.3889544,10.667,"Morgans Point, TX",25.0,0.529033224489796,2.1574596485122886,0.691358024691358,0.7811687012207325,0.345679012345679,0.6652049721904766,0.9054447706170963,0.5198748878957004,0,0.7202055646219274,0,0.7558920613061646,0,0.6998845190889924,0,0.7303660873883949,0,0,354.8
48201240504,Harris County,0.8755,3693,29.947808,-95.3935704,10.667,"Morgans Point, TX",25.0,0.529969469387755,1.9595588912739945,0.691358024691358,0.8760256153692215,0.345679012345679,0.6663822040399714,0.9142319319597498,0.557817653555096,0,0.7612671109910925,0,0.7963729680151723,0,0.7230142761983829,0,0.7803935283874474,0,0,250.6
48201240505,Harris County,0.9123,1318,29.9520504,-95.3944208,10.667,"Morgans Point, TX",26.0,0.5489057142857142,2.237620352957799,0.6790123456790124,0.9128477086251752,0.3395061728395062,0.6901925881096811,0.9018854863923507,0.5688427871537738,0,0.7776520227943917,0,0.8177313291525374,0,0.7325867941841306,0,0.8001846370995223,0,0,211.0
48201240506,Harris County,0.9555,5767,29.9598818,-95.3917467,10.667,"Morgans Point, TX",27.0,0.4927124897959183,2.7995538038612473,0.6666666666666667,0.956073644186512,0.33333333333333337,0.619535376797334,0.8769345970383648,0.5824294576746047,0,0.7630857222861047,0,0.7957390718787845,0,0.698756414985969,0,0.7952503759361726,0,0,239.2
48201240600,Harris County,0.975,3582,29.9583819,-95.4082234,10.667,"Morgans Point, TX",35.0,0.0722098775510204,2.4763432043840514,0.5679012345679013,0.9755853512107264,0.28395061728395066,0.09079650835640614,0.8912857482158315,0.560604510854661,0,0.5944344666107497,0,0.5546624025068743,0,0.4673841717440908,0,0.6579596140440791,0,0,650.6
48201240703,Harris County,0.6552,5843,30.0007605,-95.4126939,10.667,"Morgans Point, TX",36.0,0.4118628571428572,0.33950409339857773,0.5555555555555556,0.6555933560136082,0.2777777777777778,0.5178752633092687,0.9861653752245979,0.42890400907211,0,0.6278746942662561,0,0.6414567653692089,0,0.6186351403504722,0,0.6324944712241481,0,0,594.2
48201240704,Harris County,0.505,4545,30.0129474,-95.4218273,10.667,"Morgans Point, TX",37.0,0.44698612244897956,0.593816995343545,0.5432098765432098,0.5053031819091455,0.2716049382716049,0.5620391638728495,0.9748734098370272,0.3650842357266212,0,0.5761152423268909,0,0.5974837878676016,0,0.5997192624661394,0,0.5643132322572666,0,0,709.4
48201240705,Harris County,0.3543,3984,30.0147192,-95.4097904,10.667,"Morgans Point, TX",34.0,0.3392667755102041,0.602575737112327,0.5802469135802469,0.35451270762457476,0.29012345679012347,0.42659314296577033,0.9744845054277921,0.315879157123904,0,0.47907989276008306,0,0.47958652796342516,0,0.5206022878052525,0,0.45831869523749835,0,0,924.2
48201240706,Harris County,0.6924,9675,29.9798489,-95.39976,10.667,"Morgans Point, TX",36.0,0.36943804081632653,1.8849714395552726,0.5555555555555556,0.6928156894136482,0.2777777777777778,0.464530411874101,0.9175437534077123,0.44379294243212597,0,0.6045890316742722,0,0.6164085380379047,0,0.575180145761147,0,0.619293474630835,0,0,644.4
48201240707,Harris County,0.3783,5433,29.9793584,-95.4147413,10.667,"Morgans Point, TX",33.0,0.482160081632653,1.7654100460396114,0.5925925925925926,0.3785271162697619,0.2962962962962963,0.6062668067834995,0.9228525014379665,0.3291886242856825,0,0.5306937929328273,0,0.5606982368204214,0,0.5814160184871823,0,0.5053326801556497,0,0,801.0
48201240802,Harris County,0.6545,8783,30.0219364,-95.3668122,10.667,"Morgans Point, TX",38.0,0.11687991836734693,0.6439189109893121,0.5308641975308642,0.6548929357614569,0.2654320987654321,0.1469644991052463,0.9726487916875106,0.42121643356384203,0,0.5034075297138098,0,0.46629279569825244,0,0.4529123943645941,0,0.5286550973884176,0,0,867.2
48201240803,Harris County,0.676,2562,30.0304915,-95.4173916,10.667,"Morgans Point, TX",46.0,0.3321113469387755,1.7490434265133419,0.4320987654320988,0.6764058435061038,0.2160493827160494,0.4175959260736582,0.9235792097559038,0.40019196703207116,0,0.5659034752964484,0,0.5757733378429165,0,0.5290693525598966,0,0.5843205366647243,0,0,746.2
48201240804,Harris County,0.6867,2899,30.0274141,-95.425315,10.667,"Morgans Point, TX",40.0,0.5919806530612244,1.6148460351564422,0.5061728395061729,0.6871122673604163,0.25308641975308643,0.7443549017864896,0.9295378232855953,0.42669675879601837,0,0.6859164835664839,0,0.7387266361358459,0,0.6855178889685065,0,0.6861157808654728,0,0,453.0
48201240903,Harris County,0.4305,7185,30.0272748,-95.3003066,10.667,"Morgans Point, TX",37.0,0.16703738775510205,0.3304199398331256,0.5432098765432098,0.43075845507304383,0.2716049382716049,0.21003236797379196,0.9865687285222559,0.3352663449921805,0,0.43978239880195114,0,0.4099508939970169,0,0.4427903800449203,0,0.4382784081804666,0,0,987.8
48201240904,Harris County,0.43,9399,30.0122897,-95.2792805,10.667,"Morgans Point, TX",35.0,0.28236571428571433,0.9137681276832299,0.5679012345679013,0.4302581548929358,0.28395061728395066,0.35504589962212396,0.9606669850569127,0.3424736323275447,0,0.480727484959528,0,0.47273282444001463,0,0.4975505949817255,0,0.4723159299484293,0,0,917.0
48201240905,Harris County,0.575,5517,30.0122091,-95.3164752,10.667,"Morgans Point, TX",34.0,0.37444955102040817,0.5461161829877127,0.5802469135802469,0.5753452071242745,0.29012345679012347,0.4708318715019976,0.9769914145389578,0.40421215692378387,0,0.5820439283038598,0,0.5886464104056905,0,0.5842768353637215,0,0.5809274747739288,0,0,699.2
48201240906,Harris County,0.394,7766,30.0238653,-95.3170674,10.667,"Morgans Point, TX",36.0,0.37628351020408163,0.27873773609237457,0.5555555555555556,0.3942365419251551,0.2777777777777778,0.4731378869114277,0.988863514399538,0.3243612834367287,0,0.5101740010982889,0,0.517145712909515,0,0.548819820822667,0,0.4908510912361,0,0,860.4
48201241001,Harris County,0.3455,3952,30.0351908,-95.3443265,10.667,"Morgans Point, TX",37.0,0.3097721632653061,1.3171038832697277,0.5432098765432098,0.3457074244546728,0.2716049382716049,0.38950669582049335,0.9427581280668808,0.3012459327448321,0,0.448223720836314,0,0.44772116141309504,0,0.4823958196301945,0,0.43113767143937387,0,0,979.2
48201241002,Harris County,0.3641,5439,30.0560607,-95.3374648,10.667,"Morgans Point, TX",39.0,0.013314775510204083,2.667406227629879,0.5185185185185186,0.3643185911546928,0.2592592592592593,0.016741963383357563,0.8828021949677018,0.3012829920174327,0,0.3163657429841512,0,0.2688579198020938,0,0.30038146026063733,0,0.3243578843459081,0,0,1121.4
48201241101,Harris County,0.6127,5197,30.0624648,-95.3891185,10.667,"Morgans Point, TX",39.0,0.485702775510204,3.6316521499007344,0.5185185185185186,0.6130678407044227,0.2592592592592593,0.6107213806612903,0.8399878843443858,0.4007826918373246,0,0.5883760081124212,0,0.6292296479902322,0,0.5801453972484207,0,0.5924913135444214,0,0,671.8
48201241103,Harris County,0.5331,3957,30.0474108,-95.3807767,10.667,"Morgans Point, TX",34.0,0.41391175510204076,2.522281174593153,0.5802469135802469,0.5334200520312188,0.29012345679012347,0.5204515421644847,0.8892460169807694,0.38744209488656156,0,0.5533407982618594,0,0.5744947501175288,0,0.5599810470054063,0,0.5500206738900859,0,0,757.8
48201241104,Harris County,0.1672,9303,30.0555703,-95.3649226,10.667,"Morgans Point, TX",31.0,0.3376956734693878,2.9160316831621658,0.617283950617284,0.16730038022813687,0.308641975308642,0.4246176434300322,0.8717627627687522,0.25210533727643997,0,0.3772216644003315,0,0.384619440964347,0,0.4471954257910631,0,0.34223478370496574,0,0,1079.4
48201241105,Harris County,0.4707,5816,30.0439159,-95.3652759,10.667,"Morgans Point, TX",36.0,0.42281167346938775,2.1251250199705978,0.5555555555555556,0.4709825895537323,0.2777777777777778,0.5316422758953542,0.9068804882056272,0.35505970248815955,0,0.533523781912534,0,0.5558232461421087,0,0.5543708460321347,0,0.5231002498527337,0,0,802.6
48201241201,Harris County,0.4596,3314,30.0384045,-95.3889323,10.667,"Morgans Point, TX",43.0,0.16897265306122447,1.9937830707579538,0.4691358024691358,0.45987592555533324,0.2345679012345679,0.21246576543267914,0.9127123147983897,0.32469111096287406,0,0.41748219969544953,0,0.3974442594874343,0,0.40335095774215507,0,0.42454782067209684,0,0,1015.6
48201241202,Harris County,0.6218,4772,30.0506762,-95.3998062,10.667,"Morgans Point, TX",41.0,0.4287156734693877,2.9387200984157253,0.49382716049382713,0.6221733039823895,0.24691358024691357,0.5390659498235846,0.8707553549739346,0.39701746974110397,0,0.5753564616040974,0,0.6044212191245939,0,0.5597508474780001,0,0.5831592686671461,0,0,711.4
48201241301,Harris County,0.1936,4568,30.0845763,-95.4264834,10.667,"Morgans Point, TX",43.0,0.293102775510204,5.517943512516752,0.4691358024691358,0.19371622973784272,0.2345679012345679,0.36854665190499286,0.7562330429083699,0.21822723263587782,0,0.31089362970566603,0,0.32644595688714806,0,0.3499527630282739,0,0.2913640630443622,0,0,1155.4
48201241302,Harris County,0.2416,8254,30.0584637,-95.4162491,10.667,"Morgans Point, TX",36.0,0.24891820408163265,3.635919444384867,0.5555555555555556,0.24174504702821695,0.2777777777777778,0.3129890890756703,0.83979840854019,0.26336468547795344,0,0.35239575879445584,0,0.3492249691946465,0,0.38927932938320225,0,0.3339539735000827,0,0,1108.0
48201241400,Harris County,0.1833,10239,30.0851921,-95.4057872,10.667,"Morgans Point, TX",48.0,0.05539297959183673,5.348429788940432,0.40740740740740744,0.18341004602761657,0.20370370370370372,0.06965098550184934,0.7637597672102154,0.19558624063326885,0,0.20591458818438313,0,0.1808259447762901,0,0.21341610223663865,0,0.20216383115825537,0,0,1194.6
48201241501,Harris County,0.8395,3964,29.9830234,-95.2905315,10.667,"Morgans Point, TX",36.0,0.2687296326530612,2.78581833810546,0.5555555555555556,0.8400040024014409,0.2777777777777778,0.3378999267732844,0.8775444772399209,0.502668267627243,0,0.6113104850683926,0,0.608477103290231,0,0.5350793126240431,0,0.6494260712905673,0,0,629.0
48201241502,Harris County,0.6498,2098,29.944954,-95.2964849,10.667,"Morgans Point, TX",28.0,0.4574275102040816,4.852323145751124,0.654320987654321,0.6501901140684412,0.3271604938271605,0.5751681371201557,0.785787823988278,0.45637234192367276,0,0.5963853828292068,0,0.6310012207249045,0,0.5784504724161288,0,0.6053528380357459,0,0,637.4
48201241503,Harris County,0.9608,2481,29.9589078,-95.3477716,10.667,"Morgans Point, TX",28.0,0.24053004081632656,3.842333578541747,0.654320987654321,0.9613768260956574,0.3271604938271605,0.30244183485168774,0.8306332374435648,0.5808470267345593,0,0.6495350500047299,0,0.6414340438983404,0,0.545587791307754,0,0.7015086793532178,0,0,516.8
48201250101,Harris County,0.3769,4612,29.9610718,-95.2772815,10.667,"Morgans Point, TX",26.0,0.39489632653061224,4.414078134584807,0.6790123456790124,0.3771262757654593,0.3395061728395062,0.49654159275394244,0.8052467167912727,0.3545542140098874,0,0.472504919508978,0,0.4931976252724335,0,0.5042978007568176,0,0.45660847888505823,0,0,913.8
48201250102,Harris County,0.6652,5257,29.9768873,-95.247633,10.667,"Morgans Point, TX",29.0,0.3902955102040816,3.2065557037029033,0.6419753086419753,0.6655993596157695,0.32098765432098764,0.49075653851751927,0.8588629564313064,0.4588323364389004,0,0.5970687990380983,0,0.6139466155122999,0,0.5742252788455412,0,0.6084905591343768,0,0,646.8
48201250201,Harris County,0.6874,6841,29.9501906,-95.2569333,10.667,"Morgans Point, TX",29.0,0.1805700408163265,4.829806000391083,0.6419753086419753,0.6878126876125675,0.32098765432098764,0.22704829001146126,0.786787627081585,0.46771766763761957,0,0.5008563761558986,0,0.48626346520954467,0,0.43853760567034233,0,0.5320157613986768,0,0,845.6
48201250202,Harris County,0.7684,2328,29.9451501,-95.2714963,10.667,"Morgans Point, TX",24.0,0.3202898775510204,5.558939998771775,0.7037037037037037,0.7688613167900741,0.35185185185185186,0.4027316418447877,0.7544127227426871,0.5186556378271407,0,0.5877905659549032,0,0.598382589393393,0,0.5274336490098464,0,0.6179690244274317,0,0,652.6
48201250303,Harris County,0.1627,3475,29.9421382,-95.2416308,10.667,"Morgans Point, TX",26.0,0.33358742857142853,4.501301059152172,0.6790123456790124,0.16279767860716432,0.3395061728395062,0.4194519472003971,0.8013738568707386,0.26882277514656944,0,0.36143282061569126,0,0.3714607876451692,0,0.4276445346185337,0,0.32832696361427016,0,0,1088.0
48201250304,Harris County,0.6936,9198,29.947089,-95.2263045,10.667,"Morgans Point, TX",28.0,0.13511567346938777,3.585174564270841,0.654320987654321,0.6940164098459076,0.3271604938271605,0.16989408916497117,0.8420515755067955,0.4739028602346594,0,0.504678282847962,0,0.4767004262403848,0,0.4415655738486468,0,0.5362346373476197,0,0,840.4
48201250305,Harris County,0.237,5569,29.9688045,-95.2133443,10.667,"Morgans Point, TX",26.0,0.47924824489795914,2.0240396414687325,0.6790123456790124,0.23714228537122273,0.3395061728395062,0.6026054710025696,0.9113688668388102,0.2985606178521928,0,0.4829239667678571,0,0.5097036105328435,0,0.5648511939000687,0,0.44196035320175137,0,0,902.4
48201250306,Harris County,0.2016,3438,29.968714,-95.2072885,10.667,"Morgans Point, TX",30.0,0.44391689795918365,1.7452113062309424,0.6296296296296297,0.20172103261957175,0.3148148148148148,0.5581799291464294,0.9237493630169413,0.2695773019367176,0,0.4509973947041694,0,0.4724897021669188,0,0.5340895153990353,0,0.4094513343567365,0,0,970.4
48201250403,Harris County,0.2966,3525,30.0011721,-95.1425237,10.667,"Morgans Point, TX",29.0,0.2749897142857143,2.6546893782491314,0.6419753086419753,0.29677806684010405,0.32098765432098764,0.34577133680121813,0.8833668467095055,0.31130381932863416,0,0.4118305305405657,0,0.40594294762140254,0,0.45018135177405294,0,0.39265511992382207,0,0,1020.8
48201250404,Harris County,0.041,4842,29.9895398,-95.1527245,10.667,"Morgans Point, TX",22.0,0.36933485714285713,1.6692869483829815,0.7283950617283951,0.04102461476886132,0.36419753086419754,0.4644006689969747,0.92712054558116,0.23492836442606305,0,0.373878195555289,0,0.37750168800269573,0,0.48482938915076496,0,0.31840259875755106,0,0,1088.0
48201250405,Harris County,0.1902,10214,29.9888114,-95.1692973,10.667,"Morgans Point, TX",24.0,0.5178651428571429,0.8836986266547647,0.7037037037037037,0.19031418851310788,0.35185185185185186,0.6511622559904977,0.9620021267750015,0.28723678651635426,0,0.49910257728039154,0,0.5274425785249424,0,0.6020320402028194,0,0.4476378458191776,0,0,860.4
48201250406,Harris County,0.3372,4773,29.9849665,-95.1866776,10.667,"Morgans Point, TX",35.0,0.4305443265306122,0.10042482021442048,0.5679012345679013,0.33740244146487897,0.28395061728395066,0.5413652933287321,0.9967809391894387,0.305331346956322,0,0.513205177551115,0,0.5287073069173889,0,0.5718060895798606,0,0.4839047215367424,0,0,847.6
48201250407,Harris County,0.0016,9719,29.9707487,-95.1906465,10.667,"Morgans Point, TX",34.0,0.3954386122448979,0.9025701612963325,0.5802469135802469,0.0016009605763458077,0.29012345679012347,0.49722346137162443,0.9611641955715384,0.1747144583046124,0,0.35585279894036714,0,0.36756754124023583,0,0.4739367450617077,0,0.296810825879697,0,0,1118.4
48201250408,Harris County,0.0833,10049,29.9554647,-95.194833,10.667,"Morgans Point, TX",23.0,0.43185085714285715,1.7939608033101164,0.7160493827160495,0.0833500100060036,0.3580246913580247,0.5430081214524716,0.9215847947647233,0.24815481881721627,0,0.4117471982643852,0,0.42757921451591285,0,0.5212129276838458,0,0.35701433355465495,0,0,1033.8
48201250500,Harris County,0.366,5862,29.9929597,-95.1954273,10.667,"Morgans Point, TX",24.0,0.37639461224489795,0.1432728929499637,0.7037037037037037,0.36621973183910345,0.35185185185185186,0.4732775863226373,0.9948784051435704,0.3575990038467525,0,0.524078250260523,0,0.5242474709936149,0,0.5766977564009962,0,0.4977684971902864,0,0,815.2
48201250601,Harris County,0.8379,3085,29.9882075,-95.2643555,10.667,"Morgans Point, TX",36.0,0.12410897959183674,2.701525793370202,0.5555555555555556,0.8384030418250951,0.2777777777777778,0.15605430149986463,0.881287222850943,0.5020278833967047,0,0.5549252285978492,0,0.525837901767828,0,0.4604326241887673,0,0.6021715308023902,0,0,745.4
48201250602,Harris County,0.8249,5222,29.9888377,-95.2342099,10.667,"Morgans Point, TX",32.0,0.014487510204081632,2.0583054441800126,0.6049382716049383,0.8253952371422854,0.30246913580246915,0.01821655687449409,0.9098474015288165,0.5116395763383956,0,0.5232472548702172,0,0.4699650290935877,0,0.42253126077952774,0,0.5736052519155619,0,0,806.4
48201250701,Harris County,0.5092,7584,30.008984,-95.2300838,10.667,"Morgans Point, TX",18.0,0.0217574693877551,0.9712384737499726,0.7777777777777778,0.5095057034220533,0.3888888888888889,0.027357784254429068,0.9581151949053545,0.4371356147021547,0,0.44190877427144404,0,0.3784568646703064,0,0.4193764645545743,0,0.4531749291298789,0,0,953.0
48201250702,Harris County,0.2272,4110,30.0032624,-95.1784012,10.667,"Morgans Point, TX",30.0,0.4630728163265306,1.145610489606481,0.6296296296296297,0.22733640184110468,0.3148148148148148,0.5822665300534389,0.9503727533990296,0.2798234496253308,0,0.47711539124250857,0,0.49977504299966335,0,0.5603750543763099,0,0.4354855596756079,0,0,922.8
48201250801,Harris County,0.0748,3519,30.0140464,-95.1517558,10.667,"Morgans Point, TX",23.0,0.329365387755102,2.825757476916337,0.7160493827160495,0.07484490694416651,0.3580246913580247,0.41414316428507053,0.8757711052654255,0.24475277759248143,0,0.35367204417393,0,0.3550277917279884,0,0.44661442325051787,0,0.30720085463563607,0,0,1105.2
48201250802,Harris County,0.1079,4655,30.0225516,-95.1622602,10.667,"Morgans Point, TX",27.0,0.19867795918367345,2.731506639798811,0.6666666666666667,0.1079647788673204,0.33333333333333337,0.24981713850031603,0.8799560175618177,0.24318591154692817,0,0.30906880867357045,0,0.28873496332155335,0,0.37610348527565385,0,0.2755514703725288,0,0,1147.8
48201250901,Harris County,0.396,3723,30.0439916,-95.1642092,10.667,"Morgans Point, TX",25.0,0.12001126530612245,3.6082540825943052,0.691358024691358,0.39623774264558737,0.345679012345679,0.15090184643411353,0.8410268020089618,0.3659025044656423,0,0.38509779736710226,0,0.352921023645678,0,0.38138448227427396,0,0.38695445491351643,0,0,1037.8
48201250902,Harris County,0.0034,5709,30.047138,-95.1440815,10.667,"Morgans Point, TX",29.0,0.379996,4.664463350963647,0.6419753086419753,0.0034020412247348407,0.32098765432098764,0.4778059617262619,0.7941291479409077,0.1939534090824865,0,0.307875238808943,0,0.32842040224314933,0,0.4093663046703458,0,0.2571297058782417,0,0,1156.0
48201251000,Harris County,0.325,3015,30.0346082,-95.1886074,10.667,"Morgans Point, TX",26.0,0.06129404081632652,2.0804635436418026,0.6790123456790124,0.3251951170702422,0.3395061728395062,0.07707096422155402,0.9088635407405383,0.3337817505318006,0,0.35287257225820334,0,0.30491305099384725,0,0.3620983906541904,0,0.34825966306020983,0,0,1083.0
48201251100,Harris County,0.2893,6839,30.0354861,-95.236521,10.667,"Morgans Point, TX",39.0,0.20905714285714283,0.09698165718868072,0.5185185185185186,0.2894736842105263,0.2592592592592593,0.2628678965004938,0.9969338220255555,0.2713450292397661,0,0.39918570811600523,0,0.3770584090347496,0,0.4357563827511649,0,0.3809003707984254,0,0,1057.4
48201251200,Harris County,0.2993,6537,30.0577974,-95.223459,10.667,"Morgans Point, TX",31.0,0.3079239183673469,1.5625408761726334,0.617283950617284,0.29947968781268763,0.308641975308642,0.3871827175918408,0.9318602695331882,0.3049770603102603,0,0.4371866061443544,0,0.4341259192623318,0,0.48308891225491,0,0.4142354530890766,0,0,989.4
48201251300,Harris County,0.1602,6844,30.0542151,-95.1976783,10.667,"Morgans Point, TX",28.0,0.19687453061224489,2.556691639277549,0.654320987654321,0.160296177706624,0.3271604938271605,0.2475495122016812,0.8877181284103716,0.2604147673789459,0,0.32978904817021437,0,0.30899640747451207,0,0.3862866716580778,0,0.30154023642628264,0,0,1129.2
48201251401,Harris County,0.2192,3065,30.0808776,-95.1912368,10.667,"Morgans Point, TX",27.0,0.3591968163265306,4.059648019689338,0.6666666666666667,0.21933159895937565,0.33333333333333337,0.45165312338527086,0.8209840724625883,0.2877326395837503,0,0.39833091503915535,0,0.41180679691066074,0,0.45799735373241535,0,0.36849769569252544,0,0,1040.6
48201251402,Harris County,0.4767,6952,30.0743768,-95.2031065,10.667,"Morgans Point, TX",28.0,0.35919583673469385,3.224341607501207,0.654320987654321,0.47698619171502904,0.3271604938271605,0.4516518916490956,0.8580732292545052,0.38709077298230793,0,0.5110689432143305,0,0.521911028732922,0,0.5224298603807643,0,0.5053884846311136,0,0,841.0
48201251501,Harris County,0.0135,5716,30.0980671,-95.1595942,10.667,"Morgans Point, TX",28.0,0.004163265306122449,6.2620202845276065,0.654320987654321,0.013508104862917751,0.3271604938271605,0.005234878744811568,0.7231946516549833,0.20169953824146342,0,0.1437365265693158,0,0.10239958835201532,0,0.18714600047144847,0,0.12203178961824944,0,0,1199.0
48201251503,Harris County,0.0284,2790,30.0726664,-95.1832132,10.667,"Morgans Point, TX",31.0,0.3841021224489796,4.045386126895176,0.617283950617284,0.028417050230138085,0.308641975308642,0.4829689891941839,0.8216173270028073,0.19655200527724043,0,0.32423672099389433,0,0.34422832294816913,0,0.4228432779151465,0,0.2749334425332683,0,0,1144.6
48201251504,Harris County,0.0116,5100,30.0658735,-95.1752915,10.667,"Morgans Point, TX",28.0,0.36970955102040814,4.1005737216484786,0.654320987654321,0.011606964178507104,0.3271604938271605,0.4648718080840077,0.8191668952511677,0.20093908196769913,0,0.3168775951859246,0,0.3329193805169406,0,0.4186344721883971,0,0.2659991566846884,0,0,1147.8
48201251505,Harris County,0.117,3811,30.0563112,-95.1716075,10.667,"Morgans Point, TX",30.0,0.36287281632653057,3.8305354290722375,0.6296296296296297,0.11707024214528719,0.3148148148148148,0.4562753160275769,0.8311570972022644,0.23571698574700375,0,0.3562610068429519,0,0.37110702803277323,0,0.4359912617421735,0,0.31639587939334113,0,0,1106.8
48201251600,Harris County,0.5624,6842,30.1007294,-95.112658,10.667,"Morgans Point, TX",35.0,0.07292971428571428,8.50403247820219,0.5679012345679013,0.5627376425855514,0.28395061728395066,0.09170162915585219,0.6236451443517184,0.39546542740459095,0,0.3458091674773567,0,0.32896528087325116,0,0.2734996757746251,0,0.3819639133287225,0,0,1051.4
48201251701,Harris County,0.5227,3400,30.036491,-95.103554,10.667,"Morgans Point, TX",31.0,0.02152359183673469,6.012971672660298,0.617283950617284,0.523013808284971,0.308641975308642,0.027063707242588178,0.7342528727814788,0.3943907084991736,0,0.35203605094894663,0,0.3144478844587143,0,0.29504346517027186,0,0.38053234383828405,0,0,1055.2
48201251702,Harris County,0.6892,3443,30.0157224,-95.0839049,10.667,"Morgans Point, TX",29.0,0.04360677551020408,5.963302904636672,0.6419753086419753,0.6896137682609567,0.32098765432098764,0.0548310437752878,0.7364582583717365,0.46843809989697527,0,0.4319213786932453,0,0.3970538955863205,0,0.34602391550400824,0,0.47487011028786386,0,0,942.4
48201251800,Harris County,0.3578,1656,29.9733747,-95.0333022,10.667,"Morgans Point, TX",21.0,0.001469387755102041,6.857602028302039,0.7407407407407407,0.3580148088853312,0.37037037037037035,0.0018476042628746713,0.6967497155753137,0.36542814577635474,0,0.28572631779957147,0,0.24247815186081367,0,0.2616301541043182,0,0.2977743996471981,0,0,1107.8
48201251902,Harris County,0.2088,7676,29.9082834,-95.0972575,10.667,"Morgans Point, TX",19.0,0.05861273469387755,1.293926689865538,0.7654320987654322,0.2089253552131279,0.3827160493827161,0.07369949702053284,0.9437872385197896,0.3131997717148808,0,0.3297646491314782,0,0.2746684393579629,0,0.3700444137709283,0,0.30962476681175316,0,0,1109.2
48201251903,Harris County,0.3624,4204,29.958112,-95.116828,10.667,"Morgans Point, TX",27.0,0.0,2.0022369805347373,0.6666666666666667,0.3626175705423254,0.33333333333333337,0.0,0.9123369454960106,0.3450470282169302,0,0.3428740140560337,0,0.28415245965774505,0,0.3362928285606031,0,0.34616460680374894,0,0,1087.2
48201251904,Harris County,0.0486,6969,29.9373826,-95.1037491,10.667,"Morgans Point, TX",30.0,0.0,1.9633735650844208,0.6296296296296297,0.048629177506503904,0.3148148148148148,0.0,0.9140625533544854,0.20834055989149045,0,0.2120226011223567,0,0.15473155852774698,0,0.26648707566097435,0,0.18479036385304792,0,0,1189.6
48201252001,Harris County,0.1633,7775,29.9421567,-95.1870929,10.667,"Morgans Point, TX",27.0,0.20570277551020408,2.0373325778925784,0.6666666666666667,0.16339803882329398,0.33333333333333337,0.2586501239023948,0.9107786357618602,0.2653592155293176,0,0.34365402065312883,0,0.32195431110180406,0,0.4037393479297405,0,0.313611357014823,0,0,1116.6
48201252002,Harris County,0.3294,5682,29.8906515,-95.1693923,10.667,"Morgans Point, TX",20.0,0.04114775510204081,3.058529686181911,0.7530864197530864,0.32959775865519314,0.3765432098765432,0.05173907804136703,0.8654355866577851,0.35776502938800314,0,0.3447046282141776,0,0.2936766455239406,0,0.3497402514005058,0,0.3421868166210135,0,0,1081.6
48201252003,Harris County,0.0609,10659,29.9630637,-95.1583943,10.667,"Morgans Point, TX",30.0,0.2716662857142857,0.23248351269714038,0.6296296296296297,0.060936561937162306,0.3148148148148148,0.34159246653732067,0.9909172878636974,0.21326351366375382,0,0.34791640615622044,0,0.3327969284572622,0,0.4435763542292399,0,0.3000864321197108,0,0,1126.2
48201252100,Harris County,0.5994,3142,29.8850976,-95.1385243,10.667,"Morgans Point, TX",22.0,0.07873771428571429,1.651805255098987,0.7283950617283951,0.5997598559135482,0.36419753086419754,0.09900459293890815,0.9278967652458694,0.4584224608839378,0,0.4832489979409684,0,0.4346929876871592,0,0.4444120452834418,0,0.5026674742697317,0,0,884.8
48201252201,Harris County,0.5796,5397,29.8265714,-95.1639591,10.667,"Morgans Point, TX",10.0,0.29308669387755104,4.9936068259888655,0.8765432098765432,0.5799479687812688,0.4382716049382716,0.3685264309027826,0.7795145660651766,0.49494215047547047,0,0.536424678428307,0,0.5326382809057373,0,0.5219169149773197,0,0.5436785601538006,0,0,759.6
48201252202,Harris County,0.6714,6817,29.8412913,-95.1473693,10.667,"Morgans Point, TX",14.0,0.5013309387755102,3.6232934806055295,0.8271604938271605,0.6718030818491095,0.41358024691358025,0.6303721916671816,0.8403590247924155,0.516869380887792,0,0.66643814347544,0,0.6969168938937724,0,0.6646498306842167,0,0.6673322998710516,0,0,458.8
48201252303,Harris County,0.3934,5031,29.7936799,-95.1468291,10.667,"Morgans Point, TX",12.0,0.5133993469387754,3.3113807402663746,0.8518518518518519,0.3936361817090255,0.42592592592592593,0.6455469760568963,0.854208530031494,0.41301002823916577,0,0.5681198748803234,0,0.5985314288258019,0,0.6262811059374228,0,0.5390392593517738,0,0,685.4
48201252304,Harris County,0.5928,4040,29.7977616,-95.1590244,10.667,"Morgans Point, TX",11.0,0.4968465306122449,3.519861030412139,0.8641975308641976,0.5931558935361217,0.4320987654320988,0.6247335087462507,0.8449516177698184,0.496521616673708,0,0.640448007906063,0,0.66815382959282,0,0.6562120460293769,0,0.6325659888444062,0,0,517.2
48201252305,Harris County,0.4997,6751,29.8058566,-95.1497428,10.667,"Morgans Point, TX",13.0,0.4293489795918368,4.130514495015119,0.8395061728395061,0.5,0.41975308641975306,0.5398622672608837,0.817837469280454,0.45185185185185184,0,0.5642709537203687,0,0.5832337050304714,0,0.5856946049604917,0,0.5535591281003074,0,0,702.6
48201252306,Harris County,0.8186,10080,29.8003155,-95.1315829,10.667,"Morgans Point, TX",12.0,0.3207349387755102,3.8551675833490386,0.8518518518518519,0.8190914548729238,0.42592592592592593,0.40329126064707616,0.830063383783135,0.5831921375047251,0,0.6549205024656752,0,0.6528379693492676,0,0.6001968516632592,0,0.6822823278668834,0,0,478.4
48201252400,Harris County,0.7884,6197,29.7816516,-95.1428602,10.667,"Morgans Point, TX",14.0,0.3058788571428571,2.506907405922382,0.8271604938271605,0.7888733239943967,0.41358024691358025,0.38461126303664434,0.889928640875897,0.5636974777459068,0,0.6518598235857436,0,0.6430651418870796,0,0.6061886567828592,0,0.6746954069871857,0,0,503.4
48201252500,Harris County,0.7772,4821,29.7661133,-95.1281275,10.667,"Morgans Point, TX",10.0,0.27993632653061223,1.520536942780755,0.8765432098765432,0.777666599959976,0.4382716049382716,0.35199119390750444,0.9337253222236945,0.5740296029469534,0,0.6586035409930961,0,0.6393223471371436,0,0.6189158546708029,0,0.6784473841542429,0,0,481.8
48201252601,Harris County,0.9351,3547,29.7911155,-95.1159594,10.667,"Morgans Point, TX",12.0,0.27068661224489793,3.31034817444179,0.8518518518518519,0.9356613968381029,0.42592592592592593,0.3403606277173896,0.854254377872726,0.6298201142907967,0,0.6894232613896969,0,0.676304738561075,0,0.6073438829068948,0,0.7304629506310978,0,0,398.4
48201252602,Harris County,0.8633,3808,29.8422106,-95.1122938,10.667,"Morgans Point, TX",25.0,0.007745061224489796,1.777992701224709,0.691358024691358,0.8638182909745847,0.345679012345679,0.00973861942493112,0.9222938081677973,0.5529347237972413,0,0.5533829465486242,0,0.49415047757121844,0,0.4499044984066373,0,0.6051221706196176,0,0,735.4
48201252700,Harris County,0.712,4282,29.9167216,-95.0200269,10.667,"Morgans Point, TX",18.0,0.04015804081632652,5.590977043078137,0.7777777777777778,0.7124274564738843,0.3888888888888889,0.05049461392563966,0.7529902184471489,0.5183043159228871,0,0.46611654363601307,0,0.4234381114353748,0,0.38401290602338933,0,0.5071683624423249,0,0,880.0
48201252800,Harris County,0.4691,6525,29.8576461,-95.0195754,10.667,"Morgans Point, TX",16.0,0.0,3.572783254902317,0.8024691358024691,0.46938162897738644,0.4012345679012346,0.0,0.8426017726671674,0.4284933923316953,0,0.38500562844016384,0,0.3264402989145376,0,0.35688029492775636,0,0.39906829519636766,0,0,1016.6
48201252901,Harris County,0.3837,2282,29.814116,-95.0735465,10.667,"Morgans Point, TX",0.0,0.08773248979591836,0.7403765640804167,1.0,0.38393035821492894,0.5,0.11031459978941416,0.9683658926613858,0.45357214328597156,0,0.4556288408969061,0,0.3936701052619803,0,0.4795283351242318,0,0.4436790937832432,0,0,922.4
48201252902,Harris County,0.5397,6360,29.8153898,-95.0412885,10.667,"Morgans Point, TX",15.0,0.26149379591836736,0.9985183388151984,0.8148148148148149,0.5400240144086451,0.40740740740740744,0.3288016048701206,0.9569039182074824,0.46045405020790253,0,0.5538828025260123,0,0.5319489734254192,0,0.5585023985651347,0,0.5515730045064511,0,0,746.4
48201253000,Harris County,0.7981,4915,29.8221742,-95.0196332,10.667,"Morgans Point, TX",13.0,0.13792987755102037,2.342961811440997,0.8395061728395061,0.7985791474884931,0.41975308641975306,0.1734326619071012,0.897208129899734,0.5712835108472492,0,0.5938553051937983,0,0.5537960466479019,0,0.5256140244288999,0,0.6279759455762474,0,0,633.4
48201253101,Harris County,0.565,6071,29.8111578,-94.9913885,10.667,"Morgans Point, TX",15.0,0.41273730612244897,3.597575483296386,0.8148148148148149,0.5653392035221132,0.40740740740740744,0.5189747931350416,0.8415009516597961,0.4705801258532898,0,0.5874113995954486,0,0.6024310332460545,0,0.5947687982865605,0,0.5837327002498927,0,0,652.2
48201253102,Harris County,0.2152,6576,29.8287723,-94.9611742,10.667,"Morgans Point, TX",13.0,0.05244269387755101,5.68399454080869,0.8395061728395061,0.21532919751851112,0.41975308641975306,0.06594130407604082,0.7488600687112179,0.33798353085925625,0,0.28047949625662094,0,0.2377267438847,0,0.3021962625026575,0,0.2696211131336026,0,0,1121.2
48201253201,Harris County,0.4006,6002,29.7988564,-94.9323333,10.667,"Morgans Point, TX",18.0,0.1802785306122449,7.055479910042418,0.7777777777777778,0.40084050430258156,0.3888888888888889,0.22668174585464326,0.6879635699472728,0.39366953505436597,0,0.37627416454471135,0,0.36426315131317344,0,0.3680853846254213,0,0.38036855450435636,0,0,1033.0
48201253202,Harris County,0.7963,4680,29.7916839,-94.9916546,10.667,"Morgans Point, TX",14.0,0.09581412244897959,3.5452608949002173,0.8271604938271605,0.7967780668401041,0.41358024691358025,0.12047642323522487,0.8438238165908187,0.5668593748841898,0,0.5579190210312088,0,0.5153804613744601,0,0.47829933909491035,0,0.5977288619993579,0,0,706.4
48201253300,Harris County,0.5572,3883,29.7672653,-95.0427303,10.667,"Morgans Point, TX",3.0,0.10223665306122448,2.303404202901424,0.962962962962963,0.5575345207124275,0.4814814814814815,0.1285520961788875,0.8989645612212585,0.5119026971738599,0,0.5032604492339384,0,0.45139226764702556,0,0.48516909207444214,0,0.5123061278136867,0,0,828.8
48201253501,Harris County,0.823,8396,29.7764872,-94.9848905,10.667,"Morgans Point, TX",10.0,0.33863632653061226,4.228776638312011,0.8765432098765432,0.8234940964578747,0.4382716049382716,0.4258004180923158,0.8134744475362519,0.5923606015461129,0,0.6623986495561625,0,0.6638878727403447,0,0.6087001672555917,0,0.6892478907064479,0,0,451.4
48201253502,Harris County,0.912,4317,29.7785633,-95.012249,10.667,"Morgans Point, TX",9.0,0.29798718367346944,2.705203631068529,0.8888888888888888,0.9125475285171103,0.4444444444444444,0.3746882937641509,0.8811239200233121,0.6316856780735107,0,0.7051281416440454,0,0.6930390833512865,0,0.6359883460196905,0,0.7396980394562229,0,0,356.6
48201253601,Harris County,0.4228,3784,29.7652425,-94.9963507,10.667,"Morgans Point, TX",11.0,0.39418448979591836,4.014720884817922,0.8641975308641976,0.42305383229937965,0.4320987654320988,0.49564653113326096,0.8229789207304145,0.42848079217901114,0,0.5251266325293343,0,0.5362936147157883,0,0.5591508992726527,0,0.5081144991576753,0,0,787.0
48201253602,Harris County,0.8406,4261,29.7522771,-94.9855197,10.667,"Morgans Point, TX",12.0,0.24088702040816323,5.081960112205169,0.8518518518518519,0.8411046627976787,0.42592592592592593,0.30289070004288493,0.7755915159870939,0.591997420674627,0,0.6152518712831807,0,0.6034902586939714,0,0.5399676074450148,0,0.6528940032022638,0,0,564.0
48201253700,Harris County,0.9327,6173,29.7654725,-94.973955,10.667,"Morgans Point, TX",9.0,0.5088806530612244,5.146572359754857,0.8888888888888888,0.9332599559735841,0.4444444444444444,0.6398651823698316,0.7727226121392579,0.6399706490561003,0,0.7624826994533367,0,0.7974478136043597,0,0.7055569472799208,0,0.7909455755400445,0,0,200.8
48201253800,Harris County,0.8937,8722,29.766428,-94.9479552,10.667,"Morgans Point, TX",14.0,0.3345182857142857,6.544265021283078,0.8271604938271605,0.8942365419251552,0.41358024691358025,0.42062240450092825,0.7106624609014192,0.6058427649182102,0,0.6491673527463568,0,0.660779510194744,0,0.5674776230200906,0,0.6900122176094898,0,0,477.2
48201253900,Harris County,0.6818,3808,29.7529642,-94.9334749,10.667,"Morgans Point, TX",12.0,0.2089454693877551,7.706921462928737,0.8518518518518519,0.6822093255953572,0.42592592592592593,0.26272747857651535,0.6590383545493945,0.5284392857936984,0,0.5026426780506816,0,0.49508155634049617,0,0.4427871288691231,0,0.5325704526414609,0,0,809.2
48201254000,Harris County,0.8359,3305,29.7343474,-94.9429906,10.667,"Morgans Point, TX",11.0,0.3478715102040816,7.859350196046148,0.8641975308641976,0.8364018411046628,0.4320987654320988,0.4374127135291643,0.6522702355697073,0.5938199957011243,0,0.6188085411715298,0,0.6362120197026269,0,0.5462774411938189,0,0.6550740911603853,0,0,538.4
48201254100,Harris County,0.9422,5669,29.7463599,-94.9558793,10.667,"Morgans Point, TX",14.0,0.3922896326530612,6.7527203347529365,0.8271604938271605,0.9427656593956375,0.41358024691358025,0.4932639427916028,0.7014066576505631,0.6252544119064032,0,0.6884182617854008,0,0.7111791329060936,0,0.6036357959153219,0,0.7308094947204402,0,0,386.6
48201254200,Harris County,0.8149,2685,29.7287156,-94.9645049,10.667,"Morgans Point, TX",12.0,0.5330067755102041,6.973059469823501,0.8518518518518519,0.815389233540124,0.42592592592592593,0.6702013046960148,0.6916231906391941,0.5817112489716052,0,0.6936497185584132,0,0.7414274195524773,0,0.6530698802311762,0,0.7139396377220316,0,0,373.6
48201254300,Harris County,0.9007,5704,29.7418815,-94.974773,10.667,"Morgans Point, TX",12.0,0.5351032653061224,6.039959367168791,0.8518518518518519,0.901240744446668,0.42592592592592593,0.6728374254004118,0.7330545689992106,0.6160518533342227,0,0.741783121274088,0,0.7864074390863685,0,0.6886305802165613,0,0.7683593918028513,0,0,249.2
48201254400,Harris County,0.7348,3014,29.7264985,-94.9771664,10.667,"Morgans Point, TX",9.0,0.49211159183673464,6.239878969887798,0.8888888888888888,0.7352411446868121,0.4444444444444444,0.6187798092984995,0.7241777671659775,0.5607631245413915,0,0.6614814363067864,0,0.6975746353101855,0,0.6368948668467778,0,0.6737747210367906,0,0,451.6
48201254600,Harris County,0.6899,3492,29.7163341,-95.0009518,10.667,"Morgans Point, TX",0.0,0.24616930612244894,5.016888496180152,1.0,0.6903141885131079,0.5,0.3095326320785568,0.7784808166487913,0.5761256754052432,0,0.5811035186834679,0,0.563733028788462,0,0.5446999620735878,0,0.5993052969884078,0,0,633.2
48201254700,Harris County,0.8918,2257,29.7034554,-94.9581652,10.667,"Morgans Point, TX",12.0,0.026184571428571425,7.73438958269667,0.8518518518518519,0.8923354012407445,0.42592592592592593,0.032924410609107904,0.6578187189929245,0.6124897160518534,0,0.5143847261148453,0,0.47415261393356867,0,0.3884011677395457,0,0.5773765053024952,0,0,740.4
48201254800,Harris County,0.922,2738,29.7455562,-95.008638,10.667,"Morgans Point, TX",11.0,0.650809469387755,4.298308148128863,0.8641975308641976,0.9225535321192716,0.4320987654320988,0.8183260992783462,0.8103871193032259,0.6282806721069679,0,0.8219816694072722,0,0.880242372519878,0,0.7884577151699392,0,0.8387436465259388,0,0,82.4
48201310101,Harris County,0.3158,2764,29.7525284,-95.3436349,10.667,"Morgans Point, TX",17.0,0.7196631020408163,0.4226426207271906,0.7901234567901234,0.3159895937562538,0.3950617283950617,0.9049024742089842,0.9824738701307216,0.36343287453953854,0,0.6487234059451074,0,0.7078274999816944,0,0.7596346766747254,0,0.5932677705802984,0,0,494.6
48201310102,Harris County,0.4832,2502,29.759711,-95.3428956,10.667,"Morgans Point, TX",12.0,0.6318697959183672,0.15032705535496232,0.8518518518518519,0.4834900940564339,0.42592592592592593,0.7945114041320231,0.9945651872253825,0.4489515931781291,0,0.6946167804473131,0,0.7343175360744651,0,0.7649923425776063,0,0.6594289993821666,0,0,399.2
48201310200,Harris County,0.0621,2057,29.7434743,-95.3511272,10.667,"Morgans Point, TX",11.0,0.6946391836734693,1.0626944535548215,0.8641975308641976,0.062137282369421655,0.4320987654320988,0.8734374656781847,0.9540543794667959,0.2841141722070279,0,0.540031396234408,0,0.5939138101575262,0,0.6993294341894035,0,0.4603823772569103,0,0,731.6
48201310300,Harris County,0.6633,4281,29.7364559,-95.3359747,10.667,"Morgans Point, TX",12.0,0.66384,1.4856568031436523,0.8518518518518519,0.6636982189313588,0.42592592592592593,0.8347106538815189,0.9352740652347,0.5210348431280991,0,0.7607244168590583,0,0.8112091960277572,0,0.7930664828349583,0,0.7445533838711085,0,0,249.0
48201310400,Harris County,0.788,3394,29.7514647,-95.3287113,10.667,"Morgans Point, TX",18.0,0.6586990204081633,0.43410267968914024,0.7777777777777778,0.7884730838503102,0.3888888888888889,0.8282463997891268,0.9819650222187669,0.5487225668734574,0,0.8116327044362307,0,0.8603731676158595,0,0.8193525779648709,1,0.8077727676719106,0,1,152.8
48201310500,Harris County,0.9571,3452,29.7465598,-95.3167847,10.667,"Morgans Point, TX",9.0,0.6348472653061223,0.7131799094472852,0.8888888888888888,0.9576746047628577,0.4444444444444444,0.7982552662366948,0.9695734746614587,0.6497365085718098,0,0.8834363242000969,1,0.9242224575096525,1,0.8586902306791767,1,0.895809370960557,1,4,19.6
48201310600,Harris County,0.7616,4547,29.732539,-95.3248198,10.667,"Morgans Point, TX",13.0,0.6554314285714284,1.3581471979131827,0.8395061728395061,0.7620572343406045,0.41975308641975306,0.8241377384872185,0.9409357286337393,0.5566747455880936,0,0.7965987850979392,0,0.8456191827231689,0,0.8081126353503842,0,0.7908418599717169,0,0,170.6
48201310700,Harris County,0.9284,4033,29.7223865,-95.3144687,10.667,"Morgans Point, TX",18.0,0.48392416326530613,0.5688360668654071,0.7777777777777778,0.9289573744246549,0.3888888888888889,0.608484958345762,0.9759826094787565,0.6049162831031953,0,0.7971702789220942,0,0.8150776240272544,0,0.7532412470879074,0,0.8191347948391877,0,0,146.0
48201310800,Harris County,0.798,2996,29.7299752,-95.3107949,10.667,"Morgans Point, TX",12.0,0.499546693877551,1.0357966594289183,0.8518518518518519,0.7984790874524715,0.42592592592592593,0.6281286868686454,0.9552486915050323,0.5749471905365442,0,0.7562300591740303,0,0.7755502359695972,0,0.7421470497478833,0,0.7632715638871038,0,0,242.0
48201310900,Harris County,0.936,4911,29.7357279,-95.3009728,10.667,"Morgans Point, TX",12.0,0.6199917551020409,1.3094362689542518,0.8518518518518519,0.9365619371622975,0.42592592592592593,0.7795759871390321,0.9430985843897547,0.6301803304204745,0,0.8550621810089651,1,0.8970170294681299,1,0.8278955956245212,1,0.8686454737011873,1,4,44.4
48201311001,Harris County,0.6215,2756,29.7457725,-95.3037286,10.667,"Morgans Point, TX",13.0,0.732260163265306,0.7228874209666589,0.8395061728395061,0.6218731238743247,0.41975308641975306,0.9207419855546086,0.9691424431123793,0.5006011014015816,0,0.7795900404724226,0,0.8399854903291206,0,0.832162346005122,1,0.7533038877060729,0,1,225.2
48201311002,Harris County,0.7824,3808,29.7445004,-95.2951074,10.667,"Morgans Point, TX",12.0,0.5621663673469388,0.7661310284414454,0.8518518518518519,0.7828697218330999,0.42592592592592593,0.7068664980693563,0.9672223465891417,0.5687034442887955,0,0.7783783249383054,0,0.8079082345665787,0,0.7768811926400405,0,0.7791268910874378,0,0,199.6
48201311100,Harris County,0.8348,4732,29.7332048,-95.2862683,10.667,"Morgans Point, TX",11.0,0.6772566530612245,0.9729328451446868,0.8641975308641976,0.8353011807084251,0.4320987654320988,0.8515807178271025,0.9580399616671016,0.5933797315426292,0,0.8437034140850492,1,0.8941290695864597,1,0.8465041585439239,1,0.8423030418556119,0,3,74.6
48201311200,Harris County,0.819,4250,29.7189931,-95.2991593,10.667,"Morgans Point, TX",15.0,0.43243036734693874,0.16847316918669636,0.8148148148148149,0.8194916950170102,0.40740740740740744,0.5437367960448131,0.9937594660537873,0.5722411224512486,0,0.7444784970922984,0,0.7500595162505255,0,0.719474097784061,0,0.756980696746417,0,0,280.4
48201311300,Harris County,0.5878,4496,29.7097312,-95.2945706,10.667,"Morgans Point, TX",14.0,0.5800428571428572,0.5373963374224289,0.8271604938271605,0.588152891735041,0.41358024691358025,0.7293443488868083,0.9773785918844841,0.4834093048421646,0,0.7068417160490288,0,0.7397639610767528,0,0.7464046574870248,0,0.6870602453300308,0,0,375.4
48201311400,Harris County,0.958,1471,29.7190269,-95.2752207,10.667,"Morgans Point, TX",11.0,0.5781561632653061,0.29456108531891484,0.8641975308641976,0.9585751450870522,0.4320987654320988,0.7269720250132771,0.9881609282923643,0.6426893172940802,0,0.8634390466549782,1,0.8935269402322119,1,0.8317270138442868,1,0.8792950630603238,1,4,35.4
48201311501,Harris County,0.6871,2474,29.7052377,-95.2868304,10.667,"Morgans Point, TX",12.0,0.5885595102040817,0.8187350726217716,0.8518518518518519,0.6875125075045028,0.42592592592592593,0.7400531658391112,0.964886629283462,0.5305605585573567,0,0.7498915564766295,0,0.7843535715541043,0,0.7706845728006717,0,0.7394950483146083,0,0,272.8
48201311502,Harris County,0.9266,3745,29.709965,-95.2795647,10.667,"Morgans Point, TX",12.0,0.5963397551020408,0.6938511167641181,0.8518518518518519,0.9271562937762657,0.42592592592592593,0.7498360251216699,0.9704317089716042,0.6264180730660618,0,0.8505466014982828,1,0.8859315036497337,1,0.825010037405622,1,0.8633148835446134,1,4,53.0
48201311600,Harris County,0.8627,4312,29.7011087,-95.2861718,10.667,"Morgans Point, TX",15.0,0.6046164081632652,0.5543380556869335,0.8148148148148149,0.8632179307584551,0.40740740740740744,0.7602430667110365,0.9766263481139728,0.5897316167478266,0,0.8243713003683144,0,0.8622902869660849,0,0.811422423571601,0,0.8308457387666712,0,0,104.0
48201311701,Harris County,0.9726,3688,29.6992092,-95.3128178,10.667,"Morgans Point, TX",16.0,0.5640314285714285,1.0417372223664005,0.8024691358024691,0.9731839103462078,0.4012345679012346,0.7092116211023505,0.9549849194723918,0.6300143048792238,0,0.843679572184491,1,0.8766897425724434,0,0.8005114594639189,0,0.8652636285447771,1,2,62.8
48201311702,Harris County,0.8955,2004,29.7010603,-95.2990496,10.667,"Morgans Point, TX",13.0,0.724814612244898,0.9332839575612737,0.8395061728395061,0.8960376225735441,0.41975308641975306,0.9113799694652602,0.959800445947779,0.6102669008812696,0,0.8834016233824901,1,0.9432576496612004,1,0.8791896236521388,1,0.8855076232476657,1,4,35.4
48201311800,Harris County,0.9433,4616,29.699182,-95.3244075,10.667,"Morgans Point, TX",14.0,0.5828656326530611,0.9208819131573687,0.8271604938271605,0.9438663197918752,0.41358024691358025,0.7328936993204717,0.9603511197636687,0.6256946760648983,0,0.8449085357642871,1,0.8797874879279071,0,0.8119226077550912,0,0.8614014997688851,1,2,61.6
48201311900,Harris County,0.8174,1653,29.7170693,-95.3251747,10.667,"Morgans Point, TX",16.0,0.5802582040816326,0.31588565425891796,0.8024691358024691,0.8178907344406644,0.4012345679012346,0.7296151255560006,0.9872140778080445,0.5678970345170065,0,0.7980359325036106,0,0.8312106280889976,0,0.7914176651912594,0,0.8013450661597863,0,0,166.2
48201312000,Harris County,0.275,3587,29.7152475,-95.3523898,10.667,"Morgans Point, TX",21.0,0.5163755918367348,0.49878981026572566,0.7407407407407407,0.2751650990594357,0.37037037037037035,0.6492892984913491,0.9790927934253959,0.33228826184599647,0,0.5436021290026595,0,0.5686416212300185,0,0.6330811389837341,0,0.4988626240121222,0,0,757.2
48201312200,Harris County,0.8022,1512,29.7321055,-95.3497568,10.667,"Morgans Point, TX",18.0,0.6149960816326531,1.6104345469911079,0.7777777777777778,0.8026816089653793,0.3888888888888889,0.773294440579302,0.9297337015571642,0.5544059769194851,0,0.7837685477386821,0,0.8291210225375032,0,0.7774641939964498,0,0.7869207246097983,0,0,195.2
48201312300,Harris County,0.8309,2333,29.7378633,-95.3604134,10.667,"Morgans Point, TX",19.0,0.5903130612244897,1.4890781720660644,0.7654320987654322,0.8313988393035822,0.3827160493827161,0.7422580762374893,0.935122150097267,0.5621891653510624,0,0.7852957809252658,0,0.826288617887353,0,0.7699280947991604,0,0.7929796239883184,0,0,190.2
48201312400,Harris County,0.7985,1856,29.7298981,-95.3610125,10.667,"Morgans Point, TX",18.0,0.5810208163265306,1.5890751993463812,0.7777777777777778,0.7989793876325796,0.3888888888888889,0.7305740321684325,0.9306820962805964,0.5529250883863652,0,0.7692133306454185,0,0.8083921621773533,0,0.7592913116496982,0,0.7741743401432787,0,0,224.2
48201312501,Harris County,0.0779,2428,29.7431037,-95.3699612,10.667,"Morgans Point, TX",19.0,0.7404511020408163,1.1674368677861617,0.7654320987654322,0.0779467680608365,0.3827160493827161,0.931041250228641,0.9494036216520515,0.2608083368539642,0,0.5474726711123197,0,0.6141734963451052,0,0.7039813054628142,0,0.46921835393707256,0,0,723.2
48201312502,Harris County,0.3823,1946,29.7361643,-95.3764282,10.667,"Morgans Point, TX",22.0,0.7176957551020408,1.6482152519832374,0.7283950617283951,0.3825295177106264,0.36419753086419754,0.9024287373903574,0.9280561680548275,0.3715303256027691,0,0.6478725162029293,0,0.7138885796568596,0,0.7363201823670303,0,0.6036486831208788,0,0,500.2
48201312601,Harris County,0.1495,3698,29.7217905,-95.3845987,10.667,"Morgans Point, TX",19.0,0.5483682448979591,1.3047988367764132,0.7654320987654322,0.14958975385231138,0.3827160493827161,0.6895167755281941,0.9433044949953074,0.2894655311705542,0,0.49862552609743926,0,0.5313992965391683,0,0.614970783512482,0,0.440452897389918,0,0,855.0
48201312602,Harris County,0.0108,2353,29.725801,-95.3830479,10.667,"Morgans Point, TX",18.0,0.6384470204081633,1.5631205082396429,0.7777777777777778,0.010806483890334201,0.3888888888888889,0.8027815887466941,0.9318345327923931,0.23765592688946702,0,0.4769052995361067,0,0.5262843188834725,0,0.632271571418031,0,0.3992221635951447,0,0,895.6
48201312603,Harris County,0.7388,3642,29.7268636,-95.3779522,10.667,"Morgans Point, TX",18.0,0.6053911836734694,1.578198604698854,0.7777777777777778,0.7392435461276766,0.3888888888888889,0.761217267380978,0.9311650372928502,0.529030751784404,0,0.7550612549224522,0,0.7985693347307921,0,0.7603338245207107,0,0.752424970123323,0,0,261.2
48201312700,Harris County,0.3789,2198,29.7267574,-95.3682096,10.667,"Morgans Point, TX",17.0,0.6097581224489796,1.458502135983723,0.7901234567901234,0.37912747648589157,0.3950617283950617,0.7667082446055602,0.9364797829129454,0.38868802763139365,0,0.6163289903788814,0,0.6596416270382491,0,0.6953961616765447,0,0.5767954047300498,0,0,572.2
48201312800,Harris County,0.8719,3291,29.7219583,-95.3579408,10.667,"Morgans Point, TX",21.0,0.5977393469387756,1.0144506143157435,0.7407407407407407,0.8724234540724435,0.37037037037037035,0.7515958681820581,0.9561964955713461,0.5711916038511996,0,0.8073602934928761,0,0.8489413460036799,0,0.7856725732996871,0,0.8182041535894706,0,0,145.8
48201312901,Harris County,0.7968,2232,29.7141893,-95.35729,10.667,"Morgans Point, TX",16.0,0.5335520816326531,0.4821889784431621,0.8024691358024691,0.7972783670202122,0.4012345679012346,0.6708869711669039,0.9798299012044807,0.5596520875488256,0,0.7690983192985857,0,0.7945261348771901,0,0.7597049700580436,0,0.7737949939188569,0,0,227.4
48201312902,Harris County,0.2546,2250,29.7146857,-95.3646164,10.667,"Morgans Point, TX",17.0,0.5212151020408163,0.6120793077879395,0.7901234567901234,0.25475285171102663,0.3950617283950617,0.655374485775808,0.9740625292311201,0.3389381777214477,0,0.5434956239203995,0,0.5677281561085954,0,0.6397432146568571,0,0.49537182855217066,0,0,750.6
48201313000,Harris County,0.5791,3059,29.7200378,-95.3744784,10.667,"Morgans Point, TX",19.0,0.6050814693877551,1.0732169608885616,0.7654320987654322,0.5794476686011607,0.3827160493827161,0.7608278334602364,0.9535871605892072,0.4614086970700939,0,0.6961069185667105,0,0.7381752539794354,0,0.7349933352218938,0,0.6766637102391189,0,0,401.4
48201313101,Harris County,0.0956,2586,29.7062143,-95.3820336,10.667,"Morgans Point, TX",17.0,0.5750786122448979,0.23349321132904444,0.7901234567901234,0.095657394436662,0.3950617283950617,0.7231023205293673,0.9908724553683103,0.2752999948117018,0,0.5063171293056646,0,0.5387771536867944,0,0.6432037075953322,0,0.43787384016083086,0,0,830.2
48201313102,Harris County,0.4884,1727,29.7137231,-95.3916512,10.667,"Morgans Point, TX",19.0,0.4027500408163265,0.8389014485918009,0.7654320987654322,0.4886932159295578,0.3827160493827161,0.506416832249645,0.9639912047190584,0.4251069160014528,0,0.5834327808358878,0,0.5883303339992919,0,0.6150126358046644,0,0.5676428533514994,0,0,674.4
48201313201,Harris County,0.5439,1370,29.7064172,-95.3504938,10.667,"Morgans Point, TX",16.0,0.47216057142857143,0.1356695768458405,0.8024691358024691,0.544226535921553,0.4012345679012346,0.5936934491959124,0.9952160065063872,0.45843135510936195,0,0.6485323266800957,0,0.6616400047081883,0,0.6833009235996101,0,0.6311480282203387,0,0,511.8
48201313202,Harris County,0.4526,2618,29.7071865,-95.3693828,10.667,"Morgans Point, TX",18.0,0.4732484081632653,0.15554876749017196,0.7777777777777778,0.45287172303382034,0.3888888888888889,0.5950612922185273,0.9943333335040663,0.4144820225468615,0,0.6082781507196445,0,0.6227077759737378,0,0.660080293281586,0,0.5823770794386739,0,0,609.4
48201313300,Harris County,0.8066,2250,29.7045424,-95.3355622,10.667,"Morgans Point, TX",14.0,0.4722860408163264,0.4359738051328246,0.8271604938271605,0.8070842505503302,0.41358024691358025,0.5938512140710255,0.9818819407723114,0.5709818483682803,0,0.7534154340921385,0,0.7666298089788248,0,0.7355258286060746,0,0.7623602368351705,0,0,259.0
48201313400,Harris County,0.8053,4158,29.694189,-95.3381856,10.667,"Morgans Point, TX",15.0,0.5281999183673469,1.0978604490308088,0.8148148148148149,0.8057834700820493,0.40740740740740744,0.664157175284064,0.9524929439253925,0.5667578324772642,0,0.7637697737076483,0,0.790040649987799,0,0.7497652082495145,0,0.7707720564367151,0,0,232.2
48201313500,Harris County,0.8889,2331,29.6887139,-95.3478932,10.667,"Morgans Point, TX",17.0,0.5237526530612244,1.3614715313958066,0.7901234567901234,0.8894336601961177,0.3950617283950617,0.6585651956931112,0.9407881220501352,0.5928105011154842,0,0.7879519745707624,0,0.8154740666252083,0,0.7541247460289773,0,0.8048655888416549,0,0,167.4
48201313600,Harris County,0.9492,4563,29.6916477,-95.3575745,10.667,"Morgans Point, TX",17.0,0.5403342857142857,1.0478827705305234,0.7901234567901234,0.9497698619171504,0.3950617283950617,0.6794148965762455,0.9547120457148035,0.6169449818038972,0,0.8229703402441547,0,0.8522799345721699,0,0.7807038330198228,0,0.8441035938563206,0,0,94.8
48201313700,Harris County,0.7176,2045,29.6975415,-95.3665463,10.667,"Morgans Point, TX",19.0,0.5635258775510205,0.5554621628685357,0.7654320987654322,0.7180308184910947,0.3827160493827161,0.7085759425912405,0.9765764356663954,0.5168419570260676,0,0.7423811981523791,0,0.775038932323985,0,0.7504979913728074,0,0.738322801542165,0,0,296.2
48201313801,Harris County,0.9255,1446,29.6887347,-95.3695345,10.667,"Morgans Point, TX",13.0,0.4853684897959184,1.115577587278856,0.8395061728395061,0.926055633380028,0.41975308641975306,0.6103010506914865,0.9517062700667966,0.6222741052038631,0,0.7986399562851172,0,0.81624512570338,0,0.7561680639201469,0,0.8198759024676023,0,0,131.2
48201313802,Harris County,0.8786,2259,29.6881522,-95.3760594,10.667,"Morgans Point, TX",23.0,0.5352697142857143,1.0752609528477821,0.7160493827160495,0.8791274764858916,0.3580246913580247,0.6730467179055231,0.953496403548257,0.5664658054091715,0,0.7807473905405427,0,0.8124073169527812,0,0.7479540285587596,0,0.7971440715314342,0,0,202.4
48201313901,Harris County,0.2286,2903,29.6945254,-95.3831759,10.667,"Morgans Point, TX",17.0,0.6100864489795917,0.5617688412481474,0.7901234567901234,0.22873724234540727,0.3950617283950617,0.7671210815136312,0.9762964074278417,0.3285319339751999,0,0.5687644179353624,0,0.6087441366252123,0,0.6821068097986808,0,0.5120932220037032,0,0,684.2
48201313902,Harris County,0.0533,2719,29.6832036,-95.3862954,10.667,"Morgans Point, TX",16.0,0.6520277551020408,1.2949226502922493,0.8024691358024691,0.05333199919951971,0.4012345679012346,0.819857968501632,0.9437430160262401,0.2620735404205486,0,0.506851656876597,0,0.5566000352120302,0,0.6580248761022895,0,0.4312650472637508,0,0,820.2
48201314001,Harris County,0.3903,2855,29.699002,-95.3923379,10.667,"Morgans Point, TX",17.0,0.6384319999999999,0.2038089585578244,0.7901234567901234,0.39053432059235543,0.3950617283950617,0.8027627021253402,0.9921904913479439,0.3932507652739792,0,0.6496135401669445,0,0.6933225796695985,0,0.735973280025141,0,0.6064336702378463,0,0,498.4
48201314003,Harris County,0.3628,2322,29.6919314,-95.3978089,10.667,"Morgans Point, TX",19.0,0.6211484081632653,0.5727937511363378,0.7654320987654322,0.36301781068641187,0.3827160493827161,0.7810303596279583,0.9758068809433166,0.37483675390419435,0,0.6228128219857516,0,0.6658696773167968,0,0.7094111590855315,0,0.5795136534358617,0,0,558.0
48201314004,Harris County,0.1878,1755,29.6872016,-95.397622,10.667,"Morgans Point, TX",19.0,0.640574693877551,0.8957385508205963,0.7654320987654322,0.18791274764858915,0.3827160493827161,0.8054569197193365,0.9614675317705413,0.3047947286890653,0,0.5559280185122439,0,0.6036901334407841,0,0.6785997754667955,0,0.4945921400349681,0,0,713.2
48201314005,Harris County,0.4171,2993,29.6836581,-95.3970225,10.667,"Morgans Point, TX",21.0,0.6674099591836734,1.1431846913215233,0.7407407407407407,0.4173504102461477,0.37037037037037035,0.8391995110828542,0.9504804633502805,0.38916238632068134,0,0.6509612870180894,0,0.7055234357694563,0,0.7288315792754034,0,0.6120261408894325,0,0,495.8
48201314301,Harris County,0.6507,1936,29.6791537,-95.4158615,10.667,"Morgans Point, TX",19.0,0.7186063673469387,1.2829137401310187,0.7654320987654322,0.6510906543926356,0.3827160493827161,0.9035737388099334,0.9442762339512686,0.4900658913866839,0,0.7665282654603639,0,0.8297484086101237,0,0.8050074691496067,0,0.7472886636157425,0,0,251.0
48201314302,Harris County,0.5562,1469,29.6847382,-95.4182205,10.667,"Morgans Point, TX",19.0,0.7111092244897959,0.876516323113327,0.7654320987654322,0.5565339203522114,0.3827160493827161,0.8941468512820218,0.9623210343977476,0.4522431977705142,0,0.7314029142764538,0,0.7917414248516816,0,0.7896925789178679,0,0.7022580819557467,0,0,329.2
48201314401,Harris County,0.2732,1599,29.6965548,-95.4043924,10.667,"Morgans Point, TX",20.0,0.6927275102040816,0.1960630954453393,0.7530864197530864,0.2733640184110466,0.3765432098765432,0.8710337325321849,0.9925344220628,0.3352715332903446,0,0.618425231984068,0,0.6734194070037068,0,0.7334456365084084,0,0.5609150297218978,0,0,564.8
48201314402,Harris County,0.2179,2095,29.6886576,-95.4100413,10.667,"Morgans Point, TX",16.0,0.6869359183673469,0.6886316831353572,0.8024691358024691,0.21803081849109468,0.4012345679012346,0.8637514003300643,0.9706634615230004,0.3279530681371786,0,0.5948953997468223,0,0.6486106999006187,0,0.7205169268320647,0,0.532084636204201,0,0,611.2
48201320100,Harris County,0.9299,2539,29.6946691,-95.2812699,10.667,"Morgans Point, TX",15.0,0.5572790204081634,0.03620675270774935,0.8148148148148149,0.930458274964979,0.40740740740740744,0.7007211610016727,0.999632340710935,0.6166277544304362,0,0.8398382297470692,0,0.8673083297248683,0,0.809631548007766,0,0.8549415706167208,0,0,72.8
48201320201,Harris County,0.9023,2876,29.7009123,-95.2681003,10.667,"Morgans Point, TX",10.0,0.35451714285714286,0.13027904005401952,0.8765432098765432,0.9028417050230139,0.4382716049382716,0.44576891438674016,0.9954553563561516,0.6240996449721685,0,0.7573463497337675,0,0.7461813849359114,0,0.7088478979706854,0,0.7815955756153086,0,0,232.8
48201320202,Harris County,0.8136,3317,29.689568,-95.2711577,10.667,"Morgans Point, TX",10.0,0.3824430204081633,0.592188691649343,0.8765432098765432,0.8140884530718432,0.4382716049382716,0.48088283869203585,0.9749457095466163,0.5885983441917002,0,0.7264160788249212,0,0.7220062424521467,0,0.6971919540759474,0,0.7410281411994082,0,0,311.0
48201320500,Harris County,0.6917,4426,29.6991881,-95.2440992,10.667,"Morgans Point, TX",13.0,0.4553590204081633,1.555514435600511,0.8395061728395061,0.6921152691614969,0.41975308641975306,0.5725672235414345,0.9321722565504863,0.5286979595164506,0,0.6871394038309043,0,0.7010269276254747,0,0.6854807820540401,0,0.6879687147193364,0,0,419.0
48201320601,Harris County,0.9019,2441,29.6839896,-95.262852,10.667,"Morgans Point, TX",14.0,0.32614995918367345,1.1865096941490965,0.8271604938271605,0.9024414648789274,0.41358024691358025,0.41010009293449445,0.9485567527221377,0.6091247340997191,0,0.7236150549820293,0,0.7134613688568526,0,0.6640062516830633,0,0.7534194566315122,0,0,321.2
48201320602,Harris County,0.8782,5047,29.6774601,-95.2575385,10.667,"Morgans Point, TX",14.0,0.5079648163265307,1.7276869233908274,0.8271604938271605,0.878727236341805,0.41358024691358025,0.6387136116906545,0.9245274781772643,0.5996390426848702,0,0.7781627052935688,0,0.8026611942026469,0,0.7446411949441568,0,0.7949234604682749,0,0,181.2
48201320700,Harris County,0.924,4110,29.6713783,-95.2499807,10.667,"Morgans Point, TX",13.0,0.5655418775510204,2.3140631393375513,0.8395061728395061,0.9245547328397039,0.41975308641975306,0.7111108556399044,0.8984912846380235,0.6216737449877334,0,0.8129364194018719,0,0.8494523894116623,0,0.7757303149225946,0,0.8315394716415105,0,0,104.2
48201320800,Harris County,0.9839,4804,29.6598065,-95.2410022,10.667,"Morgans Point, TX",13.0,0.5989474285714285,3.2775858787834125,0.8395061728395061,0.98449069441665,0.41975308641975306,0.7531149068201847,0.8557090846758901,0.6456481296185119,0,0.8366672492708724,0,0.8828183264231448,0,0.7873927675556134,0,0.8613044901285021,1,1,63.4
48201320901,Harris County,0.9515,3649,29.6477726,-95.2437602,10.667,"Morgans Point, TX",14.0,0.5773684897959184,3.9139415085750873,0.8271604938271605,0.9520712427456475,0.41358024691358025,0.725981606483695,0.8274537122947108,0.6289766452464072,0,0.8044311746797421,0,0.8496452396341707,0,0.7552178186577737,0,0.8290378526907264,0,0,112.0
48201320902,Harris County,0.402,3280,29.6477918,-95.2317334,10.667,"Morgans Point, TX",12.0,0.5202011428571428,4.276661793219382,0.8518518518518519,0.40224134480688417,0.42592592592592593,0.6540995361897431,0.8113482576825043,0.41645209347830925,0,0.5608238822174222,0,0.5961062881145305,0,0.6136847280209349,0,0.5343934593156658,0,0,700.6
48201321001,Harris County,0.6811,3039,29.6322318,-95.2288977,10.667,"Morgans Point, TX",13.0,0.5320075918367346,5.29203868289865,0.8395061728395061,0.681508905343206,0.41975308641975306,0.6689449337972598,0.7662636370993193,0.5244554139891342,0,0.6611342026004751,0,0.7029002734127289,0,0.6543426350195649,0,0.6645299863909302,0,0,463.8
48201321002,Harris County,0.7676,5279,29.6398866,-95.2257862,10.667,"Morgans Point, TX",14.0,0.45186514285714285,4.9292161939110635,0.8271604938271605,0.7680608365019012,0.41358024691358025,0.5681740311830437,0.7823736297742748,0.5553724827489086,0,0.6673246893351967,0,0.6938721498783975,0,0.6337459736129618,0,0.6841140471963141,0,0,454.8
48201321101,Harris County,0.4044,3489,29.617103,-95.2057141,10.667,"Morgans Point, TX",12.0,0.3983982857142857,5.269011915647095,0.8518518518518519,0.4046427856714028,0.42592592592592593,0.5009449469357792,0.7672860683515429,0.4174126698241167,0,0.5000570785981144,0,0.5172497867901733,0,0.5318618429070183,0,0.4841546964436625,0,0,839.8
48201321102,Harris County,0.6657,4012,29.6278462,-95.2136038,10.667,"Morgans Point, TX",14.0,0.3601419591836734,6.0265222556675155,0.8271604938271605,0.6660996597958775,0.41358024691358025,0.4528415435050243,0.7336512017174915,0.5145880120664992,0,0.5751922542890637,0,0.5894412510765505,0,0.5448897857867924,0,0.5903434885401992,0,0,672.0
48201321200,Harris County,0.9851,4883,29.6369249,-95.2004177,10.667,"Morgans Point, TX",17.0,0.2864284081632653,6.036910739227104,0.7901234567901234,0.9856914148489093,0.3950617283950617,0.36015432011960985,0.733189933744506,0.6313136029766008,0,0.6680780155348567,0,0.6707246122550641,0,0.5622068824301725,0,0.7210135820871988,0,0,439.0
48201321301,Harris County,0.9287,4065,29.6494261,-95.2190701,10.667,"Morgans Point, TX",14.0,0.5619780408163265,4.64311351694581,0.8271604938271605,0.9292575545327196,0.41358024691358025,0.7066296967896645,0.7950771202416287,0.619851169961236,0,0.7791150643721297,0,0.8243271434855456,0,0.7290675676519331,0,0.804138812732228,0,0,168.8
48201321302,Harris County,0.7217,2148,29.6447146,-95.2117152,10.667,"Morgans Point, TX",13.0,0.608074857142857,5.180251632086227,0.8395061728395061,0.7221332799679808,0.41975308641975306,0.7645917112777558,0.7712271898679699,0.5407051638390441,0,0.7088742350128824,0,0.7638587815941181,0,0.7044545533611829,0,0.7110840758387321,0,0,350.4
48201321401,Harris County,0.7868,3991,29.665939,-95.2270082,10.667,"Morgans Point, TX",13.0,0.42958571428571435,3.4926372214837964,0.8395061728395061,0.787272363418051,0.41975308641975306,0.540159936836569,0.8461604054710543,0.5667607972190722,0,0.6881379351109111,0,0.7047304382163546,0,0.6550931256751978,0,0.7046603398287677,0,0,407.2
48201321402,Harris County,0.6753,4773,29.6566446,-95.2197688,10.667,"Morgans Point, TX",12.0,0.4174229387755102,4.250437450832563,0.8518518518518519,0.6757054232539524,0.42592592592592593,0.5248664951953051,0.8125126672121783,0.5258377248571365,0,0.6301249876610812,0,0.6468767772172832,0,0.6149315091301242,0,0.6377217269265597,0,0,543.8
48201321500,Harris County,0.9753,2601,29.665047,-95.2118806,10.667,"Morgans Point, TX",14.0,0.6186145306122448,4.243113014337351,0.8271604938271605,0.9758855313187913,0.41358024691358025,0.7778442687213121,0.8128378858021705,0.6385023606756647,0,0.8256148717423654,0,0.879470729458534,0,0.7755246518835567,0,0.8506599816717697,0,0,79.6
48201321600,Harris County,0.8045,6739,29.6772103,-95.2196252,10.667,"Morgans Point, TX",15.0,0.49551959183673466,3.4091420306570845,0.8148148148148149,0.8049829897938764,0.40740740740740744,0.6230650194521935,0.849867747086966,0.5664376403619951,0,0.7184671226986004,0,0.7476195436760098,0,0.6896285003335084,0,0.7328864338811464,0,0,336.6
48201321700,Harris County,0.6685,3389,29.67773,-95.2355903,10.667,"Morgans Point, TX",14.0,0.5205591836734693,2.575573676912237,0.8271604938271605,0.6689013408044827,0.41358024691358025,0.654549735761797,0.8868797308544983,0.5157086844699412,0,0.6874054717703144,0,0.7173695749772986,0,0.6935735154255915,0,0.6843214499426757,0,0,416.2
48201321800,Harris County,0.8201,4402,29.6876863,-95.2376936,10.667,"Morgans Point, TX",14.0,0.4765897142857143,2.1175053006992584,0.8271604938271605,0.820592355413248,0.41358024691358025,0.599262641667623,0.9072188178995473,0.5763850903134474,0,0.7371434122072583,0,0.7574897860582186,0,0.7093270978052617,0,0.7510515694082566,0,0,287.6
48201321900,Harris County,0.887,5979,29.6957716,-95.2248643,10.667,"Morgans Point, TX",13.0,0.3968561632653061,2.724688918458228,0.8395061728395061,0.8875325195117071,0.41975308641975306,0.49900588626189213,0.8802587370574122,0.6068648596565347,0,0.7260336101583956,0,0.733851973898264,0,0.6722006403739584,0,0.7529500950506142,0,0,309.0
48201322000,Harris County,0.8944,3969,29.7015072,-95.2175148,10.667,"Morgans Point, TX",9.0,0.5023490612244899,3.151717684735444,0.8888888888888888,0.8949369621773064,0.4444444444444444,0.6316523761319913,0.8612978663685046,0.6246414515375893,0,0.7723063484506519,0,0.7985548151829363,0,0.7314294772084338,0,0.792744784071761,0,0,184.6
48201322100,Harris County,0.9854,4158,29.6862136,-95.2110294,10.667,"Morgans Point, TX",14.0,0.5591753469387756,3.665436490855883,0.8271604938271605,0.9859915949569743,0.41358024691358025,0.7031055969475937,0.838487796830973,0.6425447861309379,0,0.8142928814097941,0,0.855304389283216,0,0.7570599768940672,0,0.8429093336676574,0,0,94.0
48201322200,Harris County,0.9606,1582,29.7048504,-95.2137873,10.667,"Morgans Point, TX",11.0,0.5038583673469388,3.1683738518502165,0.8641975308641976,0.9611767060236143,0.4320987654320988,0.6335501736440073,0.8605583015996267,0.643729941668705,0,0.7953006587933305,0,0.8229344649785153,0,0.7400086430499025,0,0.8229466666650445,0,0,131.6
48201322600,Harris County,0.7996,5020,29.6986487,-95.1560466,10.667,"Morgans Point, TX",12.0,0.4845074285714286,3.2803062329607586,0.8518518518518519,0.8000800480288173,0.42592592592592593,0.609218354593442,0.8555882958957,0.5755875747670824,0,0.7197586904118216,0,0.7448714615467595,0,0.6929849045394897,0,0.7331455833479875,0,0,327.0
48201322701,Harris County,0.73,2401,29.6950477,-95.1662502,10.667,"Morgans Point, TX",15.0,0.5155889795918368,3.5862303301591165,0.8148148148148149,0.7304382629577747,0.40740740740740744,0.6483002143426235,0.8420046975396275,0.5366197496275544,0,0.694086583816758,0,0.727507906639508,0,0.6819693574364193,0,0.7001451970069275,0,0,399.0
48201322702,Harris County,0.4091,3795,29.7060332,-95.1668094,10.667,"Morgans Point, TX",12.0,0.5296070204081632,2.837106342765587,0.8518518518518519,0.40934560736441866,0.42592592592592593,0.665926461655129,0.8752671945342836,0.419293798501323,0,0.5873734768915365,0,0.6188976940715739,0,0.6467161000672426,0,0.5577021653036836,0,0,640.8
48201322800,Harris County,0.834,6761,29.7056151,-95.1818051,10.667,"Morgans Point, TX",13.0,0.49827608163265313,2.951171517368273,0.8395061728395061,0.8345007004202522,0.41975308641975306,0.6265310224046653,0.8702024888363419,0.5856521320199527,0,0.7415877678286843,0,0.7684506191147065,0,0.7106167902981616,0,0.7570732565939455,0,0,266.8
48201322900,Harris County,0.8747,3605,29.7034718,-95.1943063,10.667,"Morgans Point, TX",12.0,0.4490542857142857,3.167800721571276,0.8518518518518519,0.8752251350810487,0.42592592592592593,0.5646396668728456,0.8605837496489505,0.605645609587975,0,0.7374274683911708,0,0.7557568148735246,0,0.6914949128278782,0,0.7603937461728172,0,0,276.2
48201323000,Harris County,0.982,7169,29.6948991,-95.1919944,10.667,"Morgans Point, TX",14.0,0.5387599183673468,3.744374514901685,0.8271604938271605,0.9825895537322393,0.41358024691358025,0.6774352912532565,0.8349828018878485,0.6411839696410438,0,0.8038004135413155,0,0.8414493554505813,0,0.7442040334776742,0,0.8335986035731361,0,0,114.0
48201323100,Harris County,0.93,4098,29.6879241,-95.169993,10.667,"Morgans Point, TX",11.0,0.542476081632653,4.098519674362558,0.8641975308641976,0.9305583350010007,0.4320987654320988,0.682107985078748,0.8192580987673073,0.6314825932596595,0,0.7853248877168741,0,0.8234022643390433,0,0.7369137386221654,0,0.8095304622642285,0,0,150.2
48201323200,Harris County,0.824,6018,29.6869069,-95.1829177,10.667,"Morgans Point, TX",11.0,0.5090081632653061,4.2421051212226875,0.8641975308641976,0.8244946968180908,0.4320987654320988,0.6400255133619767,0.8128826381292373,0.5890571379864956,0,0.7277324612343966,0,0.7603510641351605,0,0.6954783827064986,0,0.7438595004983457,0,0,292.8
48201323300,Harris County,0.9681,3070,29.6871648,-95.2011254,10.667,"Morgans Point, TX",11.0,0.6302648163265306,4.227986910291122,0.8641975308641976,0.9686812087252351,0.4320987654320988,0.7924933070535578,0.8135095129277805,0.6467317427493533,0,0.8333245547643363,0,0.8876349606831242,1,0.7882056701107033,0,0.8558839970911527,1,2,62.8
48201323400,Harris County,0.9217,7849,29.676607,-95.1995552,10.667,"Morgans Point, TX",13.0,0.4632749387755102,4.526791948050269,0.8395061728395061,0.9222533520112067,0.41975308641975306,0.5825206782842655,0.8002420140388007,0.6207531926563346,0,0.7410168126520018,0,0.7675624525535838,0,0.6806046328656001,0,0.7712229025452026,0,0,261.4
48201323500,Harris County,0.9966,5524,29.663573,-95.2013272,10.667,"Morgans Point, TX",13.0,0.5290041632653061,4.8299196934732995,0.8395061728395061,0.9971983189913949,0.41975308641975306,0.665168430683944,0.7867825788974805,0.6507311794484099,0,0.7926502264275095,0,0.8321297707735651,0,0.7244675289062144,0,0.826741575188157,0,0,136.4
48201323601,Harris County,0.9864,3578,29.6521843,-95.1931237,10.667,"Morgans Point, TX",13.0,0.37462710204081634,5.675672535951632,0.8395061728395061,0.9869921953171904,0.41975308641975306,0.4710551236837616,0.7492295811900673,0.646648729978728,0,0.7160579523962123,0,0.7310517119089989,0,0.6257465380892195,0,0.7612136595497085,0,0,329.8
48201323602,Harris County,0.2423,4818,29.6399305,-95.1873105,10.667,"Morgans Point, TX",13.0,0.378698612244898,6.470728713445123,0.8395061728395061,0.24244546728036823,0.41975308641975306,0.47617462980682485,0.7139276096079351,0.3488300387639991,0,0.4087923747297122,0,0.4275235011513203,0,0.46424134387949356,0,0.3810678901548215,0,0,1000.6
48201323701,Harris County,0.8165,4440,29.6551252,-95.1769249,10.667,"Morgans Point, TX",16.0,0.5197514285714286,6.390012026526817,0.8024691358024691,0.8169901941164699,0.4012345679012346,0.6535340666406224,0.7175115804875491,0.5675368183873287,0,0.6894480436849723,0,0.7347466664920106,0,0.6469339935411398,0,0.7107050687568885,0,0,396.4
48201323702,Harris County,0.4408,3053,29.6453195,-95.1766173,10.667,"Morgans Point, TX",17.0,0.5281871836734693,6.760356639083498,0.7901234567901234,0.44106463878327,0.3950617283950617,0.6641411627137856,0.7010675915491966,0.4134628925503451,0,0.5353188649421907,0,0.5840569138815491,0,0.5667369403284976,0,0.5196098272490373,0,0,758.6
48201323801,Harris County,0.4496,3959,29.6743814,-95.1891936,10.667,"Morgans Point, TX",14.0,0.5509123265306123,5.139341089476943,0.8271604938271605,0.44986992195317194,0.41358024691358025,0.6927156970199991,0.7730436939760892,0.42809611692941696,0,0.5761087352492785,0,0.621213304715154,0,0.618188339681314,0,0.5550689330332608,0,0,665.6
48201323802,Harris County,0.9656,4969,29.673244,-95.1791015,10.667,"Morgans Point, TX",14.0,0.44554857142857146,5.159641956026149,0.8271604938271605,0.9661797078246949,0.41358024691358025,0.5602315910356706,0.7721422977800718,0.6346200312780261,0,0.7408839828059373,0,0.7671702403865157,0,0.6657854077996848,0,0.7784332703090635,0,0,261.6
48201323900,Harris County,0.9944,3141,29.6744801,-95.1649829,10.667,"Morgans Point, TX",15.0,0.37400408163265303,4.994933064975693,0.8148148148148149,0.9949969981989194,0.40740740740740744,0.47027173947630274,0.7794556785898641,0.6424432437240122,0,0.7246111176604717,0,0.7379699980003355,0,0.6344824908143225,0,0.7696754310835463,0,0,312.2
48201324000,Harris County,0.6767,5720,29.6526201,-95.1668761,10.667,"Morgans Point, TX",14.0,0.46656432653061225,6.508420997990141,0.8271604938271605,0.677106263758255,0.41358024691358025,0.586656745716073,0.712254002137745,0.5189906536514501,0,0.6147808917772666,0,0.6499375596671708,0,0.5940057677836037,0,0.625168453774098,0,0,571.0
48201324101,Harris County,0.9227,5441,29.7143094,-95.2051224,10.667,"Morgans Point, TX",10.0,0.5669451428571429,2.4850871368728273,0.8765432098765432,0.9232539523714228,0.4382716049382716,0.7128753177109498,0.890897501366146,0.6322645439115321,0,0.8163877312817472,0,0.8522247231422063,0,0.7807656575851888,0,0.8341987681300265,0,0,92.6
48201324200,Harris County,0.74,782,29.7152961,-95.2428809,10.667,"Morgans Point, TX",10.0,0.47700661224489793,1.940541910414191,0.8765432098765432,0.740444266559936,0.4382716049382716,0.599786848054873,0.9150763212455576,0.5591406695869374,0,0.7154358000661096,0,0.7330842473828617,0,0.7070996445681675,0,0.7196038778150807,0,0,344.2
48201330101,Harris County,0.5723,5626,29.6345193,-95.4242522,10.667,"Morgans Point, TX",21.0,0.4936728979591836,0.32837951510290947,0.7407407407407407,0.5726435861516911,0.37037037037037035,0.6207429914724851,0.98665932717161,0.45127965668289866,0,0.6560270113669672,0,0.6763506244100079,0,0.6838214864387259,0,0.6421297738310878,0,0,500.6
48201330102,Harris County,0.8407,2608,29.6347678,-95.4165137,10.667,"Morgans Point, TX",19.0,0.37904383673469383,0.4177651123684574,0.7654320987654322,0.8412047228337003,0.3827160493827161,0.47660871416391903,0.9826904405647939,0.5661115187631098,0,0.7209603863565605,0,0.7200137544589476,0,0.6808789408641805,0,0.7410011091027504,0,0,350.6
48201330200,Harris County,0.7813,4997,29.6346785,-95.4536495,10.667,"Morgans Point, TX",22.0,0.3163332244897959,0.15145616008035845,0.7283950617283951,0.7817690614368622,0.36419753086419754,0.39775655678827254,0.9945150528775746,0.5312261430932634,0,0.6704108422851132,0,0.658788411486185,0,0.633291435901197,0,0.6889705454770714,0,0,480.6
48201330301,Harris County,0.5593,8579,29.6404142,-95.4709368,10.667,"Morgans Point, TX",22.0,0.3249659591836735,0.5818056208856413,0.7283950617283951,0.5596357814688814,0.36419753086419754,0.4086113344773426,0.9754067371814068,0.44237283110607106,0,0.5789742344938003,0,0.5705276803112187,0,0.5854203855021066,0,0.5757511589896471,0,0,695.6
48201330302,Harris County,0.8952,5001,29.615549,-95.4760221,10.667,"Morgans Point, TX",24.0,0.4092703673469388,1.0837034940315324,0.7037037037037037,0.8957374424654794,0.35185185185185186,0.5146154735214701,0.9531215390325327,0.5694060880973029,0,0.7357541972381871,0,0.7453761721931678,0,0.6824264488290899,0,0.7624180714427359,0,0,318.8
48201330303,Harris County,0.7001,4588,29.6263774,-95.4974893,10.667,"Morgans Point, TX",21.0,0.2733292244897959,0.11623232260215069,0.7407407407407407,0.7005203121873124,0.37037037037037035,0.34368344133948847,0.9960790567113534,0.5024303470971472,0,0.6234084352000722,0,0.6034149425607029,0,0.5977044762043253,0,0.6362604146979455,0,0,594.6
48201330400,Harris County,0.9097,4836,29.6160441,-95.4544704,10.667,"Morgans Point, TX",19.0,0.28967804081632653,1.2735685313578597,0.7654320987654322,0.9102461476886131,0.3827160493827161,0.36424039959163845,0.9446911785852178,0.5937280887050749,0,0.7015130269571737,0,0.6877772286472718,0,0.6319353200466938,0,0.7363018804124135,0,0,387.6
48201330500,Harris County,0.9101,4913,29.6225436,-95.4304614,10.667,"Morgans Point, TX",19.0,0.416254693877551,1.0851208886828057,0.7654320987654322,0.9106463878326997,0.3827160493827161,0.5233975471616384,0.9530586040763418,0.5938881847627095,0,0.7541070642293217,0,0.7623577330558176,0,0.7019272896948624,0,0.7801969514965513,0,0,249.0
48201330600,Harris County,0.7587,6884,29.6122756,-95.4336038,10.667,"Morgans Point, TX",20.0,0.40066065306122445,1.7487467311405258,0.7530864197530864,0.7591554932959776,0.3765432098765432,0.5037896416325185,0.9235923835817493,0.5295881232443169,0,0.676218818484751,0,0.6847089057595067,0,0.6485732602143421,0,0.6900415976199554,0,0,455.4
48201330700,Harris County,0.7763,9562,29.5978578,-95.4428953,10.667,"Morgans Point, TX",21.0,0.2716791020408163,2.627905681995722,0.7407407407407407,0.7767660596357815,0.37037037037037035,0.3416085817522802,0.8845560925901967,0.5329286460765348,0,0.6183514630835125,0,0.6075621855052704,0,0.5655465975660896,0,0.6447538958422241,0,0,594.2
48201330801,Harris County,0.8657,5585,29.6054427,-95.3264973,10.667,"Morgans Point, TX",16.0,0.10558938775510203,4.025190103527249,0.8024691358024691,0.8662197318391035,0.4012345679012346,0.13276781588336115,0.8225140679667657,0.5872286334763821,0,0.5790089035087838,0,0.5410903152289863,0,0.48327196073201056,0,0.6268773748971704,0,0,648.6
48201330802,Harris County,0.4835,10478,29.5951606,-95.3870003,10.667,"Morgans Point, TX",20.0,0.3222782857142857,3.562283915420961,0.7530864197530864,0.4837902741644987,0.3765432098765432,0.4052318609911822,0.8430679628490618,0.41944203559172544,0,0.5100213382046126,0,0.511314464950806,0,0.5187650262179839,0,0.5056494941979269,0,0,836.2
48201330901,Harris County,0.4471,10866,29.617472,-95.3983444,10.667,"Morgans Point, TX",22.0,0.39127730612244893,1.8884969591410359,0.7283950617283951,0.4473684210526316,0.36419753086419754,0.49199104609916333,0.917387213787303,0.3974658869395712,0,0.5420048399919453,0,0.5503924550373638,0,0.5735503129717165,0,0.5262321035020596,0,0,768.6
48201330902,Harris County,0.9652,2860,29.605594,-95.404806,10.667,"Morgans Point, TX",21.0,0.19894097959183674,2.546403047801416,0.7407407407407407,0.9657794676806084,0.37037037037037035,0.2501478596633706,0.8881749609892413,0.6085340092944655,0,0.666462981617131,0,0.6423211527814648,0,0.5666908195959719,0,0.7163490626277106,0,0,464.8
48201331100,Harris County,0.8404,3470,29.6749553,-95.3691233,10.667,"Morgans Point, TX",19.0,0.4696185306122449,1.3471183093894412,0.7654320987654322,0.8409045427256354,0.3827160493827161,0.5904970938211392,0.9414254317770757,0.5659914467198839,0,0.743570887442937,0,0.7623823793946229,0,0.7111263356820374,0,0.7597931633233866,0,0,284.6
48201331200,Harris County,0.9892,4744,29.6635175,-95.3705233,10.667,"Morgans Point, TX",17.0,0.24556171428571424,0.6329814714169391,0.7901234567901234,0.9897938763257955,0.3950617283950617,0.30876864771585816,0.9731344343274841,0.6329545875673552,0,0.7287365062237745,0,0.7036146127009818,0,0.6417173828564341,0,0.7722460679074445,0,0,318.2
48201331300,Harris County,0.8353,4062,29.6465413,-95.3784722,10.667,"Morgans Point, TX",15.0,0.35991191836734693,0.3499217985772767,0.8148148148148149,0.8358014808885332,0.40740740740740744,0.4525522907932032,0.985702809757427,0.5787650367998578,0,0.7199406684644447,0,0.7132031157889245,0,0.6813203976564153,0,0.7392508038684595,0,0,342.8
48201331400,Harris County,0.964,2953,29.654386,-95.3601789,10.667,"Morgans Point, TX",19.0,0.3825552653061224,0.1907851873909251,0.7654320987654322,0.964578747248349,0.3827160493827161,0.4810239751287831,0.992768770987347,0.6154611285289693,0,0.7748463820681268,0,0.7736709346354969,0,0.711602260341386,0,0.8064684429314971,0,0,204.8
48201331501,Harris County,0.5893,4355,29.634145,-95.3590655,10.667,"Morgans Point, TX",16.0,0.45847355102040815,1.5323259116910497,0.8024691358024691,0.5896537922753653,0.4012345679012346,0.5764834260659599,0.9332018700988826,0.4766022576508868,0,0.6419066584973927,0,0.6578425178362186,0,0.659324280571402,0,0.6331978474603882,0,0,526.6
48201331502,Harris County,0.3877,5010,29.6305535,-95.3733149,10.667,"Morgans Point, TX",18.0,0.09180481632653059,1.4971721797362156,0.7777777777777778,0.3879327596557935,0.3888888888888889,0.11543513235929004,0.9347627611171598,0.38850643719565076,0,0.41353801193580714,0,0.36463712414235183,0,0.42207309602914506,0,0.4092704698891382,0,0,1002.8
48201331602,Harris County,0.7571,3034,29.6278814,-95.3182656,10.667,"Morgans Point, TX",18.0,0.18270391836734692,2.8792436102504544,0.7777777777777778,0.7575545327196318,0.3888888888888889,0.22973142197988042,0.8733962215622992,0.5363551464211861,0,0.5779533379431847,0,0.5505811089049414,0,0.5180862730177023,0,0.6078868704059258,0,0,681.0
48201331603,Harris County,0.6769,4774,29.6267678,-95.3499492,10.667,"Morgans Point, TX",17.0,0.3657102040816327,2.183802707327806,0.7901234567901234,0.6773063838302982,0.3950617283950617,0.459843039859188,0.9042750898573999,0.5079595905691563,0,0.6294742056167759,0,0.6317646014141467,0,0.6135301462122686,0,0.6374462353190297,0,0,564.0
48201331604,Harris County,0.719,2214,29.632015,-95.3440505,10.667,"Morgans Point, TX",17.0,0.4311679183673469,1.9491430928571143,0.7901234567901234,0.7194316589953973,0.3950617283950617,0.5421493960489598,0.9146944127631531,0.5248097006351959,0,0.6753467612735089,0,0.6884882480688199,0,0.6606517953662129,0,0.682694244227157,0,0,451.8
48201331700,Harris County,0.8493,4134,29.6434456,-95.3322419,10.667,"Morgans Point, TX",16.0,0.260282693877551,1.5232658086869881,0.8024691358024691,0.849809885931559,0.4012345679012346,0.3272787683787868,0.9336041555069261,0.5806646951133644,0,0.6680958101264216,0,0.6484554287683595,0,0.6075244515247091,0,0.6983814894272778,0,0,464.8
48201331800,Harris County,0.9625,3685,29.6524884,-95.3437917,10.667,"Morgans Point, TX",15.0,0.35061706122448977,0.6390024988606106,0.8148148148148149,0.9630778467080249,0.40740740740740744,0.44086496209434567,0.972867089521257,0.6296755831276544,0,0.7631756834790488,0,0.7558646817793815,0,0.6965416290693901,0,0.7964927106838782,0,0,226.4
48201331900,Harris County,0.8369,3651,29.6626734,-95.3466946,10.667,"Morgans Point, TX",18.0,0.41878261224489793,0.1217571933093133,0.7777777777777778,0.837402441464879,0.3888888888888889,0.5265761450065518,0.9958337421861407,0.568294309919285,0,0.7411247148064168,0,0.7456590644611162,0,0.7090321392535962,0,0.7571710025828272,0,0,296.6
48201332000,Harris County,0.9857,5951,29.6722584,-95.3472142,10.667,"Morgans Point, TX",15.0,0.4532086530612245,0.6729050776073221,0.8148148148148149,0.9862917750650391,0.40740740740740744,0.5698633573473987,0.9713617520301999,0.6389611544704601,0,0.8123656304832803,0,0.8235808216738085,0,0.7543902489560274,0,0.8413533212469066,0,0,109.8
48201332100,Harris County,0.8006,3102,29.6803818,-95.344385,10.667,"Morgans Point, TX",15.0,0.49989395918367346,1.0585713478160255,0.8148148148148149,0.8010806483890335,0.40740740740740744,0.6285653373427715,0.9542374530227804,0.5648767038000579,0,0.7512946836882929,0,0.7723407875971857,0,0.7346993621213793,0,0.7595923444717496,0,0,264.8
48201332200,Harris County,0.9416,4616,29.680569,-95.3299245,10.667,"Morgans Point, TX",19.0,0.531770775510204,0.6375738379698285,0.7654320987654322,0.9421652991795078,0.3827160493827161,0.6686471615768933,0.972930524719416,0.6064957493014327,0,0.818396437020376,0,0.8456700423826554,0,0.7771401496339987,0,0.8390245807135646,0,0,108.4
48201332300,Harris County,0.8681,2922,29.6665605,-95.3233636,10.667,"Morgans Point, TX",17.0,0.47915281632653056,0.42644481690537317,0.7901234567901234,0.8686211727036222,0.3950617283950617,0.6024854793701641,0.9823050455555136,0.5844855061184859,0,0.7750689340968361,0,0.7910562080084962,0,0.7438848545612406,0,0.7906609738646337,0,0,204.8
48201332400,Harris County,0.699,4097,29.6581951,-95.3305738,10.667,"Morgans Point, TX",17.0,0.35297477551020406,0.7080030150089301,0.7901234567901234,0.6994196517910747,0.3950617283950617,0.44382954577880934,0.9698033383937583,0.5168048977534669,0,0.6538172614415121,0,0.6482417328480841,0,0.6386164646583246,0,0.6614176598331059,0,0,510.8
48201332500,Harris County,0.5766,3659,29.6647618,-95.3076091,10.667,"Morgans Point, TX",15.0,0.4836568163265305,0.9960372611757955,0.8148148148148149,0.5769461677006203,0.40740740740740744,0.6081487970145999,0.9570140826647858,0.47522291152469265,0,0.6561197310061482,0,0.6740174664011268,0,0.6825109187746574,0,0.6429241371218934,0,0,491.4
48201332600,Harris County,0.9274,6737,29.6749892,-95.3068102,10.667,"Morgans Point, TX",15.0,0.5274480816326531,0.43377887274338967,0.8148148148148149,0.9279567740644387,0.40740740740740744,0.66321181776956,0.981979399848827,0.61562715407022,0,0.8215722461143982,0,0.84519647669081,0,0.786110736797718,0,0.8393030007727382,0,0,98.6
48201332700,Harris County,0.7359,2528,29.6850652,-95.3137973,10.667,"Morgans Point, TX",12.0,0.6713617959183673,0.4472801000282694,0.8518518518518519,0.7363418050830499,0.42592592592592593,0.8441685401031743,0.9813799202706199,0.5500922775887755,0,0.8071728876884419,0,0.8550790174787335,0,0.830783248556906,1,0.7953677072542099,0,1,158.4
48201332800,Harris County,0.9956,4433,29.689777,-95.3077088,10.667,"Morgans Point, TX",16.0,0.5448905306122449,0.5260700988086098,0.8024691358024691,0.9961977186311788,0.4012345679012346,0.6851439068166949,0.977881497924329,0.6392198281932122,0,0.8525185387221371,1,0.8801456771780014,0,0.8046254787524567,0,0.8764650687069775,1,2,52.6
48201332900,Harris County,0.9798,4953,29.690418,-95.2904739,10.667,"Morgans Point, TX",13.0,0.5571732244897959,0.09098205986886011,0.8395061728395061,0.980388232939764,0.41975308641975306,0.7005881334947456,0.9972002152944641,0.6440071450277574,0,0.8628714446155606,1,0.8894780813808345,1,0.8236991818408264,1,0.8824575760029278,1,4,37.6
48201333000,Harris County,0.8,3917,29.6815377,-95.2852604,10.667,"Morgans Point, TX",15.0,0.45588302040816325,0.6503919363968642,0.8148148148148149,0.8004802881729038,0.40740740740740744,0.5732260997505119,0.9723613773318254,0.564636559713606,0,0.7394064242638017,0,0.7510160616811139,0,0.7190484696274342,0,0.7495854015819853,0,0,295.0
48201333100,Harris County,0.8896,3554,29.6765273,-95.2786693,10.667,"Morgans Point, TX",14.0,0.4740785306122449,1.1560919554462263,0.8271604938271605,0.8901340804482689,0.41358024691358025,0.5961050859823702,0.9499073568400338,0.6042017803274558,0,0.7773330049798401,0,0.7935926003391456,0,0.739732646490364,0,0.7961331842245782,0,0,188.2
48201333201,Harris County,0.8113,5065,29.6693964,-95.2699523,10.667,"Morgans Point, TX",15.0,0.5475432653061224,1.834975908440201,0.8148148148148149,0.8117870722433461,0.40740740740740744,0.6884794483792712,0.9197636478863919,0.569159273341783,0,0.7635398791282433,0,0.7960676974916698,0,0.747457481423209,0,0.7715810779807604,0,0,228.2
48201333203,Harris County,0.9449,2558,29.6597943,-95.2630572,10.667,"Morgans Point, TX",15.0,0.48611281632653064,2.6169758965628445,0.8148148148148149,0.9454672803682209,0.40740740740740744,0.6112369648953138,0.8850413953721544,0.6226313565917329,0,0.7819678355485978,0,0.806437036855004,0,0.7274680206087234,0,0.809217743018535,0,0,171.4
48201333204,Harris County,0.865,2219,29.6596818,-95.2745514,10.667,"Morgans Point, TX",19.0,0.6597305306122448,2.2830547758432447,0.7654320987654322,0.8655193115869522,0.3827160493827161,0.8295434179816648,0.899868113594105,0.5758373542644105,0,0.8152293800949723,0,0.8716741251259729,0,0.7984660695976455,0,0.8236110353436356,0,0,123.2
48201333205,Harris County,0.919,1618,29.6630381,-95.2749989,10.667,"Morgans Point, TX",17.0,0.6127566530612245,2.0645740783080253,0.7901234567901234,0.9195517310386232,0.3950617283950617,0.7704785890379997,0.9095690625257242,0.6048577294524863,0,0.8252559272113892,0,0.8713986985692912,0,0.7938239926023112,0,0.8409718945159281,0,0,92.2
48201333301,Harris County,0.923,5096,29.6321549,-95.2406195,10.667,"Morgans Point, TX",15.0,0.5768925714285714,4.943335432978832,0.8148148148148149,0.9235541324794878,0.40740740740740744,0.7253831879918862,0.781746709324574,0.6138660974362395,0,0.7765990265097471,0,0.8261471522475897,0,0.7276139911865003,0,0.8010915441713706,0,0,174.8
48201333302,Harris County,0.8303,3248,29.6374862,-95.2594602,10.667,"Morgans Point, TX",14.0,0.3622214693877551,4.061415511516382,0.8271604938271605,0.8307984790874525,0.41358024691358025,0.45545631411571713,0.8209055925412743,0.5804675397831291,0,0.669200158885267,0,0.676389273153387,0,0.6153340521512052,0,0.6961332122522979,0,0,447.0
48201333501,Harris County,0.9382,3157,29.6683005,-95.2801569,10.667,"Morgans Point, TX",17.0,0.6080584489795918,1.6006419222334098,0.7901234567901234,0.9387632579547729,0.3950617283950617,0.7645710796968205,0.9301685122921749,0.6125423402189462,0,0.8375390056922227,0,0.8810844649166192,0,0.8037975882713727,0,0.8544097144026478,0,0,74.0
48201333502,Harris County,0.7406,2764,29.6670118,-95.2847899,10.667,"Morgans Point, TX",16.0,0.5375395918367346,1.533816873713282,0.8024691358024691,0.7410446267760658,0.4012345679012346,0.6759008559129391,0.9331356686147247,0.5371585914511671,0,0.7335591853658097,0,0.7636797589451728,0,0.7310640382290575,0,0.7348067589341856,0,0,310.6
48201333600,Harris County,0.2754,3673,29.6589549,-95.2992029,10.667,"Morgans Point, TX",18.0,0.2571474285714285,1.5837670075643786,0.7777777777777778,0.2755653392035221,0.3888888888888889,0.3233364941052186,0.9309177898589188,0.3435594690147422,0,0.4324591712049135,0,0.41353704793115664,0,0.4847571152053773,0,0.4063101992046816,0,0,985.4
48201333700,Harris County,0.7628,3620,29.6312779,-95.2926173,10.667,"Morgans Point, TX",16.0,0.41890359183673465,3.4416948712605064,0.8024691358024691,0.7632579547728637,0.4012345679012346,0.5267282644241952,0.8484223404774323,0.5460439226498862,0,0.6692399690973374,0,0.685301649862079,0,0.6379006405388288,0,0.6849096333765918,0,0,458.8
48201333801,Harris County,0.7873,5064,29.6177853,-95.2911513,10.667,"Morgans Point, TX",18.0,0.31165591836734696,4.29247963746225,0.7777777777777778,0.7877726635981589,0.3888888888888889,0.3918753244854987,0.8106459160068346,0.5484423987725969,0,0.6211500444143911,0,0.6222484549052174,0,0.5656091713531354,0,0.6489204809450191,0,0,574.8
48201333802,Harris County,0.6334,6116,29.6121982,-95.2732798,10.667,"Morgans Point, TX",17.0,0.37679004081632655,5.161893524438199,0.7901234567901234,0.6337802681608965,0.3950617283950617,0.4737747971587132,0.7720423239589163,0.4905491443013956,0,0.5750364264798714,0,0.5905781009307505,0,0.5554551459195297,0,0.5848270667600423,0,0,682.2
48201333903,Harris County,0.8108,3554,29.6217835,-95.237683,10.667,"Morgans Point, TX",14.0,0.3678724897959183,5.652775609974194,0.8271604938271605,0.811286772063238,0.41358024691358025,0.4625618921766892,0.7502462472484608,0.5726628569734433,0,0.6415036212025688,0,0.6557252932864621,0,0.5849092375823457,0,0.6698008130126802,0,0,508.4
48201333904,Harris County,0.5754,6995,29.6150432,-95.2482191,10.667,"Morgans Point, TX",15.0,0.31045608163265304,5.703862237960786,0.8148148148148149,0.5757454472683611,0.40740740740740744,0.39036665296018025,0.7479779060413083,0.4747426233517889,0,0.5220484935965818,0,0.5266926296079666,0,0.504149509039322,0,0.5309979858752116,0,0,792.2
48201333905,Harris County,0.3615,3264,29.6191775,-95.2599372,10.667,"Morgans Point, TX",17.0,0.35511779591836734,5.141919218118355,0.7901234567901234,0.3617170302181309,0.3950617283950617,0.44652417395153077,0.7729292202739653,0.38172384912428936,0,0.45795948152507426,0,0.4695390772960146,0,0.49004029862738874,0,0.4419190729739171,0,0,927.0
48201333906,Harris County,0.4898,5677,29.6056656,-95.2580461,10.667,"Morgans Point, TX",15.0,0.4203484081632653,5.2036899253609,0.8148148148148149,0.49009405643386034,0.40740740740740744,0.5285449726380074,0.7701864860956594,0.44048206701798864,0,0.5379878399902857,0,0.5604473436264406,0,0.5539524345090941,0,0.5300055427308814,0,0,762.8
48201334001,Harris County,0.9757,3413,29.6164272,-95.2262094,10.667,"Morgans Point, TX",16.0,0.5729070204081633,5.500975855399316,0.8024691358024691,0.9762857714628778,0.4012345679012346,0.7203717667182012,0.7569864384121486,0.6312550493258918,0,0.7864413119198063,0,0.8379097518517719,0,0.7231598254054492,0,0.8180820551769848,0,0,149.2
48201334002,Harris County,0.4452,2276,29.6084085,-95.2143178,10.667,"Morgans Point, TX",13.0,0.5873512653061225,4.799574283438666,0.8395061728395061,0.4454672803682209,0.41975308641975306,0.7385339219116218,0.7881299714881123,0.4300387639991402,0,0.59534238606781,0,0.6451706573210274,0,0.6453007546343396,0,0.570363201784545,0,0,613.0
48201334003,Harris County,0.5883,5578,29.6051658,-95.2300861,10.667,"Morgans Point, TX",16.0,0.49413673469387753,4.793585029332049,0.8024691358024691,0.5886531919151492,0.4012345679012346,0.621326218551466,0.7883959054991359,0.4762020175068004,0,0.6102186914576111,0,0.644885465047388,0,0.6174071913050984,0,0.6066244415338674,0,0,591.4
48201334101,Harris County,0.5507,9367,29.6624999,-95.39349,10.667,"Morgans Point, TX",17.0,0.32976595918367346,0.9849255586173741,0.7901234567901234,0.5510306183710226,0.3950617283950617,0.4146468417360665,0.9575074629051397,0.4574492843854461,0,0.5814791622144443,0,0.5727889789114845,0,0.5916286768289182,0,0.5764044049072073,0,0,681.8
48201334102,Harris County,0.8031,6550,29.6473393,-95.4314349,10.667,"Morgans Point, TX",21.0,0.04224881632653062,0.6207715392774641,0.7407407407407407,0.8035821492895738,0.37037037037037035,0.0531235495023478,0.9736765780018675,0.5436550819380518,0,0.5666782835443598,0,0.5071530340452097,0,0.4877103282959552,0,0.6061622611685622,0,0,715.2
48201340101,Harris County,0.6275,1275,29.5841992,-95.176149,10.667,"Morgans Point, TX",12.0,0.1834633469387755,2.655177392412029,0.8518518518518519,0.6278767260356214,0.42592592592592593,0.2306863254497428,0.883345177973889,0.5067062459698042,0,0.5410873582456974,0,0.5098487956649222,0,0.5121575689823894,0,0.5555522528773513,0,0,763.2
48201340102,Harris County,0.6634,5507,29.5988878,-95.1904393,10.667,"Morgans Point, TX",12.0,0.19359967346938775,3.83656851727064,0.8518518518518519,0.6637982789673804,0.42592592592592593,0.2434317155231399,0.8308892168761169,0.5210748671425077,0,0.5430268670282616,0,0.5180745577460578,0,0.502769729715222,0,0.5631554356847814,0,0,749.6
48201340202,Harris County,0.1725,8375,29.6133268,-95.1398275,10.667,"Morgans Point, TX",9.0,0.1156446530612245,4.375520176036997,0.8888888888888888,0.17260356213728237,0.4444444444444444,0.14541127978825635,0.8069587617957037,0.3357080915215796,0,0.3141754196323302,0,0.27570429537637897,0,0.36136603879734613,0,0.2905801100498222,0,0,1107.2
48201340203,Harris County,0.0423,4534,29.6056093,-95.0982475,10.667,"Morgans Point, TX",6.0,0.14630057142857142,3.843717081710737,0.9259259259259259,0.04232539523714229,0.46296296296296297,0.18395795016929187,0.8305718073321613,0.2947079358726347,0,0.2873158381887027,0,0.2507533058578584,0,0.3689793191725562,0,0.24648409769677598,0,0,1135.4
48201340301,Harris County,0.0126,3336,29.5935324,-95.1253776,10.667,"Morgans Point, TX",11.0,0.34145542857142863,3.007917348278081,0.8641975308641976,0.012607564538723234,0.4320987654320988,0.4293451495153222,0.86768286850398,0.2643022850747485,0,0.35418828980282535,0,0.35209113526428504,0,0.4680485315575261,0,0.297258168925475,0,0,1093.8
48201340302,Harris County,0.1116,6607,29.5997387,-95.1142661,10.667,"Morgans Point, TX",13.0,0.500418693877551,3.4369333930383026,0.8395061728395061,0.11166700020012008,0.41975308641975306,0.6292251373539802,0.848633758957846,0.29651865193189986,0,0.44654667411977983,0,0.47563110659882996,0,0.5581732320929998,0,0.3907333951331699,0,0,956.4
48201340400,Harris County,0.0139,1079,29.5814459,-95.112162,10.667,"Morgans Point, TX",9.0,0.4552905306122449,2.176607484082372,0.8888888888888888,0.013908345007004202,0.4444444444444444,0.5724811046538483,0.9045945711390098,0.27223000466946834,0,0.4149262806671358,0,0.42904739516996815,0,0.5485989258871797,0,0.3480899580571139,0,0,1010.2
48201340501,Harris County,0.5028,3948,29.5691771,-95.1206675,10.667,"Morgans Point, TX",13.0,0.40365289795918363,1.3256315318565781,0.8395061728395061,0.5031018611166701,0.41975308641975306,0.5075520824245002,0.9423794846243199,0.4530925962985199,0,0.5943795728350223,0,0.5981250245117222,0,0.6248054767411397,0,0.5791666208819636,0,0,642.2
48201340502,Harris County,0.8656,2228,29.5608759,-95.1203121,10.667,"Morgans Point, TX",12.0,0.540879918367347,0.7516945517436368,0.8518518518518519,0.8661196718030819,0.42592592592592593,0.6801009736258598,0.9678633529790787,0.6020034242767883,0,0.8035015257299826,0,0.8291594884956915,0,0.7826288103722827,0,0.8139378834088324,0,0,131.0
48201340600,Harris County,0.106,2522,29.5758631,-95.1312524,10.667,"Morgans Point, TX",11.0,0.4413190204081633,1.788571918216701,0.8641975308641976,0.10606363818290974,0.4320987654320988,0.554913364809667,0.9218240712760094,0.3016847145324231,0,0.4478184260321424,0,0.45901797048550613,0,0.5617366886485534,0,0.390859294723937,0,0,954.6
48201340701,Harris County,0.457,4172,29.5584075,-95.1305252,10.667,"Morgans Point, TX",10.0,0.5077469387755102,0.5817656394646281,0.8765432098765432,0.4572743646187713,0.4382716049382716,0.6384396530363426,0.9754085124307896,0.4458727088104715,0,0.633149404413406,0,0.6511711519664154,0,0.6917744176782843,0,0.6038368977809668,0,0,534.8
48201340702,Harris County,0.0835,3436,29.569193,-95.1406139,10.667,"Morgans Point, TX",13.0,0.503246612244898,1.3266361241455968,0.8395061728395061,0.08355013007804683,0.41975308641975306,0.6327809544025639,0.942334878860045,0.28527190388307055,0,0.46574062155578744,0,0.4873502175062914,0,0.5931374520483677,0,0.40204220630949733,0,0,921.4
48201340800,Harris County,0.1045,5436,29.5814929,-95.1438192,10.667,"Morgans Point, TX",10.0,0.5093208979591837,2.177130222741568,0.8765432098765432,0.10456273764258556,0.4382716049382716,0.6404187451359252,0.9045713605712358,0.3047880580199972,0,0.47051269477194485,0,0.4948509989453356,0,0.5924960138150646,0,0.40952103525038497,0,0,905.8
48201340900,Harris County,0.7243,5198,29.5706592,-95.1599779,10.667,"Morgans Point, TX",9.0,0.06636293877551021,1.5266862995890076,0.8888888888888888,0.7247348409045428,0.4444444444444444,0.08344458306038403,0.9334522793552299,0.5565606030284838,0,0.5552243445275669,0,0.4971400212757638,0,0.49872084573524167,0,0.5834760939237296,0,0,725.4
48201341001,Harris County,0.3782,4056,29.5520045,-95.1364907,10.667,"Morgans Point, TX",13.0,0.48310489795918365,0.16495514836738,0.8395061728395061,0.37842705623374023,0.41975308641975306,0.607454816324528,0.9939156727150328,0.4032226743453479,0,0.5919089033506482,0,0.6055125108728222,0,0.6630695190562843,0,0.5563285954978302,0,0,638.2
48201341002,Harris County,0.4782,4022,29.5503439,-95.1445157,10.667,"Morgans Point, TX",12.0,0.4256988571428571,0.037576294585413964,0.8518518518518519,0.47848709225535324,0.42592592592592593,0.5352726129825404,0.9995715305068079,0.44695039245769685,0,0.6130427207560853,0,0.6153439525396238,0,0.6578945969229961,0,0.59061678267263,0,0,595.4
48201341101,Harris County,0.3953,1961,29.5394197,-95.1349929,10.667,"Morgans Point, TX",10.0,0.5014809795918367,0.7310363718536579,0.8765432098765432,0.3955373223934361,0.4382716049382716,0.6305608525913573,0.9687806145513537,0.4211778919203374,0,0.6039140992040934,0,0.6213767600025991,0,0.6733730248076459,0,0.5691846364023172,0,0,604.6
48201341102,Harris County,0.3392,2271,29.5472894,-95.1182423,10.667,"Morgans Point, TX",10.0,0.5058191020408164,0.21503104525179492,0.8765432098765432,0.3394036421853112,0.4382716049382716,0.6360155962434512,0.991692209846866,0.39872441983708745,0,0.5903390795273871,0,0.6066279699354624,0,0.6739842253080791,0,0.5485165066370411,0,0,634.4
48201341201,Harris County,0.7499,4840,29.5257658,-95.1129325,34.0,"Eagle Point, Galveston, TX",6.0,0.2091808163265306,1.6790463235378645,0.9259259259259259,0.7503502101260757,0.962962962962963,0.26302340319261913,0.9266872111902956,0.8779178618282082,1,0.7818523338050163,0,0.7057858800835612,0,0.7923530416979965,0,0.7766019798585262,0,1,178.2
48201341203,Harris County,0.3019,2653,29.541553,-95.0979108,34.0,"Eagle Point, Galveston, TX",4.0,0.4121972244897959,0.5969953857056339,0.9506172839506173,0.3020812487492496,0.9753086419753086,0.5182956959237539,0.9747322833991532,0.706017684684885,1,0.7013449263730909,0,0.6565414065506834,0,0.8344328189143713,1,0.6348009801024506,0,2,294.6
48201341204,Harris County,0.2657,3470,29.5527678,-95.0756935,10.667,"Morgans Point, TX",8.0,0.16880302040816325,0.19572870188626496,0.9012345679012346,0.2658595157094257,0.4506172839506173,0.2122524697849984,0.9925492697581627,0.37671417665414064,0,0.43241909144918556,0,0.3871455171633659,0,0.4879389500291056,0,0.4046591621592256,0,0,977.2
48201341302,Harris County,0.3105,3305,29.5532621,-95.1036441,10.667,"Morgans Point, TX",8.0,0.3220568163265306,0.23967333805963223,0.9012345679012346,0.31068641184710827,0.4506172839506173,0.40495338597089453,0.9905980462581201,0.39464493510921367,0,0.5100530802436504,0,0.49242903854472314,0,0.576508636375831,0,0.47682530217756003,0,0,834.0
48201341303,Harris County,0.5307,2952,29.5651387,-95.1087269,10.667,"Morgans Point, TX",10.0,0.4602962448979592,1.0487896704020767,0.8765432098765432,0.5310186111667,0.4382716049382716,0.5787752765093747,0.9546717776753872,0.475370407429643,0,0.6374821551952046,0,0.6487609410199623,0,0.6729700032047059,0,0.6197382311904538,0,0,528.4
48201341304,Harris County,0.6196,1484,29.5706318,-95.0924885,10.667,"Morgans Point, TX",6.0,0.0665458775510204,1.4333596392823136,0.9259259259259259,0.619971983189914,0.46296296296296297,0.08367460979111191,0.9375961564839995,0.5257665710537434,0,0.5204843588111285,0,0.460502335767341,0,0.48732181735153335,0,0.5370656295409261,0,0,794.6
48201341400,Harris County,0.249,5873,29.5917747,-95.0695211,10.667,"Morgans Point, TX",12.0,0.004028,2.886528536503835,0.8518518518518519,0.2491494896938163,0.42592592592592593,0.0050647965079458285,0.8730727573004586,0.3552153514330821,0,0.31576341784010903,0,0.2532214083115045,0,0.3379680605555399,0,0.3046610964823936,0,0,1102.0
48201341501,Harris County,0.3606,6414,29.5779743,-95.038054,10.667,"Morgans Point, TX",10.0,0.4329715102040817,1.9363938851318796,0.8765432098765432,0.36081648989393633,0.4382716049382716,0.5444172276369574,0.9152605012755772,0.40728955892053753,0,0.5463120583801387,0,0.556047911309502,0,0.6081439145422062,0,0.515396130299105,0,0,742.4
48201341502,Harris County,0.1384,4321,29.5614395,-95.0375896,10.667,"Morgans Point, TX",11.0,0.39955673469387754,0.80356913384571,0.8641975308641976,0.13848308985391236,0.4320987654320988,0.5024015776076933,0.9655600251450939,0.31465249520082417,0,0.45803943635708355,0,0.4580239973764122,0,0.5645582185248073,0,0.40478004527322164,0,0,937.4
48201341600,Harris County,0.3116,7194,29.5919704,-95.0201976,10.667,"Morgans Point, TX",8.0,0.07045877551020407,2.89993109294639,0.9012345679012346,0.311787072243346,0.4506172839506173,0.08859467729846589,0.8724776588909919,0.3950851992677088,0,0.37450462964588765,0,0.3218231360428482,0,0.3954104821134016,0,0.3640517034121307,0,0,1041.6
48201341700,Harris County,0.569,3205,29.6232275,-95.0105383,10.667,"Morgans Point, TX",6.0,0.26062799999999997,5.091426841801876,0.9259259259259259,0.5693416049629778,0.46296296296296297,0.32771295538056233,0.77517117560278,0.505514419762969,0,0.5257765816335694,0,0.5144359491826717,0,0.5112549071904333,0,0.5330374188551374,0,0,777.8
48201341800,Harris County,0.3177,2187,29.6339494,-95.0245468,10.667,"Morgans Point, TX",6.0,0.17409918367346938,5.800471681503385,0.9259259259259259,0.3178907344406644,0.46296296296296297,0.21891185141648634,0.7436882672370939,0.4049340715540436,0,0.3812883844361198,0,0.35711224835239497,0,0.402420934434605,0,0.3707221094368772,0,0,1026.0
48201342001,Harris County,0.1912,6404,29.6406328,-95.1261843,10.667,"Morgans Point, TX",8.0,0.17206424489795916,6.262595453503702,0.9012345679012346,0.191314788873324,0.4506172839506173,0.21635312480176744,0.7231691130837177,0.3468962859197,0,0.31957069634653595,0,0.29782923642998244,0,0.36232266550427333,0,0.2981947117676673,0,0,1097.6
48201342002,Harris County,0.2633,4074,29.6430472,-95.1519622,10.667,"Morgans Point, TX",12.0,0.5388616326530611,6.430092763793504,0.8518518518518519,0.2634580748449069,0.42592592592592593,0.67756318652612,0.7157319212785103,0.3609387854935183,0,0.48272732193352946,0,0.5295012731486121,0,0.5558170709630702,0,0.446182447418759,0,0,868.4
48201342100,Harris County,0.5603,4375,29.655812,-95.1424321,10.667,"Morgans Point, TX",8.0,0.43050375510204075,6.149772742082641,0.9012345679012346,0.5606363818290975,0.4506172839506173,0.5413142789221405,0.7281786511077626,0.49462492310200934,0,0.5705776977608195,0,0.5947559840755263,0,0.5738914697380603,0,0.5689208117721991,0,0,673.8
48201342200,Harris County,0.9205,3998,29.6735514,-95.1465361,10.667,"Morgans Point, TX",13.0,0.38967534693877554,4.952234595774047,0.8395061728395061,0.9210526315789473,0.41975308641975306,0.48997674687390497,0.7813515699608476,0.6202729044834308,0,0.7056583965312754,0,0.7206144622245878,0,0.6338603181820514,0,0.7415574357058874,0,0,351.0
48201342300,Harris County,0.901,7954,29.673705,-95.131227,10.667,"Morgans Point, TX",13.0,0.41644489795918366,4.854101771486801,0.8395061728395061,0.9015409245547329,0.41975308641975306,0.5236367092689995,0.7857088497007325,0.6124682216737449,0,0.7097528268058302,0,0.7291383539683681,0,0.6458234608895292,0,0.7417175097639805,0,0,340.0
48201342400,Harris County,0.7205,3599,29.6958294,-95.1477075,10.667,"Morgans Point, TX",9.0,0.2593405714285714,3.4287330155504687,0.8888888888888888,0.7209325595357214,0.4444444444444444,0.3260941461122403,0.8489978709555049,0.5550396904809553,0,0.603217334853405,0,0.586934372769349,0,0.5639789266259663,0,0.6228365389671244,0,0,608.8
48201342500,Harris County,0.4816,5973,29.697306,-95.1317655,10.667,"Morgans Point, TX",11.0,0.365616081632653,3.2345829891247777,0.8641975308641976,0.48188913348008805,0.4320987654320988,0.45972469054168263,0.8576184928808104,0.45201491265129445,0,0.5482594125484673,0,0.5513523758040177,0,0.5703828389045938,0,0.5371976993704042,0,0,738.4
48201342700,Harris County,0.6332,4699,29.6960655,-95.1188728,10.667,"Morgans Point, TX",13.0,0.4818818775510204,3.2454696952975053,0.8395061728395061,0.6335801480888533,0.41975308641975306,0.6059169937097287,0.8571351028980494,0.5052839110873932,0,0.6506775154637807,0,0.6757135118659197,0,0.6563766379220899,0,0.6478279542346261,0,0,498.4
48201342801,Harris County,0.1302,5172,29.6860043,-95.102856,10.667,"Morgans Point, TX",9.0,0.44851044897959186,3.846153211174353,0.8888888888888888,0.1302781669001401,0.4444444444444444,0.5639558480062196,0.8304636386573815,0.3187779334267227,0,0.43560343904948023,0,0.4548235451584786,0,0.537378529765927,0,0.3847158936912569,0,0,966.8
48201342802,Harris County,0.1485,3116,29.6973737,-95.1005422,10.667,"Morgans Point, TX",12.0,0.31924897959183673,3.0497796965617336,0.8518518518518519,0.14858915349209526,0.42592592592592593,0.4014228195139036,0.8658241024553597,0.3149912169523936,0,0.3973276118616441,0,0.39193230540842994,0,0.4802404313181604,0,0.35587120213338597,0,0,1029.8
48201342900,Harris County,0.3143,7306,29.6716312,-95.1049703,10.667,"Morgans Point, TX",8.0,0.23317926530612246,4.847319931255513,0.9012345679012346,0.3144886932159296,0.4506172839506173,0.2931989892372946,0.7860099760084034,0.39616584765674223,0,0.412561161333878,0,0.39642645528719733,0,0.44525198403986077,0,0.3962157499808866,0,0,988.6
48201343000,Harris County,0.8735,7663,29.65813,-95.107354,10.667,"Morgans Point, TX",9.0,0.4776170612244897,5.788741092977372,0.8888888888888888,0.8740244146487893,0.4444444444444444,0.6005544249814161,0.7442091271643667,0.6162764325261825,0,0.7175600012027163,0,0.7493474857842397,0,0.6654051967206921,0,0.7436374034437285,0,0,308.0
48201343100,Harris County,0.2113,4058,29.6588158,-95.0784324,10.667,"Morgans Point, TX",9.0,0.47661861224489793,5.6101377418413145,0.8888888888888888,0.2114268561136682,0.4444444444444444,0.5992989778847928,0.7521394478193877,0.35123740911213397,0,0.454610163401143,0,0.485543046079172,0,0.5356712658303013,0,0.41407961218656386,0,0,927.6
48201343200,Harris County,0.0858,4740,29.6581158,-95.0553648,10.667,"Morgans Point, TX",8.0,0.2826075918367347,5.847721867386174,0.9012345679012346,0.08585151090654393,0.4506172839506173,0.3553500358127293,0.7415902711878797,0.3047109747329879,0,0.326656066059115,0,0.3231693558663662,0,0.406924251109972,0,0.28652197353368647,0,0,1106.8
48201343301,Harris County,0.425,5023,29.6841022,-95.0651043,10.667,"Morgans Point, TX",10.0,0.222066612244898,3.964302383543565,0.8765432098765432,0.42525515309185513,0.4382716049382716,0.2792259687758986,0.8252175958700911,0.43306502419970505,0,0.46090188118199216,0,0.4404860735671178,0,0.4727841238787045,0,0.45496075983363593,0,0,912.8
48201343302,Harris County,0.2552,4649,29.6705855,-95.0618749,10.667,"Morgans Point, TX",9.0,0.18822848979591839,4.917937479113247,0.8888888888888888,0.25535321192715627,0.4444444444444444,0.23667800342956413,0.7828744256683848,0.3688079514375292,0,0.368302865490993,0,0.34489998438320985,0,0.405952750012272,0,0.3494779232303536,0,0,1049.8
48201343601,Harris County,0.0,1,29.7154848,-95.0709877,10.667,"Morgans Point, TX",9.0,0.5021692244897958,1.778075152292876,0.8888888888888888,0.0,0.4444444444444444,0.6314262498991515,0.9222901471871675,0.26666666666666666,0,0.43335091649712215,0,0.4543714772987036,0,0.5778012219961629,0,0.3611257637476018,0,0,976.0
48201343602,Harris County,0.5874,2776,29.6647108,-95.0073802,10.667,"Morgans Point, TX",8.0,0.2778502857142857,6.786483311488394,0.9012345679012346,0.5877526515909546,0.4506172839506173,0.34936821172231003,0.6999075187482016,0.5054714310067522,0,0.5124978655762856,0,0.5117087823469041,0,0.4874129369047293,0,0.5250403299120638,0,0,798.2
48201343700,Harris County,0.554,4005,29.6374126,-95.0618101,10.667,"Morgans Point, TX",5.0,0.22344702040816322,6.0406734662711905,0.9382716049382716,0.5543325995597359,0.4691358024691358,0.280961690336188,0.7330228616721898,0.5032145213053758,0,0.49388012736757075,0,0.47893634109329497,0,0.4737293033035157,0,0.5039555393995983,0,0,837.4
48201350101,Harris County,0.7215,5010,29.5697166,-95.2085991,10.667,"Morgans Point, TX",12.0,0.2592514285714285,2.1201656513492084,0.8518518518518519,0.7219331598959376,0.42592592592592593,0.3259820581202926,0.9071006933874668,0.5443288195139306,0,0.6159720840191568,0,0.5963011286633897,0,0.5806517253935632,0,0.6336322633319537,0,0,589.0
48201350102,Harris County,0.3,4933,29.5644702,-95.2310779,10.667,"Morgans Point, TX",14.0,0.3832601632653061,2.066388854306813,0.8271604938271605,0.3001801080648389,0.41358024691358025,0.48191031195155665,0.9094884830993255,0.3682201913740837,0,0.49295849807970515,0,0.49637455015970317,0,0.557217961417994,0,0.4608287664105608,0,0,870.8
48201350103,Harris County,0.1608,7685,29.5711616,-95.2453882,10.667,"Morgans Point, TX",17.0,0.4336906122448979,2.710416793616378,0.7901234567901234,0.16089653792275366,0.3950617283950617,0.5453214246342718,0.8808924459195608,0.3013956522061385,0,0.4423457707457967,0,0.45881909345758304,0,0.5361621816868112,0,0.3954375652752895,0,0,968.0
48201350104,Harris County,0.5876,4654,29.5942512,-95.256143,10.667,"Morgans Point, TX",15.0,0.1237378775510204,4.40923381493072,0.8148148148148149,0.5879527716629979,0.40740740740740744,0.1555876787788075,0.8054618135851904,0.4796255531096436,0,0.47143939056291556,0,0.4377021760332489,0,0.4326015968628881,0,0.49085828741292925,0,0,888.0
48201350201,Harris County,0.5294,3776,29.5947429,-95.225701,10.667,"Morgans Point, TX",15.0,0.5545310204081633,4.035269807000046,0.8148148148148149,0.529717830698419,0.40740740740740744,0.6972658330960531,0.822066510403381,0.4563315767238121,0,0.622883780391727,0,0.6649871026779298,0,0.653939096956163,0,0.607356122109509,0,0,554.4
48201350202,Harris County,0.3709,4854,29.5954032,-95.2383815,10.667,"Morgans Point, TX",16.0,0.49988620408163265,4.248160529749947,0.8024691358024691,0.3711226736041625,0.4012345679012346,0.6285555860980507,0.812613766739015,0.3891898101824057,0,0.5330492320681548,0,0.5666840601369396,0,0.5870247515561522,0,0.5060614723241561,0,0,770.2
48201350300,Harris County,0.1586,6299,29.5828801,-95.2248554,10.667,"Morgans Point, TX",13.0,0.5324393469387755,3.2222172382670333,0.8395061728395061,0.15869521713027818,0.41975308641975306,0.6694878215165013,0.8581675551958132,0.3153299387039631,0,0.48094388765051743,0,0.5149585085351358,0,0.5883601111572639,0,0.42723577589714423,0,0,882.2
48201350400,Harris County,0.6,6682,29.5956619,-95.2091822,10.667,"Morgans Point, TX",11.0,0.4442231836734693,3.8751340032489043,0.8641975308641976,0.6003602161296778,0.4320987654320988,0.5585650519905574,0.8291768376397869,0.4994033457111304,0,0.6176821153003886,0,0.6372946664216281,0,0.6234560816906256,0,0.6147951321052703,0,0,572.4
48201350500,Harris County,0.6141,6767,29.5816669,-95.1957301,10.667,"Morgans Point, TX",11.0,0.32552081632653057,2.749497115056021,0.8641975308641976,0.6144686812087252,0.4320987654320988,0.40930901037594025,0.879157207032125,0.5050467317427494,0,0.5922529567720223,0,0.5863207688288035,0,0.5848477152931214,0,0.5959555775114729,0,0,643.6
48201350601,Harris County,0.3997,4329,29.5545735,-95.1718691,10.667,"Morgans Point, TX",13.0,0.03481265306122449,0.6089051894754841,0.8395061728395061,0.39993996397838705,0.41975308641975306,0.04377333755134544,0.9742034659820525,0.41182783744320667,0,0.4179161964656515,0,0.35280583206554705,0,0.42390827396140635,0,0.4149201577177741,0,0,988.8
48201350603,Harris County,0.3463,4509,29.5345772,-95.171547,10.667,"Morgans Point, TX",8.0,0.47300955102040815,0.7582485457405294,0.9012345679012346,0.3465079047428457,0.4506172839506173,0.5947609538811288,0.9675723434675783,0.40897353226750865,0,0.5765831565732553,0,0.5879912326377916,0,0.6532749071833919,0,0.538237281268187,0,0,667.6
48201350604,Harris County,0.0392,3306,29.5414881,-95.184377,10.667,"Morgans Point, TX",11.0,0.46627118367346937,0.1679280470203453,0.8641975308641976,0.03922353412047228,0.4320987654320988,0.5862881486656294,0.9937836704908699,0.2749486729074482,0,0.45342527517458114,0,0.46296963061480956,0,0.5914925221926174,0,0.384391651665563,0,0,947.0
48201350700,Harris County,0.0224,2230,29.5268563,-95.1859865,10.667,"Morgans Point, TX",13.0,0.26002326530612246,1.081710201259746,0.8395061728395061,0.022413448068841307,0.41975308641975306,0.3269525635817082,0.9532100449353562,0.26081723107938837,0,0.34896779049781623,0,0.32603324009066303,0,0.4578192379741412,0,0.2945420667596537,0,0,1104.8
48201350801,Harris County,0.3247,5212,29.5249126,-95.1752215,10.667,"Morgans Point, TX",11.0,0.48810073469387755,1.3521440049789109,0.8641975308641976,0.3248949369621773,0.4320987654320988,0.6137365681736207,0.9412022815546106,0.38921723404413017,0,0.5598274044352233,0,0.5777656676693859,0,0.6381382269262387,0,0.5206719931897157,0,0,711.8
48201350803,Harris County,0.4652,2998,29.5298847,-95.1496154,34.0,"Eagle Point, Galveston, TX",13.0,0.02716179591836735,1.3601698940167115,0.8395061728395061,0.46547928757254353,0.9197530864197531,0.034153170088600845,0.9408459171683518,0.7380435668808693,1,0.5871764901759243,0,0.4809429304884908,0,0.6277422243770512,0,0.5668936230753608,0,1,585.0
48201350804,Harris County,0.1119,6310,29.5124533,-95.1497302,34.0,"Eagle Point, Galveston, TX",13.0,0.027343591836734692,2.5333482199161184,0.8395061728395061,0.11196718030818492,0.9197530864197531,0.03438175979379094,0.888754619604648,0.5966387239751257,0,0.42953900673638545,0,0.3277754699793324,0,0.5353962822124523,0,0.376610368998352,0,0,861.2
48201410101,Harris County,0.0962,1963,29.7548997,-95.3821568,10.667,"Morgans Point, TX",21.0,0.624517469387755,0.36355940146604054,0.7407407407407407,0.09625775465279167,0.37037037037037035,0.7852666082686859,0.9850972748490066,0.26072532408333887,0,0.5164784323455172,0,0.560399734182083,0,0.6565519915764256,0,0.44644165273006287,0,0,808.2
48201410102,Harris County,0.4925,3980,29.7591689,-95.3790614,10.667,"Morgans Point, TX",12.0,0.5388367346938776,0.11210991727193118,0.8518518518518519,0.49279567740644387,0.42592592592592593,0.6775318798983326,0.9962620991678957,0.4526738265181331,0,0.6622564164376996,0,0.6851288106646425,0,0.7187433294481181,0,0.6340129599324903,0,0,468.8
48201410201,Harris County,0.0489,1928,29.7592653,-95.3906778,10.667,"Morgans Point, TX",19.0,0.5627138775510203,0.06421048083063999,0.7654320987654322,0.04892935761456874,0.3827160493827161,0.7075549359466394,0.9983889231482859,0.2492013726754571,0,0.4812481921472294,0,0.5119022019382322,0,0.6253544703247831,0,0.40919505305845266,0,0,898.0
48201410202,Harris County,0.0189,3753,29.7550071,-95.3918669,10.667,"Morgans Point, TX",19.0,0.6436963265306123,0.346461321059791,0.7654320987654322,0.01891134680808485,0.3827160493827161,0.8093820523311327,0.9858564613891494,0.23719416835286355,0,0.49718954836021717,0,0.5434338898922679,0,0.6566156155442614,0,0.41747651476819514,0,0,849.6
48201410300,Harris County,0.2713,3552,29.7564318,-95.4041075,10.667,"Morgans Point, TX",21.0,0.6582483265306123,0.2770613796309743,0.7407407407407407,0.27146287772663596,0.37037037037037035,0.8276796985038307,0.988937947741278,0.3308073733128766,0,0.6010375642648168,0,0.6506807202290346,0,0.7108957931108772,0,0.5461084498417867,0,0,604.2
48201410401,Harris County,0.0587,3600,29.7475136,-95.4063924,10.667,"Morgans Point, TX",24.0,0.6488128163265305,0.8645808078657327,0.7037037037037037,0.05873524114468682,0.35185185185185186,0.8158155130191435,0.9628509934522349,0.23460520756898584,0,0.49827192799189124,0,0.5500227322880726,0,0.6447841569409595,0,0.42501581351735723,0,0,855.2
48201410402,Harris County,0.0411,2931,29.7474979,-95.398717,10.667,"Morgans Point, TX",22.0,0.6320395102040816,0.8725328870123868,0.7283950617283951,0.04112467480488293,0.36419753086419754,0.7947248024243853,0.9624979063622898,0.2349683884404717,0,0.48838005820631336,0,0.5361012767558232,0,0.6374651860067903,0,0.41383749430607497,0,0,875.0
48201410501,Harris County,0.0644,1696,29.7491032,-95.3923612,10.667,"Morgans Point, TX",21.0,0.6748817959183673,0.7554248625366585,0.7407407407407407,0.06443866319791876,0.37037037037037035,0.8485945787595719,0.9676977202485427,0.24799768750138973,0,0.5181260471960576,0,0.5725614757806258,0,0.6693551751954372,0,0.4425114831963678,0,0,799.2
48201410502,Harris County,0.0712,3067,29.7491,-95.3850823,10.667,"Morgans Point, TX",17.0,0.6853795102040816,0.7551347495867645,0.7901234567901234,0.07124274564738843,0.3950617283950617,0.8617943768369549,0.9677106018025796,0.2655341352959924,0,0.5327113611029896,0,0.5869249242750286,0,0.6865342329215234,0,0.4557999251937227,0,0,760.2
48201410601,Harris County,0.1444,3928,29.74453,-95.3777657,10.667,"Morgans Point, TX",18.0,0.752581469387755,1.078798257865048,0.7777777777777778,0.14448669201520914,0.3888888888888889,0.9462939419314403,0.9533393406327905,0.291128010139417,0,0.5820265227448929,0,0.6500416093725958,0,0.727873132988121,0,0.509103217623279,0,0,640.0
48201410602,Harris County,0.1082,2508,29.7493804,-95.3778889,10.667,"Morgans Point, TX",17.0,0.7031595918367347,0.7495937085048429,0.7901234567901234,0.10826495897538524,0.3950617283950617,0.8841510042858262,0.9679566343224779,0.28034302062719113,0,0.5545947103318619,0,0.6119758535207838,0,0.7033712941173542,0,0.4802064184391158,0,0,708.2
48201410703,Harris County,0.2327,2451,29.7413902,-95.3937139,10.667,"Morgans Point, TX",21.0,0.6480062040816327,1.29373277693974,0.7407407407407407,0.23283970382229338,0.37037037037037035,0.8148012809235066,0.9437958486140064,0.3153581037511396,0,0.5674283059522249,0,0.6190801715839196,0,0.6789578399955356,0,0.5116635389305697,0,0,688.4
48201410704,Harris County,0.2695,1869,29.7422384,-95.38543,10.667,"Morgans Point, TX",18.0,0.6727589387755102,1.2276979044162246,0.7777777777777778,0.269661797078247,0.3888888888888889,0.8459253038231244,0.9467279196540732,0.34119805216463217,0,0.5986126046155105,0,0.6528761504750906,0,0.7082628737945984,0,0.5437874700259666,0,0,603.0
48201410705,Harris County,0.3416,1103,29.7366033,-95.3940763,10.667,"Morgans Point, TX",21.0,0.641708081632653,1.6240251007266204,0.7407407407407407,0.3418050830498299,0.37037037037037035,0.8068820384741006,0.9291302557185707,0.3589442554421542,0,0.6039455727198391,0,0.6557172784326635,0,0.6913257359431755,0,0.5602554911081709,0,0,601.0
48201410706,Harris County,0.4067,1703,29.7361984,-95.3850116,10.667,"Morgans Point, TX",15.0,0.6903961632653061,1.6456185213001997,0.8148148148148149,0.40694416649989995,0.40740740740740744,0.8681023030797715,0.9281714677221642,0.4072221110444044,0,0.6604549147801348,0,0.7178846115613284,0,0.7449584975402134,0,0.6182031234000958,0,0,462.2
48201410801,Harris County,0.1874,2305,29.7364644,-95.4049911,10.667,"Morgans Point, TX",21.0,0.6460520000000001,1.632229834855266,0.7407407407407407,0.1875125075045027,0.37037037037037035,0.8123440698985647,0.9287659502779645,0.2972272252240233,0,0.5438240926928302,0,0.5964058356985694,0,0.6625946210889393,0,0.4844388284947756,0,0,741.6
48201410802,Harris County,0.0599,1466,29.7406837,-95.4050252,10.667,"Morgans Point, TX",23.0,0.6623258775510205,1.3418050155333467,0.7160493827160495,0.059935961576946174,0.3580246913580247,0.8328068003333079,0.941661351896968,0.2387891994455933,0,0.49937021531814807,0,0.5548235577022717,0,0.6458482998985489,0,0.4261311730279478,0,0,846.8
48201410900,Harris County,0.1054,3238,29.7328602,-95.3980506,10.667,"Morgans Point, TX",18.0,0.6117391836734694,1.8770368282477947,0.7777777777777778,0.10546327796678007,0.3888888888888889,0.7691992257306403,0.9178960648931408,0.2755186445200454,0,0.4998943517148183,0,0.5456711548538392,0,0.6313713762974978,0,0.4341558394234786,0,0,842.4
48201411001,Harris County,0.0329,2215,29.7402797,-95.4243669,10.667,"Morgans Point, TX",19.0,0.5678500408163265,1.3639661658604203,0.7654320987654322,0.032919751851110665,0.3827160493827161,0.7140131340028367,0.9406773556446024,0.2427975303700739,0,0.45880242768350904,0,0.4952937025107782,0,0.6007633196276417,0,0.3878219817114426,0,0,940.4
48201411002,Harris County,0.2559,1983,29.7405008,-95.4146969,10.667,"Morgans Point, TX",24.0,0.6958199183673469,1.3527729222448672,0.7037037037037037,0.2560536321793076,0.35185185185185186,0.8749221183480858,0.9411743564594051,0.31353256398283413,0,0.5889145851734707,0,0.6509418035094459,0,0.699868236171525,0,0.5334377596744435,0,0,632.2
48201411003,Harris County,0.0728,1694,29.7346933,-95.4146908,10.667,"Morgans Point, TX",19.0,0.7434635918367347,1.752754588432252,0.7654320987654322,0.07284370622373425,0.3827160493827161,0.934829146901578,0.923414427270959,0.25876711211912334,0,0.5384826058722079,0,0.6079375685166151,0,0.6936955724216992,0,0.46087612259746236,0,0,741.6
48201411100,Harris County,0.2167,3669,29.7503923,-95.4140675,10.667,"Morgans Point, TX",22.0,0.5305076734693878,0.6691323134786967,0.7283950617283951,0.21683009805883532,0.36419753086419754,0.66705894042359,0.9715292697677197,0.3052505577420527,0,0.5215305147585474,0,0.5502744804956603,0,0.6230973203251181,0,0.47074711197526203,0,0,807.2
48201411200,Harris County,0.1252,1662,29.7556182,-95.4252556,10.667,"Morgans Point, TX",22.0,0.18803004081632652,0.3239695041126787,0.7283950617283951,0.12527516509905945,0.36419753086419754,0.23642847420939475,0.9868551398538595,0.2686285845581423,0,0.35492130220080276,0,0.32094251222466663,0,0.4314700145680505,0,0.31664694601717885,0,0,1102.4
48201411301,Harris County,0.0946,2097,29.7530335,-95.4529919,10.667,"Morgans Point, TX",27.0,0.547521306122449,0.5137116128441809,0.6666666666666667,0.09465679407644588,0.33333333333333337,0.6884518369600094,0.9784302376645696,0.23786271763057837,0,0.47185669808717795,0,0.5056930720881194,0,0.5975899994240887,0,0.40899004741872264,0,0,928.0
48201411302,Harris County,0.053,2426,29.7439794,-95.4530532,10.667,"Morgans Point, TX",23.0,0.6810017142857142,1.1219783298674544,0.7160493827160495,0.05303181909145487,0.3580246913580247,0.8562897478697635,0.9514220652025824,0.23602754245139676,0,0.5070135760864045,0,0.564984623631587,0,0.6583408284180543,0,0.4313499499205795,0,0,828.4
48201411400,Harris County,0.1397,2719,29.744645,-95.4330815,10.667,"Morgans Point, TX",25.0,0.4788845714285713,1.0623695207307127,0.691358024691358,0.1397838703221933,0.345679012345679,0.602148188947508,0.9540688070879472,0.2633209555362847,0,0.45913429022734037,0,0.4816854655057033,0,0.5655844301957227,0,0.4059092202431492,0,0,953.0
48201411503,Harris County,0.1624,3235,29.7345889,-95.4240654,10.667,"Morgans Point, TX",20.0,0.672988081632653,1.7563060823451833,0.7530864197530864,0.16249749849909945,0.3765432098765432,0.8462134274434515,0.9232567343421604,0.2909249253255657,0,0.5446266544770647,0,0.6019823690238205,0,0.6720030398030532,0,0.4809384618140705,0,0,736.4
48201411504,Harris County,0.157,2178,29.7353929,-95.4329529,10.667,"Morgans Point, TX",21.0,0.6830460408163265,1.701365234989871,0.7407407407407407,0.15709425655393236,0.37037037037037035,0.8588602786228287,0.9256962100508456,0.28505992484379516,0,0.5452552127325503,0,0.6047326699831892,0,0.674642198125423,0,0.480561720036114,0,0,734.2
48201411505,Harris County,0.0445,3152,29.7355709,-95.4447356,10.667,"Morgans Point, TX",23.0,0.5822427755102041,1.687911607650492,0.7160493827160495,0.04452671602961777,0.3580246913580247,0.7321105204023755,0.9262935761030265,0.23262550122666192,0,0.45687933378638085,0,0.4992803206997773,0,0.5943302063719684,0,0.388153897493587,0,0,949.0
48201411506,Harris County,0.1035,2837,29.7330676,-95.4394595,10.667,"Morgans Point, TX",26.0,0.6889696326530612,1.8608851806537254,0.6790123456790124,0.10356213728236942,0.3395061728395062,0.8663085872745641,0.9186132280578471,0.24512855861665145,0,0.5142964460390448,0,0.5780687410391475,0,0.65120788229127,0,0.4458407279129323,0,0,812.4
48201411507,Harris County,0.1059,2068,29.7381671,-95.4385028,10.667,"Morgans Point, TX",26.0,0.7042717551020408,1.509346964958751,0.6790123456790124,0.10596357814688813,0.3395061728395062,0.8855494354234597,0.9342221780311953,0.24608913496245893,0,0.5261647491301857,0,0.5913515494819516,0,0.6662318061246184,0,0.4561312206329695,0,0,784.0
48201411600,Harris County,0.016,2758,29.735475,-95.453745,10.667,"Morgans Point, TX",27.0,0.5293404081632653,1.7093601542123475,0.6666666666666667,0.016009605763458074,0.33333333333333337,0.6655912241260986,0.9253412207819325,0.20640384230538325,0,0.4166261554354914,0,0.45172452408931607,0,0.5501650053261693,0,0.3498567304901526,0,0,1028.4
48201411700,Harris County,0.1488,3150,29.7245732,-95.4533877,10.667,"Morgans Point, TX",23.0,0.5919540408163264,2.1659285777466115,0.7160493827160495,0.1488893336001601,0.3580246913580247,0.7443214396203952,0.9050687344228947,0.27437054825487883,0,0.49580309035043324,0,0.5417536662186827,0,0.611441009267191,0,0.4379841308920544,0,0,860.6
48201411801,Harris County,0.1864,3686,29.7264326,-95.4380232,10.667,"Morgans Point, TX",24.0,0.6391419591836736,2.1534775044636096,0.7037037037037037,0.1865119071442866,0.35185185185185186,0.8036554029183527,0.9056215852121172,0.28571587396882575,0,0.5276641929709254,0,0.5825558160861938,0,0.641381621579805,0,0.4708054786664856,0,0,783.4
48201411802,Harris County,0.449,2161,29.7281886,-95.4187689,10.667,"Morgans Point, TX",18.0,0.7472094693877551,2.0997057064950684,0.7777777777777778,0.44926956173704224,0.3888888888888889,0.9395392033910519,0.9080091529558081,0.4130411580281502,0,0.687637477411815,0,0.7585506651375228,0,0.7670934493034061,0,0.6479094914660195,0,0,409.4
48201411901,Harris County,0.0646,1978,29.7289065,-95.4018496,10.667,"Morgans Point, TX",20.0,0.5146767346938775,1.9827622370144344,0.7530864197530864,0.06463878326996199,0.3765432098765432,0.6471531600294221,0.9132016602945177,0.2517814392339107,0,0.44003162703300447,0,0.4698535899909926,0,0.5651625749540186,0,0.37746615307249737,0,0,981.2
48201411902,Harris County,0.2034,2035,29.7266021,-95.3929645,10.667,"Morgans Point, TX",21.0,0.4977002448979591,1.7320511302607722,0.7407407407407407,0.2035221132679608,0.37037037037037035,0.6258069668229808,0.9243336992830646,0.30363106752940655,0,0.4904559522846575,0,0.5168110349159944,0,0.5861005652902231,0,0.4426336457818747,0,0,877.4
48201412000,Harris County,0.1344,3918,29.7215371,-95.4107135,10.667,"Morgans Point, TX",24.0,0.5141604081632652,1.5713254417379015,0.7037037037037037,0.13448068841304783,0.35185185185185186,0.6465039324203842,0.9314702184994058,0.26490338647633027,0,0.4657548972800791,0,0.49603139549629494,0,0.5761796335690896,0,0.41054252913557393,0,0,933.4
48201412201,Harris County,0.1952,2247,29.7092496,-95.4082503,10.667,"Morgans Point, TX",21.0,0.5510235102040817,0.7111526182581295,0.7407407407407407,0.19531719031418854,0.37037037037037035,0.6928554990758901,0.9696634901571862,0.30034909834789764,0,0.5223475596176721,0,0.554403773449071,0,0.6313576827188333,0,0.46784249806709144,0,0,804.0
48201412202,Harris County,0.1931,3768,29.7057466,-95.4136689,10.667,"Morgans Point, TX",19.0,0.5678896326530612,0.5312400455819823,0.7654320987654322,0.19321592955773464,0.3827160493827161,0.7140629166732532,0.9776519426812642,0.30691600145272346,0,0.5345092501897855,0,0.5678579279315239,0,0.6482736904004691,0,0.4776270300844436,0,0,769.8
48201412300,Harris County,0.0286,6919,29.7157544,-95.4241774,10.667,"Morgans Point, TX",20.0,0.5264616326530612,1.296152564638579,0.7530864197530864,0.028617170302181312,0.3765432098765432,0.6619714594410834,0.9436884055439475,0.23737279404679845,0,0.4398031227355143,0,0.4691414681620662,0,0.5768651068799587,0,0.3712721306632922,0,0,982.0
48201412400,Harris County,0.0081,4481,29.7161946,-95.4352661,10.667,"Morgans Point, TX",17.0,0.5572103673469387,1.427626929271404,0.7901234567901234,0.00810486291775065,0.3950617283950617,0.7006348368247237,0.9378506994604867,0.2402789822041373,0,0.4476685480385208,0,0.4814409061285478,0,0.5941897764121109,0,0.3744079338517258,0,0,961.0
48201412500,Harris County,0.124,1535,29.7086859,-95.4354835,10.667,"Morgans Point, TX",21.0,0.5935049795918367,0.9254089716298114,0.7407407407407407,0.12407444466680008,0.37037037037037035,0.7462715859198595,0.960150109955722,0.2718520000889422,0,0.5075916809134816,0,0.548076585209842,0,0.6354307596623755,0,0.44367214153903467,0,0,830.6
48201412600,Harris County,0.0504,3657,29.7149457,-95.4441139,10.667,"Morgans Point, TX",19.0,0.5501834285714285,1.42336137307475,0.7654320987654322,0.05043025815489294,0.3827160493827161,0.691799182660932,0.9380400980814885,0.2498017328915868,0,0.45802838727011885,0,0.49157612838096704,0,0.5938944303085276,0,0.3900953657509145,0,0,944.4
48201412700,Harris County,0.176,3178,29.7135,-95.453667,10.667,"Morgans Point, TX",24.0,0.4984569795918367,1.4140967484736735,0.7037037037037037,0.17610566339803882,0.35185185185185186,0.6267584830183613,0.9384514646284632,0.28155337647032663,0,0.4784097869026179,0,0.5052754564938821,0,0.579177828070811,0,0.42802576631852135,0,0,908.4
48201412800,Harris County,0.0018,5147,29.6981361,-95.4532887,10.667,"Morgans Point, TX",24.0,0.48684563265306124,0.36018308950721156,0.7037037037037037,0.0018010806483890335,0.35185185185185186,0.6121584061990819,0.9852471893735358,0.21183154337046672,0,0.4187649513432219,0,0.43956201904096703,0,0.5577529082414996,0,0.3492709728940831,0,0,1025.8
48201412901,Harris County,0.4223,1914,29.6850348,-95.452935,10.667,"Morgans Point, TX",20.0,0.5396884897959183,0.5622136583077707,0.7530864197530864,0.4225535321192716,0.3765432098765432,0.6786028745027122,0.9762766567238758,0.3949473387736346,0,0.6127830556937601,0,0.6417173553315233,0,0.6761928968852564,0,0.5810781350980121,0,0,594.8
48201412902,Harris County,0.6338,2671,29.6862533,-95.445239,10.667,"Morgans Point, TX",23.0,0.5018929795918368,0.526880948669191,0.7160493827160495,0.6341805083049831,0.3580246913580247,0.6310789002977313,0.9778454946838714,0.46848701813680804,0,0.677254073362291,0,0.7008542931602847,0,0.6916119283813937,0,0.6700751458527396,0,0,454.2
48201413000,Harris County,0.3862,3457,29.6974479,-95.4423158,10.667,"Morgans Point, TX",21.0,0.45138106122448984,0.21244429571731355,0.7407407407407407,0.3864318591154693,0.37037037037037035,0.5675653482231078,0.9918070663326608,0.37679496586840994,0,0.5665093189964192,0,0.5788101379222411,0,0.6265351389567357,0,0.5364964090162608,0,0,712.8
48201413100,Harris County,0.1479,3099,29.6983955,-95.4327891,10.667,"Morgans Point, TX",20.0,0.5086354285714285,0.20428185977922367,0.7530864197530864,0.1479887932759656,0.3765432098765432,0.6395568377472941,0.9921694936550116,0.28512144323631217,0,0.4957103813923973,0,0.5177220334288887,0,0.6116175774312078,0,0.437756783372992,0,0,870.0
48201413203,Harris County,0.5221,2017,29.7032683,-95.425711,10.667,"Morgans Point, TX",18.0,0.6312890612244897,0.46416428815444855,0.7777777777777778,0.5224134480688414,0.3888888888888889,0.7937811898694626,0.9806302309451475,0.4422987125608699,0,0.694003716907973,0,0.7379424008449125,0,0.7512004731876836,0,0.6654053387681178,0,0,404.4
48201413204,Harris County,0.2259,964,29.6991945,-95.4246003,10.667,"Morgans Point, TX",21.0,0.5840890612244898,0.19768106666243568,0.7407407407407407,0.22603562137282368,0.37037037037037035,0.7344320351586774,0.9924625811343932,0.3126364707713517,0,0.5547840229072141,0,0.5908277986105935,0,0.6643668234186776,0,0.49999262265148237,0,0,726.0
48201413205,Harris County,0.1734,1566,29.7031646,-95.420566,10.667,"Morgans Point, TX",21.0,0.6603805714285714,0.4093268535713113,0.7407407407407407,0.1735041024614769,0.37037037037037035,0.8303607775786244,0.9830651149345959,0.291623863206813,0,0.5608550590591629,0,0.611380874821314,0,0.689972044591725,0,0.4962965662928819,0,0,703.6
48201413206,Harris County,0.2385,2521,29.6983131,-95.4189449,10.667,"Morgans Point, TX",22.0,0.6264456326530612,0.12825428592064764,0.7283950617283951,0.23864318591154693,0.36419753086419754,0.7876910756403027,0.9955452592018882,0.3139757928831373,0,0.5755295334774394,0,0.6194324366002615,0,0.6878249826660703,0,0.519381808883124,0,0,674.6
48201413301,Harris County,0.4717,5057,29.6908538,-95.4217495,10.667,"Morgans Point, TX",23.0,0.5710090612244899,0.4459048351770439,0.7160493827160495,0.4719831899139484,0.3580246913580247,0.7179852778786548,0.981440984585407,0.40360809078039417,0,0.6407015551568948,0,0.6763902197997684,0,0.6969410102378768,0,0.6125818276164037,0,0,528.0
48201413302,Harris County,0.0334,3717,29.685316,-95.4330005,10.667,"Morgans Point, TX",22.0,0.49156661224489795,0.7076922302878056,0.7283950617283951,0.033420052031218735,0.36419753086419754,0.6180945534063357,0.9698171378128483,0.23188653933100603,0,0.43230512408319943,0,0.4542115583998326,0,0.565266814767193,0,0.36582427874120266,0,0,1002.2
48201420100,Harris County,0.729,2776,29.6734152,-95.4357401,10.667,"Morgans Point, TX",20.0,0.5058792653061224,1.494484617460985,0.7530864197530864,0.7294376625975586,0.3765432098765432,0.6360912453735476,0.934882093875965,0.5177009909649494,0,0.7092746959469552,0,0.7356721330361263,0,0.7025537070634208,0,0.7126351903887225,0,0,377.8
48201420200,Harris County,0.7376,2424,29.6674366,-95.4440195,10.667,"Morgans Point, TX",24.0,0.4162044081632653,1.8274117693018372,0.7037037037037037,0.7380428256954173,0.35185185185185186,0.5233343180379757,0.9200995097191339,0.506328241389278,0,0.6650696350514677,0,0.6787481024567305,0,0.6407452381701512,0,0.6772318334921259,0,0,487.4
48201420300,Harris County,0.4085,3490,29.6705847,-95.454883,10.667,"Morgans Point, TX",21.0,0.5093444081632653,1.513096863284227,0.7407407407407407,0.40874524714828897,0.37037037037037035,0.6404483068041312,0.9340556755778227,0.3857203210815378,0,0.5801707420196833,0,0.6077858252549082,0,0.6373125736434815,0,0.5515998262077844,0,0,674.0
48201420400,Harris County,0.213,3187,29.6575147,-95.4559003,10.667,"Morgans Point, TX",25.0,0.3768509387755102,1.5674359211576194,0.691358024691358,0.21312787672603561,0.345679012345679,0.47385137009094114,0.9316429204403254,0.29265855809782165,0,0.44129681073559823,0,0.44746044539986674,0,0.5173531220721193,0,0.40326865506733783,0,0,983.8
48201420500,Harris County,0.8874,3529,29.6485884,-95.4713288,10.667,"Morgans Point, TX",22.0,0.2692832653061224,1.1242759503506536,0.7283950617283951,0.8879327596557934,0.36419753086419754,0.338596063001663,0.951320046583898,0.5736916223808359,0,0.6808398138763871,0,0.6644594040924834,0,0.6118088319499184,0,0.7153553048396215,0,0,448.2
48201420600,Harris County,0.281,2409,29.6611026,-95.47013,10.667,"Morgans Point, TX",23.0,0.497129387755102,1.9657394979733092,0.7160493827160495,0.28116870122073245,0.3580246913580247,0.625089172566854,0.9139575015380563,0.3272822953031078,0,0.5141781453573004,0,0.5423664285119483,0,0.5918479600694898,0,0.47534323800120576,0,0,821.0
48201420700,Harris County,0.046,2488,29.6722815,-95.4691967,10.667,"Morgans Point, TX",20.0,0.5261603265306122,1.2629216625132376,0.7530864197530864,0.04602761656994197,0.3765432098765432,0.6615925979225127,0.945163919344967,0.24433697255390271,0,0.4471105452232477,0,0.476269164486008,0,0.5808048547743496,0,0.38026339044769675,0,0,967.2
48201420800,Harris County,0.0148,2515,29.684459,-95.4692251,10.667,"Morgans Point, TX",22.0,0.44244334693877546,0.44946586679053363,0.7283950617283951,0.01480888533119872,0.36419753086419754,0.55632709000481,0.9812828681649814,0.22444207265099803,0,0.40911659033586234,0,0.4212369354952182,0,0.5405524920040836,0,0.34339863950175176,0,0,1042.4
48201420900,Harris County,0.0375,6147,29.6973396,-95.469108,10.667,"Morgans Point, TX",24.0,0.5038566530612245,0.4498219964562956,0.7037037037037037,0.037522513508104864,0.35185185185185186,0.6335480181057007,0.9812670553460937,0.22612011651435304,0,0.4385025611449068,0,0.4626892994743957,0,0.5721625770238409,0,0.37167255320543985,0,0,992.8
48201421000,Harris County,0.0669,2761,29.713242,-95.4654299,10.667,"Morgans Point, TX",21.0,0.5947074285714286,1.5003778106968595,0.7407407407407407,0.06694016409845908,0.37037037037037035,0.7477835420749787,0.9346204251460939,0.24899828786160585,0,0.4772205988497978,0,0.5200958987017852,0,0.6139807437669108,0,0.40884052639124135,0,0,902.6
48201421101,Harris County,0.6603,2644,29.7222779,-95.4700803,10.667,"Morgans Point, TX",22.0,0.6834707755102041,2.1651402419667085,0.7283950617283951,0.6606964178507104,0.36419753086419754,0.8593943388994807,0.9051037379963365,0.48279708565880275,0,0.7384858913503065,0,0.8003195324948525,0,0.7644157158501719,0,0.7255209791003738,0,0,306.8
48201421103,Harris County,0.8004,1511,29.7182901,-95.4806352,10.667,"Morgans Point, TX",21.0,0.7208295510204081,1.9869482067801039,0.7407407407407407,0.8008805283169902,0.37037037037037035,0.9063691640596628,0.9130157954589317,0.5425744335490184,0,0.8136707729044597,0,0.8810042112679659,0,0.8179341877669496,1,0.8115390654732149,0,1,149.6
48201421104,Harris County,0.9868,4088,29.7230027,-95.4805288,10.667,"Morgans Point, TX",22.0,0.7763970612244897,2.308422973442307,0.7283950617283951,0.9873924354612769,0.36419753086419754,0.9762396038900691,0.8987417184838181,0.6134754927030293,0,0.9037447297469658,1,0.9827849833510129,1,0.8758621611755288,1,0.9176860140326843,1,4,27.4
48201421203,Harris County,0.7193,2451,29.7239806,-95.4871024,10.667,"Morgans Point, TX",22.0,0.7448941224489796,2.4333394095706122,0.7283950617283951,0.7197318391034622,0.36419753086419754,0.9366278922961677,0.8931951966113071,0.5064112541599034,0,0.7825463011225722,0,0.8564095512856873,0,0.8034844551289424,0,0.7720772241193872,0,0,214.4
48201421204,Harris County,0.8666,3857,29.7214544,-95.4895197,10.667,"Morgans Point, TX",24.0,0.7613022857142857,2.281167158680577,0.7037037037037037,0.867120272163298,0.35185185185185186,0.9572594732316015,0.8999519273035268,0.5579592199764304,0,0.846209906099318,1,0.9234917628736257,1,0.8392397840779914,1,0.8496949671099814,0,3,100.4
48201421205,Harris County,0.9337,2877,29.718099,-95.4937154,10.667,"Morgans Point, TX",23.0,0.7677737959183673,2.0896404842995127,0.7160493827160495,0.9342605563338003,0.3580246913580247,0.9653967329840266,0.9084560675235756,0.588519037348335,0,0.88020670647287,1,0.9573988471544437,1,0.8621887565192267,1,0.8892156814496918,1,4,51.8
48201421206,Harris County,0.9104,2306,29.7182163,-95.4869012,10.667,"Morgans Point, TX",23.0,0.7952935510204081,2.0362906096529065,0.7160493827160495,0.9109465679407645,0.3580246913580247,1.0,0.9108249010877928,0.5791934419911207,0,0.8824531026926254,1,0.9643786271763057,1,0.8729552809432459,1,0.8872020135673153,1,4,58.4
48201421301,Harris County,0.8802,3245,29.7087134,-95.4950115,10.667,"Morgans Point, TX",25.0,0.7622206530612244,1.4642493523019433,0.691358024691358,0.8807284370622374,0.345679012345679,0.9584142258958982,0.9362245958294593,0.5596987822323024,0,0.8614356228884092,1,0.9363181046047075,1,0.8550046848304667,1,0.8646510919173807,1,4,86.4
48201421302,Harris County,0.8101,5915,29.7092106,-95.5026659,10.667,"Morgans Point, TX",24.0,0.7446599183673469,1.564121159908022,0.7037037037037037,0.8105863518110867,0.35185185185185186,0.9363334047056018,0.9317901019989968,0.5353456518355458,0,0.8270117457577882,0,0.8985969432248703,1,0.8324868770733554,1,0.8242741801000046,0,2,134.2
48201421401,Harris County,0.91,3895,29.714443,-95.492511,10.667,"Morgans Point, TX",25.0,0.7672186122448978,1.8287701494926638,0.691358024691358,0.9105463277966781,0.345679012345679,0.9646986465067038,0.920039195114642,0.5716259385260787,0,0.8702638462957821,1,0.9474213830463964,1,0.8568363524621502,1,0.876977593212598,1,4,70.2
48201421402,Harris County,0.9329,3864,29.7145907,-95.4868557,10.667,"Morgans Point, TX",24.0,0.7702992653061224,1.7875417705692191,0.7037037037037037,0.9334600760456274,0.35185185185185186,0.9685722514885018,0.9218698117456847,0.5844951415293621,0,0.8831467770929385,1,0.9601749955736055,1,0.8663756774420424,1,0.8915323269183868,1,4,52.8
48201421403,Harris County,0.9526,4793,29.7091209,-95.4888961,10.667,"Morgans Point, TX",25.0,0.7358425306122448,1.440511245051621,0.691358024691358,0.9531719031418852,0.345679012345679,0.9252464447474971,0.9372786118993758,0.5886761686641615,0,0.8803616404999606,1,0.9504238927157365,1,0.8560915529526523,1,0.8924966842736146,1,4,52.0
48201421501,Harris County,0.9902,4570,29.7108472,-95.4758568,10.667,"Morgans Point, TX",20.0,0.6141426938775509,1.431584752096081,0.7530864197530864,0.9907944766860116,0.3765432098765432,0.7722213930812968,0.9376749647730029,0.6222437166003305,0,0.8572992896913711,1,0.9028739168999397,1,0.8128008940264911,0,0.8795484875238113,1,3,48.6
48201421502,Harris County,0.8608,2806,29.7128292,-95.4785161,10.667,"Morgans Point, TX",22.0,0.616218693877551,1.5961230369213748,0.7283950617283951,0.8613167900740445,0.36419753086419754,0.774831749970695,0.9303691591966129,0.5630452345481364,0,0.8001744692462591,0,0.8477954105175604,0,0.7797936956369973,0,0.81036485605089,0,0,163.2
48201421601,Harris County,0.9688,2995,29.7009353,-95.4900265,10.667,"Morgans Point, TX",24.0,0.705982775510204,0.8836883651071868,0.7037037037037037,0.9693816289773864,0.35185185185185186,0.8877008679428959,0.962002582406781,0.5988637627020658,0,0.8847645164450523,1,0.9468399987526315,1,0.8565588122676077,1,0.8988673685337747,1,4,41.8
48201421602,Harris County,0.8221,3350,29.7021226,-95.4804176,10.667,"Morgans Point, TX",23.0,0.6992928163265305,0.8780282148031586,0.7160493827160495,0.8225935561336803,0.3580246913580247,0.87928893102339,0.9622539035974589,0.543852237268287,0,0.8254271281836765,0,0.8857556413478043,1,0.8263716522003419,1,0.8249548661753437,0,2,132.2
48201421700,Harris County,0.7152,4873,29.6869475,-95.4877251,10.667,"Morgans Point, TX",24.0,0.5350031020408162,0.09261063114880556,0.7037037037037037,0.715629377626576,0.35185185185185186,0.6727114803764924,0.9971279037035709,0.4973628621617415,0,0.7269675053995354,0,0.755388686489012,0,0.7307468813238552,0,0.7250778174373755,0,0,345.0
48201421801,Harris County,0.6681,1907,29.6785537,-95.4800376,10.667,"Morgans Point, TX",22.0,0.580722693877551,0.7377042233964237,0.7283950617283951,0.6685011006603963,0.36419753086419754,0.7301991737924316,0.9684845495532567,0.485918958782677,0,0.72100836295319,0,0.7590168569089173,0,0.7385107837174547,0,0.7122571525710577,0,0,351.8
48201421802,Harris County,0.1914,2063,29.685661,-95.4808616,10.667,"Morgans Point, TX",25.0,0.5192810612244898,0.25514161941410823,0.691358024691358,0.1915149089453672,0.345679012345679,0.6529426279871399,0.9899112258242211,0.2840133709855543,0,0.5069433956321456,0,0.5336857031662935,0,0.6120862245277385,0,0.4543719811843493,0,0,846.2
48201421900,Harris County,0.072,2833,29.6713977,-95.4847512,10.667,"Morgans Point, TX",23.0,0.4810516734693877,1.1817001956093518,0.7160493827160495,0.07204322593556134,0.3580246913580247,0.6048730973012044,0.9487703033938772,0.24363210518903936,0,0.4350966217377534,0,0.4574361109934835,0,0.556114420338484,0,0.374587722437388,0,0,996.8
48201422000,Harris County,0.2492,2235,29.6620014,-95.4846575,10.667,"Morgans Point, TX",23.0,0.4446339591836735,1.826015641261853,0.7160493827160495,0.24934960976585954,0.3580246913580247,0.5590815600267123,0.9201615003982679,0.3145546587211586,0,0.4827324239785327,0,0.5009781040520911,0,0.560526695382757,0,0.4438352882764205,0,0,898.6
48201422100,Harris County,0.5529,5443,29.6482654,-95.4870792,10.667,"Morgans Point, TX",23.0,0.4745505306122449,1.2659739393143457,0.7160493827160495,0.5532319391634981,0.3580246913580247,0.5966985775294781,0.9450283925835333,0.4361075904802141,0,0.6238423531832095,0,0.6453347355818345,0,0.6473791578564466,0,0.6120739508465909,0,0,576.6
48201422200,Harris County,0.9676,5732,29.6401541,-95.5018992,10.667,"Morgans Point, TX",23.0,0.4895648979591837,0.871815105592859,0.7160493827160495,0.9681809085451272,0.3580246913580247,0.615577603176894,0.9625297771910333,0.6020871782328657,0,0.8012087378565143,0,0.8239028139826547,0,0.7455513476269765,0,0.8290374329712831,0,0,141.8
48201422302,Harris County,0.4385,1936,29.6490268,-95.4971327,10.667,"Morgans Point, TX",23.0,0.5490417959183673,1.421567521227736,0.7160493827160495,0.4387632579547729,0.3580246913580247,0.6903636967933596,0.938119748436669,0.39032011799672395,0,0.6052090099903775,0,0.6406485793985307,0,0.6606909273355791,0,0.5774680513177768,0,0,613.8
48201422303,Harris County,0.9322,2651,29.6477685,-95.5057959,10.667,"Morgans Point, TX",24.0,0.6316614693877551,1.42968688612587,0.7037037037037037,0.9327596557934762,0.35185185185185186,0.7942494549054202,0.9377592335485231,0.5842149734285016,0,0.8332781449963325,0,0.8840906162475117,0,0.8001176413972845,0,0.8498583967958564,0,0,97.4
48201422304,Harris County,0.9813,3813,29.6531035,-95.506412,10.667,"Morgans Point, TX",24.0,0.6564158367346938,1.800143078980177,0.7037037037037037,0.981889133480088,0.35185185185185186,0.8253755306986633,0.9213102902376276,0.6038667645031464,0,0.8575237690097199,1,0.9141767023817818,1,0.8160686475195973,0,0.8782513297547813,1,3,56.0
48201422403,Harris County,0.6363,2599,29.6617735,-95.4967033,10.667,"Morgans Point, TX",23.0,0.5290878367346938,1.7360849655381914,0.7160493827160495,0.6366820092055233,0.3580246913580247,0.6652736414822467,0.9241545895014397,0.46948761849702414,0,0.6721525198814566,0,0.705203333446343,0,0.6839760234401011,0,0.6662407681021345,0,0,459.8
48201422404,Harris County,0.9833,2494,29.654967,-95.4970625,10.667,"Morgans Point, TX",23.0,0.5607143673469388,1.8260152944830919,0.7160493827160495,0.9838903342005203,0.3580246913580247,0.7050407571235923,0.9201615157958892,0.6083709484950229,0,0.8222328580412528,0,0.8612954738526208,0,0.7683470326548305,0,0.849175770734464,0,0,100.8
48201422405,Harris County,0.9139,1647,29.6594912,-95.5070287,10.667,"Morgans Point, TX",22.0,0.655866612244898,1.7970792419474495,0.7283950617283951,0.914448669201521,0.36419753086419754,0.8246849372830733,0.9214463302948254,0.584297986199127,0,0.8342381176366005,0,0.8897292964885081,1,0.8075012671149604,0,0.8476065428974207,0,1,93.6
48201422406,Harris County,0.8877,2752,29.6620002,-95.5040573,10.667,"Morgans Point, TX",24.0,0.5925832653061224,1.647820967826877,0.7037037037037037,0.8882329397638584,0.35185185185185186,0.7451126248236307,0.928073675003993,0.5664042870166545,0,0.7970564899070461,0,0.8416860556330279,0,0.7666643399547755,0,0.8122525648831815,0,0,167.4
48201422501,Harris County,0.6575,3333,29.6746648,-95.5011866,10.667,"Morgans Point, TX",25.0,0.5218202448979592,0.8089646913393896,0.691358024691358,0.6578947368421053,0.345679012345679,0.6561353907980686,0.9653204523668379,0.4705653021442495,0,0.6867979091413456,0,0.7160903500036258,0,0.6964322999077592,0,0.681980713758139,0,0,438.2
48201422502,Harris County,0.6952,3487,29.6694937,-95.499711,10.667,"Morgans Point, TX",23.0,0.5497285714285715,1.1763746940626318,0.7160493827160495,0.6956173704222535,0.3580246913580247,0.691227246496891,0.9490067655579165,0.4930617629837162,0,0.7116284947048159,0,0.7462638094187144,0,0.7169655361323369,0,0.7089599739910556,0,0,376.2
48201422601,Harris County,0.9384,3533,29.6809788,-95.5031204,10.667,"Morgans Point, TX",25.0,0.48677191836734696,0.36176636543255514,0.691358024691358,0.9389633780268162,0.345679012345679,0.6120657180518944,0.9851768889805506,0.5829927586181339,0,0.7916468033972599,0,0.8129624764996993,0,0.7425412785207411,0,0.8161995658355192,0,0,174.4
48201422602,Harris County,0.6729,2317,29.6870675,-95.4977289,10.667,"Morgans Point, TX",23.0,0.5056567346938776,0.0348914839794647,0.7160493827160495,0.6733039823894338,0.3580246913580247,0.6358114359724035,0.9996907410863841,0.4841364077705883,0,0.7012221104492947,0,0.7236363948055861,0,0.7105281531359151,0,0.6965690891059846,0,0,403.8
48201422701,Harris County,0.7385,5120,29.6973752,-95.4999729,10.667,"Morgans Point, TX",22.0,0.44834465306122445,0.731142798326718,0.7283950617283951,0.7389433660196119,0.36419753086419754,0.5637473766585585,0.9687758890181978,0.5140958649263633,0,0.6971782858203956,0,0.7114223370385586,0,0.683256592420657,0,0.704139132520265,0,0,411.8
48201422702,Harris County,0.5469,3088,29.698989,-95.5093677,10.667,"Morgans Point, TX",26.0,0.48534375510204075,0.931898222804941,0.6790123456790124,0.5472283370022014,0.3395061728395062,0.6102699493530613,0.9598619751458071,0.42259503850458424,0,0.6245352929675521,0,0.6482771493535742,0,0.6503042782893356,0,0.6116508003066603,0,0,578.2
48201422800,Harris County,0.9619,5360,29.6900285,-95.517789,10.667,"Morgans Point, TX",22.0,0.5087620408163265,0.4130848867225996,0.7283950617283951,0.9624774864918951,0.36419753086419754,0.6397160396479451,0.9828982512798417,0.6035095131152766,0,0.8147897526078034,0,0.8386655576492215,0,0.7655605079797727,0,0.8394043749218186,0,0,117.6
48201422900,Harris County,0.9596,3256,29.6820045,-95.5298306,10.667,"Morgans Point, TX",25.0,0.5928529795918368,0.06074751538207728,0.691358024691358,0.9601761056633981,0.345679012345679,0.7454517628505497,0.998542685248771,0.5914778496727666,0,0.8460641255689036,1,0.8852649608887283,1,0.808026798870739,0,0.8650827889179861,1,3,79.8
48201423001,Harris County,0.7977,3253,29.685675,-95.509302,10.667,"Morgans Point, TX",21.0,0.6443067755102041,0.04232398158450991,0.7407407407407407,0.7981789073444067,0.37037037037037035,0.8101496292576758,0.9993607243823258,0.5414937851599849,0,0.8094994465647611,0,0.8557545666527765,0,0.8132729596382126,0,0.8076126900280354,0,0,162.8
48201423002,Harris County,0.9392,2854,29.6760958,-95.5215429,10.667,"Morgans Point, TX",22.0,0.27355763265306127,0.5313602261880511,0.7283950617283951,0.9397638583149891,0.36419753086419754,0.3439706411576843,0.977646606439046,0.5944240618445142,0,0.7114944729675368,0,0.6936379541366198,0,0.6354046778517193,0,0.7495393705254454,0,0,370.4
48201423100,Harris County,0.9145,2705,29.6647245,-95.5494555,10.667,"Morgans Point, TX",21.0,0.44014253061224484,1.0559529170942472,0.7407407407407407,0.9150490294176507,0.37037037037037035,0.553434049663192,0.9543537162121583,0.5882418339892825,0,0.7618105770312209,0,0.7752864480965462,0,0.7107310929024111,0,0.7873503190956259,0,0,235.6
48201423201,Harris County,0.5646,2957,29.6609302,-95.5426618,10.667,"Morgans Point, TX",25.0,0.3880364897959183,1.3714391098625691,0.691358024691358,0.5649389633780268,0.345679012345679,0.487916052252712,0.9403455430453589,0.43338299275861814,0,0.5891472418871899,0,0.5965754673953463,0,0.5972166680569109,0,0.5851125288023293,0,0,667.8
48201423203,Harris County,0.9132,2145,29.6608837,-95.532177,10.667,"Morgans Point, TX",24.0,0.46131706122448973,1.4703073594876788,0.7037037037037037,0.9137482489493697,0.35185185185185186,0.5800588482486662,0.935955609053972,0.576610410690859,0,0.7580689997672048,0,0.7784869024272905,0,0.7061759167064832,0,0.7840155412975656,0,0,251.0
48201423204,Harris County,0.9482,4402,29.6684916,-95.5318167,10.667,"Morgans Point, TX",24.0,0.5338976326530612,0.951670582199873,0.7037037037037037,0.9487692615569342,0.35185185185185186,0.6713214661027231,0.9589840456494637,0.5906188157338849,0,0.8078496519549276,0,0.8393218890167534,0,0.7608764487542586,0,0.831336253555262,0,0,133.2
48201423301,Harris County,0.71,4738,29.6704175,-95.5186283,10.667,"Morgans Point, TX",26.0,0.41879934693877546,0.9482168704271473,0.6790123456790124,0.7104262557534521,0.3395061728395062,0.5265971871662123,0.9591373968695472,0.4878742060050846,0,0.6633987227190039,0,0.6752687577992698,0,0.647722878374188,0,0.671236644891412,0,0,495.8
48201423303,Harris County,0.4035,1330,29.6601449,-95.51088,10.667,"Morgans Point, TX",23.0,0.6590959183673469,1.714371238195146,0.7160493827160495,0.4037422453472084,0.3580246913580247,0.8287454582294655,0.9251187193419536,0.37631171295369814,0,0.6304438385153752,0,0.686727137460308,0,0.7060110362380977,0,0.5926602396540142,0,0,543.0
48201423304,Harris County,0.8111,3557,29.6607543,-95.5203499,10.667,"Morgans Point, TX",24.0,0.4600890612244898,1.584424617090454,0.7037037037037037,0.8115869521713028,0.35185185185185186,0.5785147643083093,0.9308885907740505,0.5357458919796323,0,0.7151352553964401,0,0.7357645745828203,0,0.6829846898048193,0,0.7312105381922506,0,0,373.0
48201423401,Harris County,0.9454,5196,29.6497861,-95.5163885,10.667,"Morgans Point, TX",25.0,0.41180636734693876,1.6794863680264729,0.691358024691358,0.9459675805483291,0.345679012345679,0.5178042331898293,0.9266676723973506,0.585794439626739,0,0.746632394906217,0,0.759488476869385,0,0.680187333025513,0,0.779854925846569,0,0,279.2
48201423402,Harris County,0.6796,4587,29.6485541,-95.5296515,10.667,"Morgans Point, TX",23.0,0.4164679183673469,1.7301599417901632,0.7160493827160495,0.6800080048028817,0.3580246913580247,0.5236656550691179,0.9244176715651949,0.4868180167359675,0,0.6452430178466537,0,0.6580750603095671,0,0.6336546888612444,0,0.6510371823393584,0,0,534.2
48201423500,Harris County,0.2329,2163,29.6509447,-95.5411795,10.667,"Morgans Point, TX",24.0,0.5167264489795919,2.013855913715131,0.7037037037037037,0.2330398238943366,0.35185185185185186,0.6497304653314511,0.9118210432735512,0.30432704066884575,0,0.5000383869821805,0,0.5324488825590092,0,0.5890379080114618,0,0.4555386264675399,0,0,855.2
48201423600,Harris County,0.6982,6950,29.6337489,-95.520956,10.667,"Morgans Point, TX",24.0,0.5139389387755102,0.6317294333638369,0.7037037037037037,0.6986191715029019,0.35185185185185186,0.6462254574000965,0.9731900271434657,0.4905587797122719,0,0.7043811186839402,0,0.7310639792902023,0,0.7063017677442862,0,0.7034207941537671,0,0,398.0
48201430101,Harris County,0.3357,3214,29.7802489,-95.4638738,10.667,"Morgans Point, TX",27.0,0.46119387755102037,1.33125663996983,0.6666666666666667,0.33590154092455476,0.33333333333333337,0.5799039574246285,0.9421297193720248,0.33436061636982195,0,0.5230181292387396,0,0.5444655051981686,0,0.5853903253434679,0,0.4918320311863754,0,0,812.6
48201430102,Harris County,0.271,2512,29.7763851,-95.4703505,10.667,"Morgans Point, TX",27.0,0.24703591836734692,1.037010965310842,0.6666666666666667,0.27116269761857115,0.33333333333333337,0.31062230801492785,0.9551947740675617,0.3084650790474285,0,0.41692870978943264,0,0.3988577481659256,0,0.46551738051305314,0,0.3926343744276224,0,0,1017.4
48201430200,Harris County,0.3811,1475,29.7759823,-95.4847472,10.667,"Morgans Point, TX",29.0,0.33862930612244896,0.941582495603682,0.6419753086419753,0.38132879727836705,0.32098765432098764,0.4257915906497265,0.9594319754391039,0.3451241115039394,0,0.4945043826742608,0,0.49354977503006736,0,0.5322295778062253,0,0.4756417851082785,0,0,887.6
48201430300,Harris County,0.0429,4383,29.7726912,-95.4980795,10.667,"Morgans Point, TX",26.0,0.3373022857142857,0.6687641875827602,0.6790123456790124,0.042925755453271965,0.3395061728395062,0.42412299871098813,0.9715456152415175,0.2208740058850125,0,0.36820854608097725,0,0.36440654668360123,0,0.47663614295687906,0,0.3139947476430264,0,0,1101.4
48201430400,Harris County,0.0209,3114,29.7565146,-95.5154397,10.667,"Morgans Point, TX",32.0,0.30799763265306124,0.5610585565281682,0.6049382716049383,0.02091254752851711,0.30246913580246915,0.3872754057390284,0.9763279453891957,0.18984650049288834,0,0.3377747587310107,0,0.3314651279682058,0,0.44339549579850857,0,0.2849643901972618,0,0,1139.8
48201430500,Harris County,0.2204,2320,29.7798455,-95.5191678,10.667,"Morgans Point, TX",28.0,0.49545485714285714,1.0557529286490708,0.654320987654321,0.220532319391635,0.3271604938271605,0.6229836222199459,0.9543625960707246,0.2845092240529503,0,0.4922508006423032,0,0.5193260411058174,0,0.5828236277258594,0,0.44696438710052516,0,0,882.6
48201430600,Harris County,0.0826,3834,29.7647541,-95.5317578,10.667,"Morgans Point, TX",36.0,0.30574024489795915,0.07989750368999728,0.5555555555555556,0.08264958975385232,0.2777777777777778,0.3844369723678465,0.9976923901851246,0.1997265025682076,0,0.36053986814431616,0,0.35410882004836136,0,0.45316996094113743,0,0.3142248217459055,0,0,1116.2
48201430700,Harris County,0.4142,3919,29.7770812,-95.5388154,10.667,"Morgans Point, TX",27.0,0.5341597551020408,0.7769881245567444,0.6666666666666667,0.41444866920152096,0.33333333333333337,0.6716510581742837,0.9667402713479493,0.3657794676806084,0,0.5908560575326127,0,0.6232920924039189,0,0.6496585203096432,0,0.5614548261440974,0,0,653.4
48201430800,Harris County,0.1534,6552,29.77607,-95.5529434,10.667,"Morgans Point, TX",26.0,0.46713395918367345,0.6345539579317615,0.6790123456790124,0.15349209525715432,0.3395061728395062,0.5873730003019807,0.973064613004374,0.2651005418065654,0,0.46400654921016005,0,0.48335813287736484,0,0.5675113671944954,0,0.41225414021799245,0,0,944.8
48201430900,Harris County,0.2387,5264,29.7579315,-95.5432078,10.667,"Morgans Point, TX",33.0,0.32965224489795913,0.5718152872071806,0.5925925925925926,0.23884330598359016,0.2962962962962963,0.41450385769505615,0.9758503265598643,0.27331510017121385,0,0.4313878205528032,0,0.4295280780467787,0,0.49556932540920756,0,0.39929706812460103,0,0,1008.8
48201431001,Harris County,0.0867,2291,29.7422707,-95.5481493,10.667,"Morgans Point, TX",29.0,0.32025616326530615,1.677692551659674,0.6419753086419753,0.08675205123073845,0.32098765432098764,0.4026892495914229,0.9267473211771436,0.22729341308488796,0,0.35921277103091614,0,0.3577475273719488,0,0.45003301096430876,0,0.3138026510642199,0,0,1108.4
48201431002,Harris County,0.1432,3046,29.7528957,-95.5501778,10.667,"Morgans Point, TX",34.0,0.33349061224489795,0.9504221743904665,0.5802469135802469,0.14328597158294978,0.29012345679012347,0.41933021060840997,0.9590394772758797,0.231388462707254,0,0.3874817761623881,0,0.38826825200512294,0,0.46888037768886764,0,0.3467824753991484,0,0,1079.4
48201431101,Harris County,0.3596,4952,29.7441598,-95.5356583,10.667,"Morgans Point, TX",28.0,0.5519684081632653,1.4858885205990728,0.654320987654321,0.35981588953372023,0.3271604938271605,0.6940436112615996,0.935263776549123,0.3402226521097844,0,0.5642276869982233,0,0.6030645598787069,0,0.6323649528197244,0,0.5301590540874728,0,0,717.4
48201431102,Harris County,0.9325,4309,29.7414554,-95.5283396,10.667,"Morgans Point, TX",27.0,0.45292595918367345,1.6393286382798808,0.6666666666666667,0.933059835901541,0.33333333333333337,0.5695078988161578,0.9284507502155577,0.5732239343606165,0,0.7543461431992176,0,0.7754760657121977,0,0.6947749122984432,0,0.7841317586496048,0,0,267.4
48201431203,Harris County,0.5332,2387,29.74153,-95.5088059,10.667,"Morgans Point, TX",24.0,0.5219322448979592,1.5425070161382568,0.7037037037037037,0.5335201120672404,0.35185185185185186,0.6562762193007722,0.9327498101438199,0.42451915593800726,0,0.6288298222452773,0,0.6603910572395089,0,0.6605997256379562,0,0.6129448705489378,0,0,559.4
48201431204,Harris County,0.3496,2853,29.745188,-95.5037723,10.667,"Morgans Point, TX",24.0,0.5460917551020408,1.267644929056478,0.7037037037037037,0.349809885931559,0.35185185185185186,0.6866543233015949,0.9449541975341008,0.3510350654837347,0,0.568673733824199,0,0.6035279068614148,0,0.6416283497884123,0,0.5321964258420923,0,0,700.0
48201431205,Harris County,0.651,2617,29.7393055,-95.5184834,10.667,"Morgans Point, TX",26.0,0.6399000816326531,1.741194599606592,0.6790123456790124,0.6513908345007005,0.3395061728395062,0.8046086640733147,0.9239277122545432,0.4642600375039839,0,0.7157797032947928,0,0.7702995385579497,0,0.7372426595594903,0,0.7050482251624441,0,0,362.0
48201431206,Harris County,0.4347,1862,29.7408525,-95.5140448,10.667,"Morgans Point, TX",23.0,0.5020988571428572,1.6132454696128145,0.7160493827160495,0.43496097658595156,0.3580246913580247,0.6313377701838963,0.9296088913697584,0.38879920544919544,0,0.5825495881459937,0,0.6102957855835913,0,0.631745791999341,0,0.55795148621932,0,0,672.2
48201431302,Harris County,0.1489,4834,29.7436384,-95.4905071,10.667,"Morgans Point, TX",25.0,0.5813657959183673,1.322129955085866,0.691358024691358,0.14898939363618172,0.345679012345679,0.7310078085914831,0.9425349611392525,0.2670031648618801,0,0.49953859117492727,0,0.5414504500381326,0,0.6163883236878426,0,0.4411137249184697,0,0,856.0
48201431303,Harris County,0.3714,1274,29.7405491,-95.4988604,10.667,"Morgans Point, TX",25.0,0.7447858775510203,1.564513765751947,0.691358024691358,0.37162297378427056,0.345679012345679,0.9364917854488025,0.9317726695700219,0.35605659692111563,0,0.649538457617024,0,0.7216735647587327,0,0.7421769522279419,0,0.6032192103115651,0,0,497.4
48201431304,Harris County,0.4313,3247,29.7460547,-95.4980367,10.667,"Morgans Point, TX",25.0,0.6414428571428571,1.1813308971188416,0.691358024691358,0.43155893536121676,0.345679012345679,0.8065485459046517,0.948786700933053,0.3800309815518941,0,0.6381668428223338,0,0.6903198866439706,0,0.707036145309373,0,0.6037321915788143,0,0,531.2
48201431401,Harris County,0.1442,2437,29.744466,-95.4839917,10.667,"Morgans Point, TX",23.0,0.7240850612244898,1.2291289382051767,0.7160493827160495,0.1442865719431659,0.3580246913580247,0.910462633948743,0.9466643790948264,0.2725294435920812,0,0.558982066056712,0,0.6250846240147148,0,0.697213897427894,0,0.4898661503711209,0,0,702.6
48201431403,Harris County,0.2237,1840,29.7442275,-95.478412,10.667,"Morgans Point, TX",25.0,0.6185145306122448,1.2185525989246069,0.691358024691358,0.22383430058034823,0.345679012345679,0.7777185289867553,0.9471339882108799,0.2969411276395467,0,0.5455361220102861,0,0.593718169225057,0,0.652770062486932,0,0.4919191517719631,0,0,749.8
48201431404,Harris County,0.1266,2146,29.7436083,-95.481055,10.667,"Morgans Point, TX",24.0,0.6792902040816327,1.275523560217369,0.7037037037037037,0.126676005603362,0.35185185185185186,0.8541376994822397,0.9446043716711979,0.2617815133524559,0,0.5317317357067657,0,0.5905024591463468,0,0.6667503124079004,0,0.46422244735619844,0,0,772.4
48201431503,Harris County,0.0376,2340,29.7528951,-95.4981534,10.667,"Morgans Point, TX",24.0,0.6043147755102041,0.7118494631811358,0.7037037037037037,0.03762257354412648,0.35185185185185186,0.7598637946137409,0.9696325489477906,0.2261601405287617,0,0.4744369668936636,0,0.5176301565871771,0,0.6200417646768427,0,0.4016345680020741,0,0,914.6
48201431504,Harris County,0.075,2372,29.7538102,-95.4905097,10.667,"Morgans Point, TX",25.0,0.5593024489795919,0.6204794158802489,0.691358024691358,0.07504502701620973,0.345679012345679,0.7032654147163323,0.9736895488235011,0.2374254182138913,0,0.47102883572565946,0,0.5063301115956689,0,0.6030234386288095,0,0.40503153427408456,0,0,925.8
48201431505,Harris County,0.2174,1316,29.754609,-95.4842534,10.667,"Morgans Point, TX",23.0,0.668464081632653,0.550415505217403,0.7160493827160495,0.2175305183109866,0.3580246913580247,0.8405249618521042,0.9768005166433481,0.3018270221392095,0,0.5758220613095857,0,0.6293828345077319,0,0.6952525756424521,0,0.5161068041431526,0,0,670.2
48201431506,Harris County,0.0564,2738,29.7562729,-95.4799066,10.667,"Morgans Point, TX",25.0,0.5967764081632653,0.4061480199736555,0.691358024691358,0.056433860316189716,0.345679012345679,0.7503850715217875,0.9832062610529526,0.2299809515338833,0,0.4813111299041689,0,0.5225220020310513,0,0.6229368864334953,0,0.4104982516395057,0,0,901.6
48201431600,Harris County,0.3167,3324,29.764816,-95.4842774,10.667,"Morgans Point, TX",26.0,0.3672177142857143,0.20234174373286745,0.6790123456790124,0.31689013408044825,0.3395061728395062,0.46173857918821615,0.9922556384124178,0.330459757335883,0,0.4960497762183753,0,0.49584837899043477,0,0.5557696569310177,0,0.4661898358620541,0,0,884.0
48201431701,Harris County,0.0231,1895,29.762256,-95.4622848,10.667,"Morgans Point, TX",26.0,0.42417967346938773,0.1589102847220302,0.6790123456790124,0.023113868320992596,0.3395061728395062,0.5333623954640905,0.9941840758929047,0.21294925103210072,0,0.4015605764559854,0,0.41141000905751174,0,0.5277094791676498,0,0.3384861251001533,0,0,1060.6
48201431702,Harris County,0.0972,2669,29.7567464,-95.4704788,10.667,"Morgans Point, TX",26.0,0.4248582040816326,0.32035650088295814,0.6790123456790124,0.09725835501300781,0.3395061728395062,0.5342155780548135,0.9870155639106146,0.24260704570890682,0,0.42924172016143286,0,0.4398234880297044,0,0.5399028418775746,0,0.37391115930336205,0,0,1013.0
48201431801,Harris County,0.2499,3465,29.743985,-95.4725696,10.667,"Morgans Point, TX",28.0,0.5460762448979591,1.2071231777408131,0.654320987654321,0.25005003001801085,0.3271604938271605,0.6866348208121534,0.9476414757485563,0.29631630830350064,0,0.5218765745501597,0,0.5586023937507736,0,0.6124854227275426,0,0.47657215046146817,0,0,813.0
48201431803,Harris County,0.3322,2298,29.745855,-95.4654037,10.667,"Morgans Point, TX",21.0,0.6184306122448978,1.048834729037326,0.7407407407407407,0.3323994396637983,0.37037037037037035,0.7776130102544089,0.9546697769882583,0.35518199808774154,0,0.5990160075215539,0,0.6444377211890303,0,0.6878881968074726,0,0.5545799128785946,0,0,616.2
48201431804,Harris County,0.3041,2011,29.7479826,-95.4590542,10.667,"Morgans Point, TX",22.0,0.6829250612244897,0.8813891157109425,0.7283950617283951,0.30428256954172506,0.36419753086419754,0.8587081592051852,0.9621046733522314,0.3402315463352086,0,0.6135464502994273,0,0.6704265765391569,0,0.7166344105519948,0,0.5620024701731436,0,0,577.2
48201431901,Harris County,0.3165,2526,29.7295833,-95.4646225,10.667,"Morgans Point, TX",30.0,0.6759253061224489,2.164531176988187,0.6296296296296297,0.3166900140084051,0.3148148148148148,0.8499066857202567,0.9051307816130922,0.3155648944922509,0,0.5824658080157166,0,0.6471506903138069,0,0.6710577393514872,0,0.5381698423478314,0,0,655.6
48201431902,Harris County,0.3672,2810,29.7364815,-95.4641258,10.667,"Morgans Point, TX",23.0,0.654505306122449,1.6879487567629792,0.7160493827160495,0.3674204522713629,0.3580246913580247,0.8229732345782012,0.926291926613405,0.36178299572336,0,0.6144756634783562,0,0.6698357783388749,0,0.6968274005473543,0,0.5732997949438574,0,0,580.0
48201432003,Harris County,0.5798,1712,29.7347013,-95.4870018,10.667,"Morgans Point, TX",22.0,0.7580379591836733,1.9153632887834486,0.7283950617283951,0.580148088853312,0.36419753086419754,0.953154917716944,0.9161942988305981,0.45057775405984335,0,0.7390841840097736,0,0.8133453562207699,0,0.792062882395261,0,0.7125948348170301,0,0,310.4
48201432004,Harris County,0.1085,2128,29.7346838,-95.4762155,10.667,"Morgans Point, TX",21.0,0.6457716734693878,1.8684479575224704,0.7407407407407407,0.10856513908345007,0.37037037037037035,0.8119915880630806,0.9182774267124073,0.26564827785560224,0,0.5088519915349825,0,0.5622769327054393,0,0.6422809423521602,0,0.44213751612639385,0,0,820.2
48201432005,Harris County,0.8659,3549,29.7347017,-95.4926459,10.667,"Morgans Point, TX",25.0,0.7606640816326531,1.9400559474028087,0.691358024691358,0.8664198519111467,0.345679012345679,0.9564569971134264,0.9150978989062354,0.5539753481718661,0,0.8484870923460912,1,0.9248901183000031,1,0.8425095058244062,1,0.8514758856069339,0,3,99.4
48201432006,Harris County,0.7101,2079,29.7345738,-95.49828,10.667,"Morgans Point, TX",24.0,0.7636458775510203,1.9739547259600005,0.7037037037037037,0.7105263157894737,0.35185185185185186,0.9602062993862053,0.9135927301506542,0.4953216374269006,0,0.7887641276420009,0,0.8653042674818296,0,0.81484339825951,0,0.7757244923332464,0,0,207.6
48201432101,Harris County,0.8214,2951,29.7333477,-95.517431,10.667,"Morgans Point, TX",26.0,0.7362718367346939,2.1512787534030666,0.6790123456790124,0.821893135881529,0.3395061728395062,0.9257862531263005,0.9057192138447255,0.5324609580563153,0,0.81620918081068,0,0.8895626593498969,1,0.8143145291203969,0,0.8171565066558215,0,1,148.8
48201432102,Harris County,0.671,4243,29.7337526,-95.5079975,10.667,"Morgans Point, TX",26.0,0.6581602448979592,2.076671835014728,0.6790123456790124,0.6714028417050231,0.3395061728395062,0.8275689448927395,0.9090318996489901,0.4722648403857129,0,0.7263086245462979,0,0.7853719988757357,0,0.7446105521600562,0,0.7171576607394188,0,0,335.8
48201432200,Harris County,0.5275,3600,29.7329622,-95.5301033,10.667,"Morgans Point, TX",27.0,0.6058736326530613,2.2306519404955107,0.6666666666666667,0.5278166900140084,0.33333333333333337,0.7618238974472885,0.9021948968537495,0.4111266760056034,0,0.6442244710881895,0,0.6950194296753583,0,0.6830270647795833,0,0.6248231742424927,0,0,522.8
48201432301,Harris County,0.8684,3614,29.7324592,-95.5413274,10.667,"Morgans Point, TX",28.0,0.6514355102040815,2.31691646855431,0.654320987654321,0.868921352811687,0.3271604938271605,0.8191132813390121,0.8983645915190014,0.5438648374209711,0,0.7954665761561821,0,0.8552843619311474,0,0.7709816506043472,0,0.8077090389320996,0,0,182.2
48201432302,Harris County,0.8682,1948,29.7308302,-95.5462955,10.667,"Morgans Point, TX",26.0,0.6760733877551021,2.451809744210264,0.6790123456790124,0.8687212327396437,0.3395061728395062,0.8500928831720821,0.8923750794334027,0.5511921967995612,0,0.8070723451306807,0,0.870767038888425,0,0.7865227159276931,0,0.8173471597321745,0,0,155.2
48201432303,Harris County,0.4669,2268,29.7330116,-95.5517775,10.667,"Morgans Point, TX",30.0,0.5313976326530612,2.3269248563292715,0.6296296296296297,0.46718030818491096,0.3148148148148148,0.6681779727388044,0.8979202005051129,0.3757610121628533,0,0.5835253365974915,0,0.6229060122290146,0,0.6223070127350183,0,0.564134498528728,0,0,674.4
48201432401,Harris County,0.7135,4411,29.7231758,-95.5432705,10.667,"Morgans Point, TX",27.0,0.6602879999999999,2.888791120417534,0.6666666666666667,0.7139283570142085,0.33333333333333337,0.830244378510063,0.8729722943705618,0.4855713428056834,0,0.7309377813691622,0,0.7939803205701534,0,0.7366075894874802,0,0.7281028773100033,0,0,328.6
48201432402,Harris County,0.8899,2821,29.7238351,-95.5519751,10.667,"Morgans Point, TX",28.0,0.6189872653061224,2.959797632027432,0.654320987654321,0.8904342605563339,0.3271604938271605,0.7783129443359946,0.8698194733172098,0.5524700005188299,0,0.7823671292660128,0,0.8387975339056433,0,0.746344752169239,0,0.8003783178143996,0,0,202.6
48201432501,Harris County,0.6944,3200,29.7243764,-95.534001,10.667,"Morgans Point, TX",26.0,0.6485513469387755,2.8435660871468698,0.6790123456790124,0.6948168901340805,0.3395061728395062,0.815486742105033,0.8749803698808423,0.48163045975733587,0,0.7212347299013284,0,0.781475616099127,0,0.730040676490411,0,0.7168317566067871,0,0,347.0
48201432502,Harris County,0.7514,1660,29.7249143,-95.5248404,10.667,"Morgans Point, TX",25.0,0.6683475102040816,2.761611850130048,0.691358024691358,0.7518511106663999,0.345679012345679,0.8403783852472495,0.878619290284334,0.5081478516739674,0,0.7549103242950406,0,0.8178654776739676,0,0.7559300621712542,0,0.7544004553569338,0,0,264.4
48201432600,Harris County,0.6309,2062,29.7259349,-95.5106411,10.667,"Morgans Point, TX",26.0,0.6242558367346938,2.625406240402583,0.6790123456790124,0.6312787672603563,0.3395061728395062,0.7849376320652129,0.8846670724411683,0.4562152106078462,0,0.6892897028966587,0,0.7443484593463109,0,0.708626681442093,0,0.6796212136239417,0,0,421.6
48201432703,Harris County,0.2789,1989,29.7288262,-95.472348,10.667,"Morgans Point, TX",25.0,0.6472257142857143,2.2514267379387762,0.691358024691358,0.27906744046427856,0.345679012345679,0.8138198951258763,0.9012724572454205,0.31903438359311886,0,0.5645745192085312,0,0.6218121372918248,0,0.6597435454566154,0,0.5169900060844891,0,0,698.4
48201432704,Harris County,0.8179,1711,29.7288877,-95.4822382,10.667,"Morgans Point, TX",21.0,0.7554912653061224,2.293766430947947,0.7407407407407407,0.8183910346207725,0.37037037037037035,0.9499527115953386,0.8993924962040283,0.5495786360705313,0,0.8300523095592347,0,0.904762211050502,1,0.8339394012053889,1,0.8281087637361577,0,2,120.8
48201432705,Harris County,0.9609,5562,29.7253976,-95.4962756,10.667,"Morgans Point, TX",24.0,0.7411318367346938,2.5980836696000496,0.7037037037037037,0.961476886131679,0.35185185185185186,0.9318972042257584,0.8858802453531286,0.5957018655637828,0,0.8716100193135771,1,0.9464733708986137,1,0.8416543970408765,1,0.8865878304499274,1,4,48.8
48201432706,Harris County,0.9042,1596,29.7291733,-95.4937956,10.667,"Morgans Point, TX",23.0,0.7530866938775509,2.3250701432944374,0.7160493827160495,0.9047428457074245,0.3580246913580247,0.9469292098638253,0.8980025532101195,0.5767119530977847,0,0.8593475533290844,1,0.9347963133734856,1,0.8442157892029711,1,0.866913435392141,1,4,71.2
48201432803,Harris County,0.8514,2743,29.715307,-95.5169058,10.667,"Morgans Point, TX",25.0,0.7224551836734693,2.114217324617481,0.691358024691358,0.8519111466880129,0.345679012345679,0.9084132302424898,0.9073648101469978,0.5481718660826126,0,0.8252258706798752,0,0.8954355635187982,1,0.8163307786771627,0,0.8296734166812315,0,1,129.0
48201432804,Harris County,0.6786,1873,29.7183288,-95.5067597,10.667,"Morgans Point, TX",23.0,0.6295182857142857,2.22831403214814,0.7160493827160495,0.6790074044426656,0.3580246913580247,0.7915546214433362,0.9022987043284625,0.4864177765918811,0,0.721766953371793,0,0.7746899684040676,0,0.7360201363481689,0,0.714640361883605,0,0,345.0
48201432805,Harris County,0.9698,2402,29.7068143,-95.5169389,10.667,"Morgans Point, TX",26.0,0.7543345306122449,1.5308403868394196,0.6790123456790124,0.9703822293376027,0.3395061728395062,0.9484982364617311,0.9332678301625628,0.5918565954387448,0,0.8913360108144097,1,0.9655819676679028,1,0.8649872713066789,1,0.9045103805682753,1,4,45.2
48201432806,Harris County,0.993,4827,29.7110597,-95.5124738,10.667,"Morgans Point, TX",26.0,0.757841224489796,1.7799201107741416,0.6790123456790124,0.9935961576946168,0.3395061728395062,0.9529075440350816,0.9222082276024646,0.6011421667815504,0,0.8985400894542488,1,0.9743570262152814,1,0.8668547333741262,1,0.9143827674943101,1,4,36.6
48201432901,Harris County,0.9534,3578,29.7163167,-95.5279431,10.667,"Morgans Point, TX",24.0,0.5808702040816327,2.2824680301114566,0.7037037037037037,0.9539723834300581,0.35185185185185186,0.730384652731488,0.8998941661948342,0.5927000644831344,0,0.809922546048877,0,0.8548520689395316,0,0.7619059335884835,0,0.8339308522790738,0,0,123.6
48201432903,Harris County,0.8619,1959,29.709988,-95.5367366,10.667,"Morgans Point, TX",25.0,0.5254903673469388,1.933466309555991,0.691358024691358,0.8624174504702822,0.345679012345679,0.6607501930233232,0.9153904910709026,0.5523743875955203,0,0.7544236879682714,0,0.7886276060711994,0,0.7184257671342678,0,0.7724226483852732,0,0,269.2
48201432904,Harris County,0.8385,3688,29.7107157,-95.5306045,10.667,"Morgans Point, TX",25.0,0.3865551836734694,1.923579684248776,0.691358024691358,0.8390034020412248,0.345679012345679,0.4860534618663719,0.9158294756049752,0.5430087682238973,0,0.6905166943036736,0,0.6997676866142115,0,0.641021125057823,0,0.7152644789265987,0,0,429.8
48201433003,Harris County,0.9736,5634,29.7083526,-95.5513848,10.667,"Morgans Point, TX",28.0,0.6763545306122449,1.9514455134139048,0.654320987654321,0.9741845107064239,0.3271604938271605,0.8504463914543787,0.9145921810122821,0.5859701005788659,0,0.852457983369439,1,0.9153621933878662,1,0.8118824742571108,0,0.8727457379256032,1,3,72.6
48201433004,Harris County,0.9561,2322,29.7168441,-95.5431959,10.667,"Morgans Point, TX",27.0,0.6638411428571428,2.4590052629688683,0.6666666666666667,0.9566740044026416,0.33333333333333337,0.8347120909070567,0.892055585030459,0.5826696017610566,0,0.8354073285317722,0,0.8974614412342189,1,0.7949851032414825,0,0.8556184411769172,1,2,94.8
48201433005,Harris County,0.7786,2068,29.7150522,-95.5520841,10.667,"Morgans Point, TX",29.0,0.6220631836734694,2.413864226411044,0.6419753086419753,0.7790674404642786,0.32098765432098764,0.782180595926279,0.8940599309306144,0.504219568778304,0,0.7446859769523677,0,0.8001288939821527,0,0.733225489115064,0,0.7504162208710194,0,0,298.0
48201433006,Harris County,0.7944,2212,29.7113758,-95.5415869,10.667,"Morgans Point, TX",27.0,0.6658895510204081,2.069333873842542,0.6666666666666667,0.7948769261556935,0.33333333333333337,0.8372877538941853,0.9093577187597705,0.5179507704622774,0,0.7769100992670039,0,0.8378576669909799,0,0.770921156970774,0,0.7799045704151188,0,0,224.2
48201433007,Harris County,0.9732,1595,29.7076821,-95.5424131,10.667,"Morgans Point, TX",27.0,0.6667897142857142,1.8248905058049933,0.6666666666666667,0.9737842705623374,0.33333333333333337,0.8384196167945585,0.9202114585031773,0.589513708224935,0,0.8522244412144979,1,0.9124088562555548,1,0.8117044980985514,0,0.8724844127724711,1,3,71.4
48201433100,Harris County,0.9455,3307,29.6983142,-95.5547682,10.667,"Morgans Point, TX",24.0,0.5050143673469387,1.297365966789048,0.7037037037037037,0.9460676405843507,0.35185185185185186,0.6350037249754833,0.9436345282338326,0.5895381673448514,0,0.7905975372093526,0,0.8181976349078945,0,0.7387741694176866,0,0.8165092211051856,0,0,169.0
48201433201,Harris County,0.8925,4241,29.6983882,-95.5483849,10.667,"Morgans Point, TX",26.0,0.5721360000000001,1.2413664015754236,0.6790123456790124,0.8930358214928957,0.3395061728395062,0.7194022877035985,0.9461210129826406,0.560918032300862,0,0.7927150756514824,0,0.8331920930267873,0,0.7592748270376779,0,0.8094351999583846,0,0,180.4
48201433202,Harris County,0.976,3573,29.6968042,-95.5412482,10.667,"Morgans Point, TX",26.0,0.5120217959183673,1.070049628192536,0.6790123456790124,0.9765859515709426,0.3395061728395062,0.6438148470604513,0.9537277960461618,0.5943380843320808,0,0.8048576891665409,0,0.8339063160472457,0,0.7476149350317403,0,0.8334790662339411,0,0,136.0
48201433300,Harris County,0.5857,4842,29.6983415,-95.5291351,10.667,"Morgans Point, TX",29.0,0.49536,1.0718567635210594,0.6419753086419753,0.5860516309785871,0.32098765432098764,0.6228643491003092,0.95364755587972,0.42701324498402743,0,0.6362653387363616,0,0.6639103154684233,0,0.6530032413222864,0,0.6278963874433992,0,0,555.2
48201433400,Harris County,0.8612,4462,29.6846053,-95.5409273,10.667,"Morgans Point, TX",24.0,0.358903918367347,0.2356146105942232,0.7037037037037037,0.8617170302181308,0.35185185185185186,0.4512848342688712,0.9907782612991443,0.5557979231983635,0,0.714110287914468,0,0.7114921393712523,0,0.6649080404799137,0,0.738711411631745,0,0,377.8
48201433503,Harris County,0.9318,2597,29.6868141,-95.5554093,10.667,"Morgans Point, TX",24.0,0.647856081632653,0.5232118249443423,0.7037037037037037,0.9323594156493896,0.35185185185185186,0.8146125173546495,0.9780084105948883,0.584054877370867,0,0.8520892275814416,1,0.9023772671502823,1,0.825332498225459,1,0.8654675922594329,1,4,75.6
48201433504,Harris County,0.9634,3094,29.6786913,-95.5464467,10.667,"Morgans Point, TX",25.0,0.5906332244897958,0.1688530372287225,0.691358024691358,0.9639783870322194,0.345679012345679,0.7426606486774335,0.9937425992068849,0.5929987622202951,0,0.8452090490985358,1,0.8844207087282387,0,0.8056192697873079,0,0.8650039387541497,1,2,78.8
48201433505,Harris County,0.943,2067,29.6832627,-95.5531423,10.667,"Morgans Point, TX",25.0,0.6149119183673468,0.293939223662931,0.691358024691358,0.9435661396838103,0.345679012345679,0.7731886139129116,0.988188540105377,0.5848338632809316,0,0.8448607964111079,1,0.8888995289525135,1,0.8119590153202071,0,0.8613116869565582,1,3,84.6
48201433506,Harris County,0.8871,2202,29.6794797,-95.5541748,10.667,"Morgans Point, TX",24.0,0.6961370612244897,0.052016786691737704,0.7037037037037037,0.8876325795477287,0.35185185185185186,0.8753208929348228,0.9989303458252718,0.5661641429302026,0,0.8597481712575603,1,0.9169122930027429,1,0.8504533684941707,1,0.8643955726392549,1,4,83.8
48201433507,Harris County,0.9927,2941,29.6792534,-95.5571892,10.667,"Morgans Point, TX",28.0,0.6812439183673469,0.13141723075766149,0.654320987654321,0.993295977586552,0.3271604938271605,0.8565942946390941,0.995404818574027,0.5936146873309172,0,0.8873205704313226,1,0.944217542728315,1,0.8519954347129128,1,0.9049831382905276,1,4,46.4
48201433601,Harris County,0.8447,2556,29.6671512,-95.5557475,10.667,"Morgans Point, TX",25.0,0.7060705306122448,0.8246466581122309,0.691358024691358,0.8452071242745648,0.345679012345679,0.8878112109752619,0.9646241439033126,0.5454902571172333,0,0.8340177275940444,0,0.8964114644511164,1,0.8302879287005376,1,0.8358826270407977,0,2,121.6
48201433602,Harris County,0.9242,4219,29.6729653,-95.5525108,10.667,"Morgans Point, TX",30.0,0.682729306122449,0.45922773174350645,0.6296296296296297,0.9247548529117471,0.3148148148148148,0.8584620172594979,0.9808494232224556,0.5587908300535878,0,0.8520688682772914,1,0.9115237985680454,1,0.8278402067324729,1,0.8641831990497006,1,4,97.6
48201440101,Harris County,0.9731,2932,29.6506227,-95.559587,10.667,"Morgans Point, TX",25.0,0.46673224489795917,1.9023024035620546,0.691358024691358,0.9736842105263158,0.345679012345679,0.586867885825447,0.9167742264029827,0.5968810916179338,0,0.7762388800179291,0,0.7997877096972453,0,0.7104237698484668,0,0.8091464351026602,0,0,203.4
48201440102,Harris County,0.4432,4683,29.639988,-95.5394412,10.667,"Morgans Point, TX",29.0,0.45276955102040806,1.2523753100345283,0.6419753086419753,0.44346607964778867,0.32098765432098764,0.5693112316068428,0.9456321969912992,0.36997902445170805,0,0.5599606445518147,0,0.5806505809720534,0,0.59879216618649,0,0.5405448837344771,0,0,734.2
48201450100,Harris County,0.2372,2009,29.7772428,-95.5669287,10.667,"Morgans Point, TX",31.0,0.46251493877551014,0.6548818051518829,0.617283950617284,0.23734240544326596,0.308641975308642,0.5815650563016341,0.9721620188164349,0.2801221473624916,0,0.4857860614063107,0,0.5070153754307853,0,0.5686006133939924,0,0.4443787854124699,0,0,903.8
48201450200,Harris County,0.1347,5864,29.7792596,-95.5795765,10.667,"Morgans Point, TX",34.0,0.4339189387755102,0.7352591618909333,0.5802469135802469,0.13478086852111265,0.29012345679012347,0.5456085218077864,0.9685931148272925,0.22798642148251913,0,0.4265941212495232,0,0.4445767833241167,0,0.5238652054923266,0,0.37795857912812136,0,0,1024.8
48201450301,Harris County,0.4813,2467,29.7751728,-95.5943455,10.667,"Morgans Point, TX",31.0,0.5163754285714286,0.38233026664923603,0.617283950617284,0.48158895337202323,0.308641975308642,0.6492890932019866,0.9842638135565501,0.37782076653399455,0,0.6084695701803005,0,0.638326899076151,0,0.6507631091163928,0,0.5873228007122542,0,0,621.0
48201450302,Harris County,0.7124,5990,29.7790403,-95.6007307,10.667,"Morgans Point, TX",33.0,0.5878455510204081,0.6261666611544485,0.5925925925925926,0.7128276966179709,0.2962962962962963,0.7391554354567165,0.9734370245658023,0.4629088564249661,0,0.7218397524158111,0,0.7664879218939913,0,0.7248437710150912,0,0.720337743116171,0,0,362.8
48201450401,Harris County,0.3081,1656,29.7732999,-95.6099354,10.667,"Morgans Point, TX",33.0,0.6222573877551021,0.19349534665675872,0.5925925925925926,0.30828497098258956,0.2962962962962963,0.7824247876230224,0.9926484348801713,0.30109176617081357,0,0.5795786745548633,0,0.6287614563003794,0,0.6700099090789546,0,0.5343630572928177,0,0,679.6
48201450402,Harris County,0.104,2040,29.7820395,-95.6142151,10.667,"Morgans Point, TX",30.0,0.43231820408163263,0.781456769905975,0.6296296296296297,0.10406243746247748,0.3148148148148148,0.543595762252747,0.9665418551912112,0.23051386387387987,0,0.42076295194927693,0,0.4365299438221632,0,0.5263297901115435,0,0.36797953286814367,0,0,1030.2
48201450500,Harris County,0.1684,2993,29.7786592,-95.6346705,10.667,"Morgans Point, TX",30.0,0.5164519183673469,0.477793733299991,0.6296296296296297,0.16850110066039625,0.3148148148148148,0.6493852712683372,0.9800250582556842,0.25628932915304736,0,0.48386988603582815,0,0.513576176152341,0,0.5889928144943054,0,0.43130842180658946,0,0,906.8
48201450600,Harris County,0.3066,4943,29.7709259,-95.6163028,10.667,"Morgans Point, TX",33.0,0.4331456326530612,0.07907492612436975,0.5925925925925926,0.30678407044226536,0.2962962962962963,0.544636168742108,0.9977289141574776,0.30049140595468393,0,0.5061424032293687,0,0.5209786041267788,0,0.5725951808250697,0,0.4729160144315181,0,0,864.4
48201450700,Harris County,0.0075,6347,29.7667791,-95.5828997,10.667,"Morgans Point, TX",26.0,0.23752367346938774,0.1784280371110374,0.6790123456790124,0.007504502701620973,0.3395061728395062,0.2986616365298461,0.993317451420712,0.20670550478435207,0,0.3215859971257186,0,0.2980358512281008,0,0.42627982860041785,0,0.269239081388369,0,0,1148.8
48201450801,Harris County,0.3654,1724,29.75982,-95.5680076,10.667,"Morgans Point, TX",30.0,0.2817458775510204,0.5633620433742311,0.6296296296296297,0.3656193716229738,0.3148148148148148,0.35426651855723457,0.9762256662930997,0.33513663753807843,0,0.4691580458173117,0,0.4570976744691594,0,0.5036709372154243,0,0.4519016001182554,0,0,936.8
48201450803,Harris County,0.7441,5224,29.7530873,-95.5683386,10.667,"Morgans Point, TX",29.0,0.5829733061224489,1.0263035036825914,0.6419753086419753,0.7445467280368221,0.32098765432098764,0.7330290876550678,0.955670205259492,0.49041128380732146,0,0.734777192783782,0,0.7779617426082039,0,0.7315206810327687,0,0.7364054486592886,0,0,328.2
48201450804,Harris County,0.2206,1878,29.7526509,-95.5599479,10.667,"Morgans Point, TX",24.0,0.6235478367346938,1.0112542779380935,0.7037037037037037,0.2207324394636782,0.35185185185185186,0.7840473947445512,0.9563384188456567,0.2994040868965824,0,0.551089236117693,0,0.598863996599327,0,0.6612081683356981,0,0.49602977000869053,0,0,733.4
48201450900,Harris County,0.2214,3034,29.7420701,-95.5651151,10.667,"Morgans Point, TX",29.0,0.543516,1.7647948184605244,0.6419753086419753,0.22153291975185113,0.32098765432098764,0.6834155756734569,0.9228798186856382,0.281205760493333,0,0.49977986416175996,0,0.5386817186989012,0,0.5925288456317296,0,0.4534053734267751,0,0,861.0
48201451003,Harris County,0.5597,4384,29.744056,-95.5864149,10.667,"Morgans Point, TX",28.0,0.6275032653061224,1.7249982855102377,0.654320987654321,0.5600360216129677,0.3271604938271605,0.7890209401308473,0.9246468586949461,0.42031070494148337,0,0.670719918937321,0,0.7240070192842916,0,0.7076145513787722,0,0.6522726027165955,0,0,463.2
48201451004,Harris County,0.5966,2313,29.7387558,-95.5848866,10.667,"Morgans Point, TX",28.0,0.6918219591836735,2.087453620390862,0.654320987654321,0.596958174904943,0.3271604938271605,0.8698950950828477,0.9085531683445522,0.4350795662582735,0,0.7057645822496199,0,0.7719570339402848,0,0.7420333846978456,0,0.6876301810255071,0,0,384.8
48201451005,Harris County,0.9108,2393,29.7399119,-95.5741083,10.667,"Morgans Point, TX",28.0,0.6244916734693876,1.9597830795539126,0.654320987654321,0.911346808084851,0.3271604938271605,0.7852341725494043,0.9142219775835552,0.5608350195302367,0,0.8067960935397722,0,0.8604311672453755,0,0.7719458553580794,0,0.8242212126306188,0,0,153.0
48201451006,Harris County,0.4038,2390,29.743152,-95.5786091,10.667,"Morgans Point, TX",29.0,0.6015144489795918,1.7565066818440869,0.6419753086419753,0.4040424254552732,0.32098765432098764,0.7563426714674268,0.9232478273516732,0.35420956277470184,0,0.5957244871737406,0,0.6449959732205929,0,0.6596185077465632,0,0.5637774768873294,0,0,636.6
48201451100,Harris County,0.516,4479,29.7560155,-95.5807553,10.667,"Morgans Point, TX",30.0,0.4692160816326531,0.8752457714352688,0.6296296296296297,0.516309785871523,0.3148148148148148,0.5899910555424741,0.9623774492530776,0.39541280323749806,0,0.5988798439055709,0,0.6216185544693981,0,0.626403196583587,0,0.5851181675665629,0,0,646.8
48201451200,Harris County,0.0495,2511,29.7548337,-95.5970018,10.667,"Morgans Point, TX",28.0,0.4419224489795919,1.0323462290066725,0.654320987654321,0.04952971783069842,0.3271604938271605,0.555672114293621,0.9554018970270576,0.21610818342857568,0,0.4031070537932558,0,0.4204936846661297,0,0.5209661657807749,0,0.3441774977994962,0,0,1057.2
48201451301,Harris County,0.4045,4012,29.7407161,-95.5987278,10.667,"Morgans Point, TX",29.0,0.5831679183673469,2.0131591092967143,0.6419753086419753,0.4047428457074245,0.32098765432098764,0.7332737925752175,0.9118519826844678,0.35448973087556235,0,0.5852174539938108,0,0.6321695794358451,0,0.6453756567559394,0,0.5551383526127464,0,0,661.8
48201451302,Harris County,0.1072,3486,29.7481455,-95.5965344,10.667,"Morgans Point, TX",29.0,0.5058462040816327,1.4897133936945508,0.6419753086419753,0.10726435861516911,0.32098765432098764,0.636049674277633,0.9350939450766508,0.23549833603866022,0,0.4430701964510153,0,0.47417618346521184,0,0.5550054757296307,0,0.38710255681170763,0,0,988.4
48201451401,Harris County,0.5198,3547,29.7503672,-95.6123667,10.667,"Morgans Point, TX",31.0,0.5387827755102041,1.3982822009147695,0.617283950617284,0.5201120672403443,0.308641975308642,0.6774640317640126,0.9391536599252392,0.3932300120813229,0,0.6185782197901359,0,0.656296633194634,0,0.6514002706400664,0,0.6021671943651706,0,0,593.0
48201451404,Harris County,0.3757,4078,29.7505376,-95.621921,10.667,"Morgans Point, TX",30.0,0.5615085714285714,1.41851842785498,0.6296296296296297,0.37592555533319993,0.3148148148148148,0.7060393872276759,0.9382551338479688,0.3392591110221689,0,0.5714983087871957,0,0.6128428908508031,0,0.6366892266051944,0,0.5389028498781965,0,0,697.2
48201451405,Harris County,0.3347,2600,29.7412332,-95.6211734,10.667,"Morgans Point, TX",30.0,0.5536171428571428,2.0579140975539834,0.6296296296296297,0.3349009405643386,0.3148148148148148,0.6961167258892262,0.909864778046177,0.3228492651146243,0,0.5430967744259872,0,0.5854446159533158,0,0.6124953857132035,0,0.5083974687823791,0,0,765.0
48201451406,Harris County,0.2763,2377,29.7417968,-95.6111916,10.667,"Morgans Point, TX",31.0,0.4721816326530611,1.984509225285564,0.617283950617284,0.2764658795277166,0.308641975308642,0.5937199315236802,0.913124090769184,0.29577153699627184,0,0.48676140537100093,0,0.514753440385863,0,0.556859913985429,0,0.45171215106378687,0,0,900.0
48201451407,Harris County,0.6758,1460,29.739641,-95.6163322,10.667,"Morgans Point, TX",29.0,0.5745057959183674,2.1509331173391604,0.6419753086419753,0.6762057234340604,0.32098765432098764,0.7223820628008901,0.9057345607281926,0.4630748819662167,0,0.6884788675237328,0,0.7343987122254575,0,0.6925699155536236,0,0.6864333435087873,0,0,432.8
48201451501,Harris County,0.3223,3473,29.7601723,-95.6223627,10.667,"Morgans Point, TX",31.0,0.5269451428571429,0.7614331687524776,0.617283950617284,0.3224934960976586,0.308641975308642,0.6625794238882504,0.9674309402884695,0.31418258362424867,0,0.5437225978787015,0,0.576909331295558,0,0.6174656318057159,0,0.5068510809151944,0,0,770.2
48201451502,Harris County,0.4218,2260,29.7596259,-95.6143903,10.667,"Morgans Point, TX",28.0,0.39667020408163267,0.7694790558178631,0.654320987654321,0.4220532319391635,0.3271604938271605,0.4987720616779573,0.9670736879526274,0.3651175890719617,0,0.5379603510439481,0,0.5462375374033377,0,0.5765960574122097,0,0.5186424978598173,0,0,786.8
48201451603,Harris County,0.5587,3685,29.7594273,-95.633117,10.667,"Morgans Point, TX",31.0,0.5565820408163266,0.8548456189783679,0.617283950617284,0.5590354212527516,0.308641975308642,0.6998447807129824,0.9632832539278806,0.40879935368628584,0,0.6487049516551047,0,0.6875598531747831,0,0.6785947951225557,0,0.6337600299213793,0,0,525.0
48201451604,Harris County,0.3603,3614,29.7681348,-95.632999,10.667,"Morgans Point, TX",31.0,0.5250252244897959,0.27712298939403635,0.617283950617284,0.36051630978587157,0.308641975308642,0.6601653236294421,0.9889352121533204,0.32939170909953386,0,0.5649068046061024,0,0.5959173838640166,0,0.6330369695461794,0,0.530841722136064,0,0,723.2
48201451605,Harris County,0.4003,3291,29.7474047,-95.6270511,10.667,"Morgans Point, TX",31.0,0.5086330612244897,1.6521564780497418,0.617283950617284,0.40054032419451674,0.308641975308642,0.6395538610515372,0.9278811702942451,0.3454013148629919,0,0.5553557169103398,0,0.5886275725819308,0,0.6069608478156141,0,0.5295531514577027,0,0,744.0
48201451606,Harris County,0.3767,6517,29.7444334,-95.6370778,10.667,"Morgans Point, TX",30.0,0.4057558367346939,1.891526170874677,0.6296296296296297,0.37692615569341603,0.3148148148148148,0.5101963120587177,0.9172527111577223,0.33965935116625534,0,0.50402752631281,0,0.5192297528751202,0,0.546394649852608,0,0.482843964542911,0,0,859.6
48201451700,Harris County,0.658,4429,29.7324585,-95.633194,10.667,"Morgans Point, TX",29.0,0.5048752653061224,2.7043327025765924,0.6419753086419753,0.6583950370222134,0.32098765432098764,0.6348288184385978,0.8811625908666345,0.45595060740147797,0,0.6462602376423385,0,0.6817862713863627,0,0.6422153045157136,0,0.6482827042056509,0,0,531.0
48201451800,Harris County,0.7328,5740,29.7188585,-95.6342779,10.667,"Morgans Point, TX",27.0,0.17027118367346938,3.5066995458026398,0.6666666666666667,0.7332399439663798,0.33333333333333337,0.21409853437765403,0.8455360121419595,0.49329597758655197,0,0.5372260133363838,0,0.5147300067861982,0,0.47188803645971833,0,0.5698950017747164,0,0,778.0
48201451902,Harris County,0.4111,2643,29.7225162,-95.5987045,10.667,"Morgans Point, TX",27.0,0.4386120816326531,3.265317823658432,0.6666666666666667,0.41134680808485097,0.33333333333333337,0.5515096671787268,0.8562538091188288,0.36453872323394043,0,0.5174305160890292,0,0.5421436312310789,0,0.5527917520904221,0,0.4997498980883329,0,0,821.6
48201451903,Harris County,0.6906,3299,29.716624,-95.6095615,10.667,"Morgans Point, TX",28.0,0.5010808163265306,3.102251622729474,0.654320987654321,0.6910146087652592,0.3271604938271605,0.6300576883637679,0.8634942514349284,0.4727021398024,0,0.6542167325393144,0,0.6900415494243044,0,0.6419507737973329,0,0.6603497119103052,0,0,510.8
48201451904,Harris County,0.629,3451,29.7245785,-95.6117408,10.667,"Morgans Point, TX",27.0,0.4866755102040816,3.174622502970578,0.6666666666666667,0.6293776265759456,0.33333333333333337,0.6119444946833135,0.8602808498792047,0.4517510506303783,0,0.6248189272051345,0,0.6578083099953631,0,0.6232993607481975,0,0.625578710433603,0,0,576.0
48201452001,Harris County,0.6448,4873,29.7323603,-95.6130668,10.667,"Morgans Point, TX",30.0,0.5635887346938776,2.641641640371328,0.6296296296296297,0.6451871122673605,0.3148148148148148,0.708654978995819,0.8839461905154054,0.4469637337958331,0,0.6630232982832929,0,0.7093672525497714,0,0.668968693621937,0,0.6600506006139708,0,0,486.6
48201452002,Harris County,0.8007,3282,29.7314304,-95.6023918,10.667,"Morgans Point, TX",28.0,0.6589769795918367,2.6687911044584336,0.654320987654321,0.8011807084250551,0.3271604938271605,0.8285959049288538,0.8827407038632613,0.5167685796663184,0,0.7664481485781409,0,0.8289492895276025,0,0.7548706286291696,0,0.7722369085526266,0,0,243.4
48201452101,Harris County,0.7346,6143,29.7267911,-95.5858055,10.667,"Morgans Point, TX",26.0,0.4556416326530613,2.9150833269923906,0.6790123456790124,0.735041024614769,0.3395061728395062,0.5729225794279942,0.8718048715448398,0.4977201135496113,0,0.6604097036309307,0,0.6863262024341799,0,0.635532596636318,0,0.672848257128237,0,0,496.6
48201452102,Harris County,0.2855,2007,29.7347268,-95.5783081,10.667,"Morgans Point, TX",29.0,0.6771668571428571,2.3315007978217133,0.6419753086419753,0.285671402841705,0.32098765432098764,0.8514678086777046,0.8977170202002482,0.3068611537292746,0,0.5701585840884263,0,0.635171824773006,0,0.6649876445040003,0,0.5227440538806395,0,0,688.6
48201452103,Harris County,0.5234,1688,29.7315502,-95.5754462,10.667,"Morgans Point, TX",29.0,0.6568734693877549,2.538739669811864,0.6419753086419753,0.5237142285371222,0.32098765432098764,0.8259509567818674,0.8885152292113727,0.4020782840074415,0,0.6545090382318599,0,0.7166668829679006,0,0.6981073081301058,0,0.632709903282737,0,0,495.6
48201452202,Harris County,0.6474,3557,29.7227148,-95.5647321,10.667,"Morgans Point, TX",22.0,0.5393281632653061,3.059433865320277,0.7283950617283951,0.6477886732039223,0.36419753086419754,0.6781498008795828,0.8653954394239778,0.4776339878000875,0,0.6641662045007257,0,0.7035330257766664,0,0.6696253815996602,0,0.6614366159512586,0,0,474.0
48201452203,Harris County,0.9584,3072,29.7317086,-95.5619818,10.667,"Morgans Point, TX",27.0,0.6749608163265306,2.4633705307029383,0.6666666666666667,0.9589753852311388,0.33333333333333337,0.848693938811042,0.8918617590319209,0.5835901540924555,0,0.8406434288263399,1,0.9047081664750691,1,0.8011994433580736,0,0.860365421560473,1,3,88.2
48201452204,Harris County,0.4498,2309,29.7330201,-95.5683818,10.667,"Morgans Point, TX",28.0,0.671458775510204,2.4041241410679097,0.654320987654321,0.4500700420252151,0.3271604938271605,0.844290481984524,0.8944924088179945,0.37632431310638237,0,0.6345943634693374,0,0.6983328160321322,0,0.6961024706173782,0,0.603840309895317,0,0,538.4
48201452300,Harris County,0.7142,2443,29.7078193,-95.5654888,10.667,"Morgans Point, TX",25.0,0.5287596734693878,2.052403802031774,0.691358024691358,0.7146287772663598,0.345679012345679,0.6648610098635381,0.9101094454060955,0.4932589183139513,0,0.6949419457974482,0,0.7301820235543127,0,0.6883796686411443,0,0.6982230843756001,0,0,415.4
48201452401,Harris County,0.6772,3393,29.7139369,-95.5795752,10.667,"Morgans Point, TX",26.0,0.5305444897959184,2.616029283412777,0.6790123456790124,0.677606563938363,0.3395061728395062,0.6671052331748432,0.8850834267549283,0.4747463292790489,0,0.671070475833661,0,0.7092883174079329,0,0.6688917797987602,0,0.6721598238511113,0,0,466.8
48201452402,Harris County,0.8814,3896,29.7084956,-95.5807871,10.667,"Morgans Point, TX",28.0,0.5456113469387754,2.2548949028477914,0.654320987654321,0.8819291574944967,0.3271604938271605,0.6860502593523161,0.9011184642792301,0.549067959294095,0,0.7598839067546084,0,0.8004894389424912,0,0.7192021565079791,0,0.7802247818779231,0,0,256.6
48201452501,Harris County,0.9893,2578,29.7093273,-95.5961331,10.667,"Morgans Point, TX",27.0,0.48008897959183666,2.4685107268021245,0.6666666666666667,0.9898939363618171,0.33333333333333337,0.6036626085749777,0.89163352477407,0.5959575745447269,0,0.7762464358437,0,0.8053838506219012,0,0.7050306023376609,0,0.8118543525967195,0,0,202.8
48201452502,Harris County,0.9277,4608,29.7086575,-95.6095718,10.667,"Morgans Point, TX",28.0,0.5741166530612244,2.5634807318342703,0.654320987654321,0.9282569541725035,0.3271604938271605,0.721892755605272,0.887416680085976,0.5675990779652977,0,0.7853449030752369,0,0.8322295428969457,0,0.7377075527094814,0,0.8091635782581146,0,0,192.0
48201452601,Harris County,0.8312,5799,29.7077035,-95.639154,10.667,"Morgans Point, TX",28.0,0.5467828571428571,2.797763819471551,0.654320987654321,0.831699019411647,0.3271604938271605,0.6875233131732337,0.8770140756712543,0.5289759040609552,0,0.7327084126196566,0,0.7755773775380188,0,0.6997115436889931,0,0.7492068470849884,0,0,324.8
48201452602,Harris County,0.8236,3475,29.7081626,-95.6241896,10.667,"Morgans Point, TX",25.0,0.463813387755102,2.6769813442514536,0.691358024691358,0.8240944566740044,0.345679012345679,0.5831977226019277,0.882377041998089,0.5370451900770091,0,0.7044881827472318,0,0.7304437077485275,0,0.6646194247716409,0,0.7244225617350273,0,0,396.4
48201452701,Harris County,0.6179,4380,29.6963073,-95.618999,10.667,"Morgans Point, TX",27.0,0.4725911020408163,1.8163379995172033,0.6666666666666667,0.6182709625775465,0.33333333333333337,0.5942347972449347,0.9205912056738482,0.44730838503101866,0,0.6337099497634933,0,0.6590359814818281,0,0.6388562788254755,0,0.631136785232502,0,0,558.2
48201452702,Harris County,0.7654,4341,29.6955682,-95.6307057,10.667,"Morgans Point, TX",31.0,0.4447392653061224,1.8843671055406892,0.617283950617284,0.7658595157094257,0.308641975308642,0.5592139716655515,0.9175705869608786,0.49152899146895546,0,0.6731104720351061,0,0.6958024343583245,0,0.6421941241436663,0,0.688568645980826,0,0,477.2
48201452703,Harris County,0.6688,3294,29.6970297,-95.6391055,10.667,"Morgans Point, TX",29.0,0.5145445714285715,2.0723075547236416,0.6419753086419753,0.6692015209125475,0.32098765432098764,0.6469869782904447,0.909225681803225,0.4602732009576116,0,0.6631717825438109,0,0.6980412654499359,0,0.6611618697542321,0,0.6641767389386004,0,0,489.4
48201452801,Harris County,0.9016,5614,29.6961359,-95.6094894,10.667,"Morgans Point, TX",27.0,0.503271918367347,1.7063361607254974,0.6666666666666667,0.9021412847708625,0.33333333333333337,0.6328127742537578,0.9254754917116595,0.560856513908345,0,0.7608614426368914,0,0.7912734577592436,0,0.7137681619255676,0,0.7844080829925532,0,0,254.2
48201452802,Harris County,0.9447,6886,29.6971563,-95.6007323,10.667,"Morgans Point, TX",27.0,0.4944630204081632,1.6872425265476594,0.6666666666666667,0.9452671602961777,0.33333333333333337,0.6217364893425054,0.9263232845472182,0.5781068641184711,0,0.7749103511575384,0,0.803670428967537,0,0.7181247481113252,0,0.8033031526806449,0,0,218.4
48201452900,Harris County,0.8881,4832,29.6969118,-95.5923358,10.667,"Morgans Point, TX",25.0,0.5102971428571429,1.5892669190696533,0.691358024691358,0.8886331799079448,0.345679012345679,0.6416462728792429,0.9306735835686468,0.5628606793705854,0,0.7637140892029937,0,0.7938914780285641,0,0.7220743923013434,0,0.7845339376538188,0,0,245.6
48201453001,Harris County,0.8609,3237,29.6956307,-95.5735062,10.667,"Morgans Point, TX",27.0,0.5128356734693877,1.3043624854829703,0.6666666666666667,0.8614168501100661,0.33333333333333337,0.6448382145327214,0.9433238698035248,0.5445667400440264,0,0.7539219509890065,0,0.7845286315959901,0,0.7180903179486532,0,0.771837767509183,0,0,277.2
48201453002,Harris County,0.8946,5690,29.696659,-95.580959,10.667,"Morgans Point, TX",26.0,0.44782571428571427,1.4547995721648594,0.6790123456790124,0.8951370822493496,0.3395061728395062,0.5630948644197199,0.9366441836262719,0.5617585366034435,0,0.7416663460441283,0,0.7606578336529861,0,0.6905094339757213,0,0.7672448020783318,0,0,303.2
48201453100,Harris County,0.9439,4081,29.6999533,-95.5668326,10.667,"Morgans Point, TX",26.0,0.3903473469387755,1.53798549649286,0.6790123456790124,0.9444666800080048,0.3395061728395062,0.49082171789012624,0.932950574017554,0.5814903757069056,0,0.7376211573788931,0,0.7466195736240826,0,0.6686726498358558,0,0.7720954111504117,0,0,309.6
48201453201,Harris County,0.8291,4248,29.6874517,-95.5629416,10.667,"Morgans Point, TX",27.0,0.650884,0.6432211959623001,0.6666666666666667,0.8295977586551931,0.33333333333333337,0.8184198138723466,0.9726797715311408,0.5318391034620773,0,0.8047122378181948,0,0.8575747112478811,0,0.7964170642058622,0,0.8088598246243612,0,0,173.6
48201453202,Harris County,0.9877,4800,29.6801873,-95.565005,10.667,"Morgans Point, TX",27.0,0.5591718367346938,0.16840330383115382,0.6666666666666667,0.9882929757854714,0.33333333333333337,0.7031011832262989,0.9937625682053909,0.5953171903141885,0,0.8386952118728837,0,0.8733148077450743,0,0.7888292905686878,0,0.8636281725249816,1,1,88.2
48201453300,Harris County,0.9476,4855,29.6641983,-95.5651337,10.667,"Morgans Point, TX",27.0,0.5934893061224489,0.9315198317543136,0.6666666666666667,0.9481689013408046,0.33333333333333337,0.7462518781410554,0.959878776411547,0.5792675605363218,0,0.8255460536175154,0,0.8692062778336223,0,0.7846717710430858,0,0.8459831949047303,0,0,115.4
48201453401,Harris County,0.953,2655,29.6544782,-95.5763225,10.667,"Morgans Point, TX",28.0,0.5179152653061224,1.4691674855229713,0.654320987654321,0.9535721432859716,0.3271604938271605,0.6512252798247978,0.9360062215760157,0.577725153610685,0,0.7885607500444993,0,0.8212275576370112,0,0.7335569522973419,0,0.816062648918078,0,0,184.2
48201453403,Harris County,0.9496,4096,29.6697612,-95.5851314,10.667,"Morgans Point, TX",29.0,0.5538432653061225,0.3447868708677496,0.6419753086419753,0.9501701020612368,0.32098765432098764,0.6964010516563466,0.9859308100889878,0.5726606334170873,0,0.8150335839545921,0,0.8504164204570426,0,0.7699880779190439,0,0.8375563369723662,0,0,138.0
48201453404,Harris County,0.9381,3943,29.6645122,-95.5789767,10.667,"Morgans Point, TX",27.0,0.499237387755102,0.761673665065461,0.6666666666666667,0.9386631979187513,0.33333333333333337,0.6277397661713103,0.9674202618053046,0.5754652791675006,0,0.7870107942496993,0,0.8131262042483739,0,0.736459993026682,0,0.8122861948612079,0,0,190.4
48201453405,Harris County,0.7972,3623,29.6669379,-95.5735673,10.667,"Morgans Point, TX",33.0,0.504843918367347,0.6491346353638031,0.5925925925925926,0.7976786071642986,0.2962962962962963,0.63478940288099,0.9724172038338963,0.49684922064349724,0,0.722795130991922,0,0.7526453217958893,0,0.6978339722677965,0,0.7352757103539848,0,0,365.0
48201453501,Harris County,0.9265,6336,29.6648611,-95.5890099,10.667,"Morgans Point, TX",26.0,0.5254327346938775,0.6342356088360175,0.6790123456790124,0.9270562337402442,0.3395061728395062,0.660677725878346,0.9730787482957525,0.5745261971998014,0,0.7963804609123475,0,0.826185679126217,0,0.7528218699697153,0,0.8181597563836636,0,0,167.2
48201453502,Harris County,0.9278,3592,29.671394,-95.5990545,10.667,"Morgans Point, TX",30.0,0.5155844897959183,0.09519279992727993,0.6296296296296297,0.9283570142085251,0.3148148148148148,0.6482945688851535,0.9970132506118542,0.5602316945722989,0,0.7927880471814639,0,0.8208916325932434,0,0.7475983915057769,0,0.8153828750193075,0,0,188.0
48201453601,Harris County,0.9682,1763,29.6800729,-95.5912718,10.667,"Morgans Point, TX",33.0,0.2692869387755102,0.4264907673368502,0.5925925925925926,0.9687812687612567,0.2962962962962963,0.33860068201232024,0.982303005270975,0.5652902852822805,0,0.7016255183867033,0,0.6883906676525197,0,0.6125736015951855,0,0.7461514767824622,0,0,422.6
48201453603,Harris County,0.9611,3726,29.6837842,-95.57659,10.667,"Morgans Point, TX",25.0,0.4793012244897959,0.5292464762165033,0.691358024691358,0.9616770062037222,0.345679012345679,0.6026720874007144,0.9777404608653616,0.5920782098888963,0,0.7954645718686121,0,0.8160739856987991,0,0.7400604270902421,0,0.8231666442577972,0,0,161.2
48201453604,Harris County,0.6485,4130,29.6792631,-95.5813011,10.667,"Morgans Point, TX",28.0,0.5311873469387756,0.2714861238970667,0.654320987654321,0.6488893336001601,0.3271604938271605,0.6679135600398509,0.989185499455299,0.45585202973636035,0,0.6885556504664274,0,0.7190724664083322,0,0.7017777560885166,0,0.6819445976553828,0,0,437.0
48201453701,Harris County,0.9653,4939,29.6827449,-95.6094176,10.667,"Morgans Point, TX",30.0,0.49529583673469385,0.8046395464592564,0.6296296296296297,0.9658795277166301,0.3148148148148148,0.6227836703808303,0.9655124968361085,0.575240699975541,0,0.7899528308710072,0,0.8171014167983461,0,0.7313105985891328,0,0.8192739470119443,0,0,186.2
48201453702,Harris County,0.8531,4712,29.6832755,-95.599648,10.667,"Morgans Point, TX",27.0,0.5091290612244898,0.744823215922589,0.6666666666666667,0.8536121673003803,0.33333333333333337,0.6401775301349387,0.9681684530572274,0.5414448669201521,0,0.7571174875845101,0,0.7849430566055451,0,0.7249525943458869,0,0.7731999342038218,0,0,271.0
48201453800,Harris County,0.8766,3577,29.6712054,-95.6089906,10.667,"Morgans Point, TX",30.0,0.3571593469387755,0.062238544009759894,0.6296296296296297,0.8771262757654593,0.3148148148148148,0.44909121478543257,0.9984764808072075,0.5397393991950726,0,0.7104045686596061,0,0.709972803193162,0,0.6548306662909884,0,0.7381915198439151,0,0,400.8
48201453901,Harris County,0.795,5485,29.685336,-95.6286604,10.667,"Morgans Point, TX",31.0,0.4272914285714286,1.1668711692811018,0.617283950617284,0.7954772863718231,0.308641975308642,0.5372751080694528,0.949428739716806,0.5033760997339145,0,0.6880622437843078,0,0.7049113984870787,0,0.6522572295884693,0,0.705964750882227,0,0,448.4
48201453902,Harris County,0.7382,3924,29.6784422,-95.622366,10.667,"Morgans Point, TX",30.0,0.44191624489795917,0.6339694847935048,0.6296296296296297,0.7386431859115469,0.3148148148148148,0.5556643132978443,0.9730905646977276,0.48434616325350766,0,0.6804223149500871,0,0.6973526882906516,0,0.6610153579629339,0,0.6901257934436638,0,0,463.0
48201454000,Harris County,0.6703,4529,29.6946956,-95.6510084,10.667,"Morgans Point, TX",31.0,0.5096624489795918,2.0322326129907196,0.617283950617284,0.6707024214528717,0.308641975308642,0.6408482104823623,0.9110050836797959,0.4534661537663339,0,0.6585435883540598,0,0.6934376434230225,0,0.6544906439877893,0,0.6605700605371951,0,0,505.8
48201454100,Harris County,0.8836,3761,29.7046309,-95.6531591,10.667,"Morgans Point, TX",28.0,0.4800745306122449,2.73071917562822,0.654320987654321,0.8841304782869722,0.3271604938271605,0.6036444404663929,0.8799909824341865,0.5499484876110852,0,0.7283592845609848,0,0.7590117196551631,0,0.6764355533189889,0,0.7543211501819826,0,0,336.2
48201454200,Harris County,0.5681,4413,29.7051834,-95.6694725,10.667,"Morgans Point, TX",31.0,0.5027675102040816,2.9356687591466955,0.617283950617284,0.5684410646387833,0.308641975308642,0.6321785327681855,0.870890840107202,0.41256161104069855,0,0.6023700423161124,0,0.639444764164141,0,0.6136797015418888,0,0.5967152127032243,0,0,632.8
48201454302,Harris County,0.3572,6064,29.715347,-95.6704755,10.667,"Morgans Point, TX",30.0,0.4424782040816326,3.6370851672375366,0.6296296296296297,0.3574144486692016,0.3148148148148148,0.5563709192837125,0.8397466482794906,0.3318546683565695,0,0.4864163316949279,0,0.5148064450595743,0,0.5294169593701701,0,0.46491601785730685,0,0,891.2
48201454303,Harris County,0.6234,3796,29.7144662,-95.6519492,10.667,"Morgans Point, TX",29.0,0.43633665306122454,3.3909011872352495,0.6419753086419753,0.6237742645587352,0.32098765432098764,0.5486485493329841,0.8506776744283795,0.4421022984160866,0,0.5958965961967024,0,0.6217283320060516,0,0.5866040400760248,0,0.6005428742570412,0,0,649.2
48201454304,Harris County,0.7978,5597,29.7227135,-95.6578548,10.667,"Morgans Point, TX",33.0,0.5021848979591838,3.4614656926736873,0.5925925925925926,0.7982789673804283,0.2962962962962963,0.6314459576779557,0.8475444792703364,0.4970893647299491,0,0.6829045707557386,0,0.7229152543577615,0,0.6444464385475087,0,0.7021336368598535,0,0,453.6
48201454305,Harris County,0.4679,3260,29.7269102,-95.6489919,10.667,"Morgans Point, TX",31.0,0.5566064489795918,3.141851441777658,0.617283950617284,0.46818090854512706,0.308641975308642,0.6998754714726823,0.8617359458883899,0.37245754860323604,0,0.5805892029321408,0,0.6280988356702221,0,0.6180586343944788,0,0.5618544872009719,0,0,679.6
48201454400,Harris County,0.3353,1081,29.7454505,-95.6690868,10.667,"Morgans Point, TX",29.0,0.0,1.9363603067119577,0.6419753086419753,0.3355013007804683,0.32098765432098764,0.0,0.9152619922198142,0.32679311290477986,0,0.3290789185465295,0,0.27115986503445966,0,0.32693812446855,0,0.3301493155855193,0,0,1103.4
48201454502,Harris County,0.0236,2202,29.7447248,-95.7173589,10.667,"Morgans Point, TX",30.0,0.07638946938775511,2.1483224664544265,0.6296296296296297,0.023614168501100662,0.3148148148148148,0.09605191603747189,0.90585047847835,0.19833455628932914,0,0.2295098122980968,0,0.18661739887896941,0,0.2981416935637622,0,0.1951938716652641,0,0,1188.2
48201454503,Harris County,0.1148,2875,29.7716569,-95.7090582,10.667,"Morgans Point, TX",38.0,0.5338564081632653,0.2714763742365085,0.5308641975308642,0.1148689213528117,0.2654320987654321,0.6712696305386814,0.9891859323583437,0.20520682780038396,0,0.45667751907871557,0,0.4929313080237024,0,0.5706137183206835,0,0.3997094194577316,0,0,972.0
48201454504,Harris County,0.1394,5015,29.7582959,-95.693914,10.667,"Morgans Point, TX",31.0,0.002543836734693877,1.1387455243629279,0.617283950617284,0.1394836902141285,0.308641975308642,0.003198613557761139,0.9506775706117003,0.2409786612708366,0,0.2588937228403572,0,0.1994656408042611,0,0.2986970670491002,0,0.23899205073598578,0,0,1168.8
48201454505,Harris County,0.0306,2733,29.7801047,-95.703999,10.667,"Morgans Point, TX",32.0,0.46649053061224494,0.34076050454760637,0.6049382716049383,0.03061837102261357,0.30246913580246915,0.5865639549242042,0.9861095882350316,0.19372882989052692,0,0.407094498046186,0,0.4283744691504682,0,0.532586540387377,0,0.3443484768755906,0,0,1054.6
48201454600,Harris County,0.5909,5683,29.7804684,-95.7356985,10.667,"Morgans Point, TX",40.0,0.46512016326530614,0.2603119825660716,0.5061728395061729,0.591254752851711,0.25308641975308643,0.584840858659711,0.9896816520931732,0.38835375299253627,0,0.6164713422322015,0,0.6414079639940966,0,0.6248768720256982,0,0.612268577335453,0,0,621.0
48201454700,Harris County,0.1291,6973,29.7652693,-95.7249311,10.667,"Morgans Point, TX",38.0,0.5362660408163265,0.7587127758465019,0.5308641975308642,0.12917750650390233,0.2654320987654321,0.6742994962404332,0.9675517307882827,0.2109302618608202,0,0.456577934847393,0,0.49510676753752164,0,0.5657114109618899,0,0.4020111967901446,0,0,972.6
48201454801,Harris County,0.5127,4201,29.7707516,-95.7433909,10.667,"Morgans Point, TX",42.0,0.5352981224489796,0.4592545168954385,0.4814814814814815,0.5130078046828097,0.24074074074074076,0.6730824382546052,0.9808482339119401,0.3496475663175683,0,0.6061626195018806,0,0.6454885493569915,0,0.6372142244415707,0,0.5906368170320353,0,0,636.0
48201454802,Harris County,0.206,4697,29.7637449,-95.7442006,10.667,"Morgans Point, TX",38.0,0.5267095510204082,0.9343535348202352,0.5308641975308642,0.2061236742045227,0.2654320987654321,0.6622831913381028,0.9597529547300895,0.24170872894106837,0,0.48115442945721537,0,0.5186338196022235,0,0.5728313478747796,0,0.43531597024843327,0,0,920.2
48201454901,Harris County,0.1643,2607,29.7532214,-95.7296887,10.667,"Morgans Point, TX",38.0,0.5257595918367346,1.608522156096277,0.5308641975308642,0.1643986391835101,0.2654320987654321,0.6610887151821542,0.9298186152663263,0.22501871493266332,0,0.45472132845890445,0,0.4945803309294172,0,0.5514955582173693,0,0.40633421357967203,0,0,976.0
48201454902,Harris County,0.4151,8533,29.7493175,-95.7410644,10.667,"Morgans Point, TX",32.0,0.4469458775510204,1.9137624385973562,0.6049382716049383,0.41534920952571547,0.30246913580246915,0.561988560044983,0.9162653795534155,0.3476211652917677,0,0.5314342021400172,0,0.5551589016102259,0,0.5701291996781178,0,0.512086703370967,0,0,799.8
48201455000,Harris County,0.631,3529,29.7535126,-95.7603533,10.667,"Morgans Point, TX",39.0,0.44115289795918367,1.692067418539653,0.5185185185185186,0.6313788272963778,0.2592592592592593,0.5547044828832809,0.9261090503775962,0.40810708647410676,0,0.6051228140597114,0,0.6306509622011867,0,0.5963708096474892,0,0.6094988162658224,0,0,641.0
48201455102,Harris County,0.0444,2825,29.7662531,-95.7712394,10.667,"Morgans Point, TX",42.0,0.49428938775510206,0.8494469578474019,0.4814814814814815,0.04442665599359616,0.24074074074074076,0.6215181641054425,0.9635229645133989,0.16221510684188292,0,0.39716824698459585,0,0.43061585758698356,0,0.5147487773149291,0,0.33837798181942924,0,0,1071.6
48201455103,Harris County,0.1775,4064,29.7629255,-95.7590016,10.667,"Morgans Point, TX",39.0,0.5497471020408163,1.0432787336372606,0.5185185185185186,0.17760656393836302,0.2592592592592593,0.6912505468395396,0.954916473507669,0.2265981811309008,0,0.4753683162226571,0,0.5179169115579646,0,0.574622233650755,0,0.4257413575086081,0,0,932.6
48201455104,Harris County,0.2892,3176,29.7712949,-95.7603187,10.667,"Morgans Point, TX",43.0,0.4981486530612245,0.46367691563010566,0.4691358024691358,0.28937362417450474,0.2345679012345679,0.6263707940572015,0.9806518711908199,0.2564901904105426,0,0.5000950384839175,0,0.5333014414165748,0,0.5703355099203885,0,0.46497480276568204,0,0,884.2
48201455200,Harris County,0.198,4268,29.7799704,-95.7650418,10.667,"Morgans Point, TX",43.0,0.5485073469387756,0.11889590850965467,0.4691358024691358,0.19811887132279368,0.2345679012345679,0.6896916820650797,0.995960788547826,0.2199882892698582,0,0.48820367964681904,0,0.5291369130131438,0,0.5848986157548276,0,0.43985621159281485,0,0,911.6
48201455300,Harris County,0.7575,14668,29.7751464,-95.790629,10.667,"Morgans Point, TX",45.0,0.324074775510204,0.3031640089201937,0.4444444444444444,0.7579547728637183,0.2222222222222222,0.407490762491909,0.9877789424992937,0.4365152424788207,0,0.6173862962064458,0,0.6198202240861166,0,0.5705301373206884,0,0.6408143756493245,0,0,634.6
48201510100,Harris County,0.1149,2794,29.7693835,-95.3710269,10.667,"Morgans Point, TX",15.0,0.7103725714285715,0.39292364863561247,0.8148148148148149,0.11496898138883331,0.40740740740740744,0.893220585678234,0.9837934477126915,0.29043203699997777,0,0.5689359404011334,0,0.6252098634220791,0,0.7202582600719002,0,0.4932747805657501,0,0,672.4
48201510201,Harris County,0.0512,2331,29.7644379,-95.3879622,10.667,"Morgans Point, TX",17.0,0.4570608163265306,0.3284436502646722,0.7901234567901234,0.051230738443065846,0.3950617283950617,0.5747070572118872,0.9866564794512576,0.25752933241426335,0,0.44078028789054935,0,0.45243507935689964,0,0.5706301377063772,0,0.3758553629826354,0,0,979.8
48201510202,Harris County,0.2454,5263,29.7710447,-95.3873012,10.667,"Morgans Point, TX",24.0,0.6861229387755102,0.7580176380543122,0.7037037037037037,0.24554732839703824,0.35185185185185186,0.8627291619492883,0.9675825961978981,0.3093300424699264,0,0.5891613412642092,0,0.6471999823885586,0,0.7036993455532663,0,0.5318923391196807,0,0,635.2
48201510301,Harris County,0.0593,3467,29.7824771,-95.377939,10.667,"Morgans Point, TX",16.0,0.5003994285714285,0.21111417020011222,0.8024691358024691,0.05933560136081649,0.4012345679012346,0.6292009132092002,0.9918661263771433,0.2644749812850673,0,0.46464103663525086,0,0.4830982077566825,0,0.5997428483933958,0,0.3970901307561785,0,0,931.2
48201510302,Harris County,0.11,3179,29.7868983,-95.3824843,10.667,"Morgans Point, TX",19.0,0.5789676734693878,0.33928052194059877,0.7654320987654322,0.11006603962377427,0.3827160493827161,0.7279924157897903,0.9861753022127524,0.27365604547913935,0,0.5082768714183755,0,0.5428861305863957,0,0.6410138153499093,0,0.4419083994526087,0,0,827.6
48201510400,Harris County,0.2731,3769,29.784318,-95.3924239,10.667,"Morgans Point, TX",27.0,0.5780968163265305,0.15280068124018306,0.6666666666666667,0.27326395837502504,0.33333333333333337,0.7268974023299931,0.9944553536398109,0.30930558335001,0,0.5603484805797203,0,0.5983029165096984,0,0.6560433213146188,0,0.512501060212271,0,0,721.6
48201510500,Harris County,0.0684,4389,29.7842247,-95.4037969,10.667,"Morgans Point, TX",20.0,0.567440081632653,0.4594248995571929,0.7530864197530864,0.06844106463878327,0.3765432098765432,0.7134976524134946,0.9808406686051685,0.25330235178143923,0,0.48348837544491413,0,0.5170106373679827,0,0.6218374790469579,0,0.41431382364389235,0,0,890.6
48201510601,Harris County,0.0028,3439,29.7738473,-95.403195,10.667,"Morgans Point, TX",21.0,0.6428113469387755,0.9594474593715661,0.7407407407407407,0.0028016810086051633,0.37037037037037035,0.8082692813414757,0.9586387378527513,0.22334289462566428,0,0.47801434326921316,0,0.5274702062091922,0,0.6364185640227492,0,0.39881223289244516,0,0,896.8
48201510602,Harris County,0.0258,4233,29.774322,-95.4175569,10.667,"Morgans Point, TX",20.0,0.6642634285714286,0.9899224181464118,0.7530864197530864,0.025815489293576147,0.3765432098765432,0.8352430718432707,0.9572855930573383,0.23625212164335638,0,0.49717099019556465,0,0.5500633309104979,0,0.6542894904962276,0,0.41861174004523327,0,0,850.2
48201510701,Harris County,0.1669,2265,29.762792,-95.4038229,10.667,"Morgans Point, TX",17.0,0.5275828571428571,0.2217419132246502,0.7901234567901234,0.16700020012007205,0.3950617283950617,0.663381284138338,0.9913942348393437,0.30383711708506583,0,0.516325325938052,0,0.5402233913758635,0,0.6327670345440454,0,0.4581044716350554,0,0,812.2
48201510702,Harris County,0.0001,2039,29.7682184,-95.4037047,10.667,"Morgans Point, TX",22.0,0.6489038367346939,0.5769747302410798,0.7283950617283951,0.00010006003602161298,0.36419753086419754,0.8159299618387604,0.9756212377023491,0.21855854253292717,0,0.4827147737282389,0,0.5323423894473551,0,0.643586344958978,0,0.40227898811286933,0,0,886.8
48201510801,Harris County,0.0567,4110,29.7666964,-95.4167219,10.667,"Morgans Point, TX",24.0,0.6281149387755102,0.4689894021375419,0.7037037037037037,0.056734040424254555,0.35185185185185186,0.7897900567276096,0.9804159869187081,0.23380472728081292,0,0.49482338597575354,0,0.5413661155192443,0,0.6408531678262532,0,0.4218084950505037,0,0,865.4
48201510802,Harris County,0.0136,2408,29.7713829,-95.4386021,10.667,"Morgans Point, TX",15.0,0.16864359183673466,0.7877130659190894,0.8148148148148149,0.013608164898939363,0.40740740740740744,0.21205200472247648,0.966264064023346,0.24988771040402022,0,0.30970436491104214,0,0.27032217046026663,0,0.4084030982484098,0,0.26035499824235836,0,0,1142.4
48201510803,Harris County,0.0496,2230,29.7607793,-95.4191067,10.667,"Morgans Point, TX",18.0,0.3939800816326531,0.08547367357174909,0.7777777777777778,0.049629777866720036,0.3888888888888889,0.49538950885135885,0.9974447978812406,0.25318524448002133,0,0.41675871339117665,0,0.41670793597626793,0,0.5391350252326622,0,0.3555705574704339,0,0,1024.0
48201510901,Harris County,0.0006,5608,29.780896,-95.4210644,10.667,"Morgans Point, TX",21.0,0.6146550204081632,1.3702543368934805,0.7407407407407407,0.0006003602161296778,0.37037037037037035,0.7728655911009524,0.9403981491666243,0.22246236630867408,0,0.4603435559690907,0,0.5063039201967987,0,0.6135912878867446,0,0.3837196900102639,0,0,938.4
48201510902,Harris County,0.1366,4277,29.7861896,-95.434341,10.667,"Morgans Point, TX",20.0,0.6577475102040816,1.7418567715186732,0.7530864197530864,0.1366820092055233,0.3765432098765432,0.8270499733842341,0.9238983105912588,0.28059872960813526,0,0.5285032492247452,0,0.5830711879538658,0,0.6591103292311525,0,0.4631997092215416,0,0,775.0
48201511001,Harris County,0.3023,3041,29.7994395,-95.4435741,10.667,"Morgans Point, TX",23.0,0.5168277551020408,1.5478933435762738,0.7160493827160495,0.30248148889333604,0.3580246913580247,0.6498578473809081,0.9325106471971858,0.33580741037214923,0,0.5362626669449772,0,0.5664030403806953,0,0.6141897262955242,0,0.49729913726970365,0,0,775.2
48201511003,Harris County,0.1114,2333,29.7954445,-95.4339739,10.667,"Morgans Point, TX",24.0,0.5363217959183674,1.3089567427547235,0.7037037037037037,0.11146688012807685,0.35185185185185186,0.6743696025577413,0.9431198762440259,0.25569786316234183,0,0.46891737670966344,0,0.5021757404822627,0,0.5880675422368589,0,0.40934229394606564,0,0,928.6
48201511004,Harris County,0.3348,1988,29.7950372,-95.4256842,10.667,"Morgans Point, TX",24.0,0.40935983673469384,0.9403293305818509,0.7037037037037037,0.3350010006003602,0.35185185185185186,0.5147279720921429,0.9594876182945911,0.3451115113512552,0,0.5134873670073397,0,0.5225830893062369,0,0.5729828224763327,0,0.483739639272843,0,0,833.8
48201511100,Harris County,0.134,4105,29.8081903,-95.427545,10.667,"Morgans Point, TX",23.0,0.5390266122448979,0.46930217551700487,0.7160493827160495,0.1340804482689614,0.3580246913580247,0.6777706314269684,0.9804020991994927,0.26844699412239936,0,0.4926284108885796,0,0.5226700954613128,0,0.6121443984284523,0,0.4328704171186432,0,0,876.6
48201511201,Harris County,0.0022,2857,29.7960562,-95.4162184,10.667,"Morgans Point, TX",23.0,0.4470231836734694,0.4618088134877234,0.7160493827160495,0.0022013207924754855,0.3580246913580247,0.5620857645581465,0.9807348183970799,0.21569534313180502,0,0.40377239849331803,0,0.4172865771809627,0,0.537629424393599,0,0.3368438855431776,0,0,1051.8
48201511202,Harris County,0.0665,3399,29.8042125,-95.4172883,10.667,"Morgans Point, TX",22.0,0.5712823673469388,0.1475903578360806,0.7283950617283951,0.06653992395437262,0.36419753086419754,0.7183289322715495,0.9946867016803044,0.24513448810026758,0,0.4847096733384999,0,0.5187931718688684,0,0.6240995897998757,0,0.415014715107812,0,0,889.4
48201511301,Harris County,0.1605,4616,29.7972613,-95.4054495,10.667,"Morgans Point, TX",24.0,0.5675698775510204,0.15855004712318227,0.7037037037037037,0.1605963578146888,0.35185185185185186,0.7136608574567153,0.9942000711116545,0.27534965423698665,0,0.516854757163506,0,0.551365613487092,0,0.6356075569464453,0,0.45747835727203656,0,0,814.4
48201511302,Harris County,0.0968,4422,29.7973995,-95.3935238,10.667,"Morgans Point, TX",22.0,0.5690641632653062,0.64201384873362,0.7283950617283951,0.09685811486892136,0.36419753086419754,0.7155397683473776,0.9727333799914776,0.25726176446608706,0,0.48909273634847006,0,0.5246485435894813,0,0.6198376101749863,0,0.42372029943521194,0,0,879.8
48201511400,Harris County,0.2268,2739,29.7957877,-95.383124,10.667,"Morgans Point, TX",20.0,0.587302775510204,0.8518029017908274,0.7530864197530864,0.22693616169701822,0.3765432098765432,0.7384729509709468,0.9634183562247091,0.3167003906047332,0,0.5492504425773803,0,0.5878188497027158,0,0.6566885362041678,0,0.49553139576398664,0,0,734.8
48201511501,Harris County,0.0357,3309,29.8083233,-95.4058178,10.667,"Morgans Point, TX",25.0,0.6606025306122448,0.5964738604259371,0.691358024691358,0.03572143285971583,0.345679012345679,0.8306398684669996,0.9747554400906228,0.22169598055129375,0,0.4955002675664113,0,0.5488770958576743,0,0.6487598791353099,0,0.4188704617819621,0,0,860.8
48201511502,Harris County,0.054,5541,29.8086883,-95.3903678,10.667,"Morgans Point, TX",23.0,0.5499963265306123,1.29001743571189,0.7160493827160495,0.054032419451671004,0.3580246913580247,0.6915639210514594,0.9439608166680338,0.23642778259548322,0,0.4535205465926313,0,0.4886337198493202,0,0.5866832556396182,0,0.38693919206913796,0,0,959.8
48201511600,Harris County,0.4466,3554,29.8030113,-95.3770418,10.667,"Morgans Point, TX",18.0,0.5946692244897959,1.4671148955537043,0.7777777777777778,0.44686812087252353,0.3888888888888889,0.7477355043641439,0.936097360384588,0.41208058168234274,0,0.6354351739241074,0,0.6766003006524033,0,0.6982908582746354,0,0.6040073317488435,0,0,529.8
48201520100,Harris County,0.1133,2719,29.7922757,-95.4604356,10.667,"Morgans Point, TX",25.0,0.6490597551020408,2.179990335548121,0.691358024691358,0.1133680208124875,0.345679012345679,0.8161260131799878,0.9044443662482221,0.25275461573240243,0,0.5000093329368029,0,0.5573056527868654,0,0.6288897703115748,0,0.435569114249417,0,0,848.8
48201520200,Harris County,0.5031,3095,29.789358,-95.476561,10.667,"Morgans Point, TX",27.0,0.41852587755102033,1.9045021376660585,0.6666666666666667,0.5034020412247349,0.33333333333333337,0.526253327483955,0.9166765541214181,0.40136081648989397,0,0.565259431776717,0,0.5812233075813126,0,0.5858785619607111,0,0.5549498666847199,0,0,722.4
48201520301,Harris County,0.6215,2208,29.7986856,-95.4719357,10.667,"Morgans Point, TX",25.0,0.5241837551020408,2.5646505458182625,0.691358024691358,0.6218731238743247,0.345679012345679,0.6591072622549026,0.8873647381714442,0.45615665695713725,0,0.6489198807446583,0,0.6852768680274007,0,0.6579354663681031,0,0.6444120879329361,0,0,517.8
48201520302,Harris County,0.9805,2624,29.7987278,-95.4802566,10.667,"Morgans Point, TX",31.0,0.5320735510204081,2.5333385063605722,0.617283950617284,0.9810886531919152,0.308641975308642,0.6690278706997267,0.8887550509045631,0.5776206464619513,0,0.7845540101891668,0,0.8253624732874119,0,0.7190424625215841,0,0.8173097840229582,0,0,193.0
48201520400,Harris County,0.9963,3792,29.8068975,-95.4769954,10.667,"Morgans Point, TX",29.0,0.5748194285714285,2.729256248301746,0.6419753086419753,0.99689813888333,0.32098765432098764,0.7227764236663325,0.8800559391257612,0.5913518481459246,0,0.808842048776784,0,0.8570055830332073,0,0.7461566854079356,0,0.8401847304612085,0,0,130.6
48201520501,Harris County,0.7792,3609,29.8148906,-95.4713169,10.667,"Morgans Point, TX",24.0,0.7040340408163264,2.102154935009566,0.7037037037037037,0.7796678006804083,0.35185185185185186,0.8852505341115988,0.9079004026588297,0.5229782313832745,0,0.7911784703995923,0,0.8575132011466533,0,0.7950153603059871,0,0.7892600254463951,0,0,193.0
48201520502,Harris County,0.7553,4631,29.8349288,-95.4960956,10.667,"Morgans Point, TX",25.0,0.536768081632653,1.866194823872942,0.691358024691358,0.7557534520712428,0.345679012345679,0.6749307610302487,0.9183774700330154,0.5097087882359045,0,0.7171314026969926,0,0.7531033291983009,0,0.7042573862389092,0,0.7235684109260343,0,0,363.0
48201520601,Harris County,0.9602,2706,29.8167961,-95.4926764,10.667,"Morgans Point, TX",26.0,0.5406419591836734,2.773957773005804,0.6790123456790124,0.9607764658795278,0.3395061728395062,0.6798017643799553,0.8780711083685742,0.5880142900555149,0,0.7861175528039093,0,0.8267435417797027,0,0.7278979151120364,0,0.8152273716498457,0,0,179.0
48201520603,Harris County,0.7714,1944,29.806804,-95.4870314,10.667,"Morgans Point, TX",27.0,0.6430704489795919,3.0544240282053203,0.6666666666666667,0.7718631178707225,0.33333333333333337,0.8085950755598293,0.8656178855007077,0.508745247148289,0,0.7450337403525382,0,0.8056151096046559,0,0.7360906145131435,0,0.7495053032722356,0,0,290.2
48201520604,Harris County,0.8726,3057,29.806917,-95.4950326,10.667,"Morgans Point, TX",31.0,0.5301123265306122,3.028628011081151,0.617283950617284,0.8731238743245948,0.308641975308642,0.6665618322321955,0.8667632765928448,0.5344347349150231,0,0.7337129857589795,0,0.7760431178480809,0,0.687242689570441,0,0.7569481338532487,0,0,327.4
48201520700,Harris County,0.3271,4485,29.7993191,-95.4967336,10.667,"Morgans Point, TX",25.0,0.5494126530612246,2.4964655735741186,0.691358024691358,0.327296377826696,0.345679012345679,0.690830011580373,0.8903922776342276,0.3383259585380858,0,0.5419657633919908,0,0.5825891982148839,0,0.6135222252470891,0,0.5061875324644417,0,0,761.4
48201521000,Harris County,0.828,2293,29.7943621,-95.5176361,10.667,"Morgans Point, TX",32.0,0.5130890612244897,2.0606763652534874,0.6049382716049383,0.8284970982589553,0.30246913580246915,0.6451568236233859,0.9097421282277233,0.5128803207850636,0,0.7206826745043251,0,0.7568246525636877,0,0.6847445332527817,0,0.7386517451300968,0,0,365.6
48201521100,Harris County,0.8543,2650,29.8017669,-95.5197006,10.667,"Morgans Point, TX",33.0,0.480033387755102,2.557469185086489,0.5925925925925926,0.8548128877326395,0.2962962962962963,0.6035927075470323,0.8876836039316894,0.5197029328708336,0,0.7093635259411996,0,0.7419824641443966,0,0.6608804053440529,0,0.7336050862397729,0,0,396.2
48201521201,Harris County,0.9647,1962,29.8070095,-95.5037111,10.667,"Morgans Point, TX",31.0,0.6201820408163264,2.992101470043478,0.617283950617284,0.9652791675005004,0.308641975308642,0.7798152518910743,0.8683851228852297,0.5712968521853854,0,0.8065302040143919,0,0.8648745644915845,0,0.7536138828523558,0,0.8329883645954099,0,0,146.4
48201521202,Harris County,0.7303,3275,29.8068871,-95.5146086,10.667,"Morgans Point, TX",33.0,0.4607822040816327,2.9341401018050988,0.5925925925925926,0.7307384430658395,0.2962962962962963,0.5793863202969799,0.8709587153335816,0.47007315500411356,0,0.646922564184016,0,0.6775138655520238,0,0.6189839378900748,0,0.6608918773309864,0,0,539.0
48201521300,Harris County,0.7372,6265,29.81656,-95.5118968,10.667,"Morgans Point, TX",28.0,0.41804261224489797,3.446624053088782,0.654320987654321,0.7376425855513308,0.3271604938271605,0.5256456709708319,0.8482034756452974,0.4913533305168286,0,0.6354018422707597,0,0.6576377999103846,0,0.6013215945105694,0,0.6524419661508549,0,0,557.8
48201521401,Harris County,0.8012,4060,29.829259,-95.5024151,10.667,"Morgans Point, TX",28.0,0.5942309387755101,2.4014840541090576,0.654320987654321,0.8016810086051631,0.3271604938271605,0.7471844050704008,0.8946096335845382,0.5169686997383616,0,0.7448819631592971,0,0.7947610039380022,0,0.7259489480106751,0,0.7543484707336081,0,0,296.6
48201521402,Harris County,0.8914,3523,29.824482,-95.503472,10.667,"Morgans Point, TX",28.0,0.5104571428571428,2.7070708074080456,0.654320987654321,0.891935161096658,0.3271604938271605,0.6418474564545337,0.8810410139244195,0.5530703607349595,0,0.7437670686193737,0,0.7797786323034279,0,0.6943777044602789,0,0.7684617506989211,0,0,295.2
48201521501,Harris County,0.8272,2684,29.8250079,-95.5228108,10.667,"Morgans Point, TX",33.0,0.5475165714285714,3.3350422637171615,0.5925925925925926,0.8276966179707825,0.2962962962962963,0.6884458835684957,0.853157914424578,0.5088564249660907,0,0.7142691457461325,0,0.7619310680311144,0,0.6764599883379159,0,0.7331737244502409,0,0,377.6
48201521502,Harris County,0.3406,2893,29.8277109,-95.515963,10.667,"Morgans Point, TX",30.0,0.4275869387755102,2.94844578898397,0.6296296296296297,0.3408044826896138,0.3148148148148148,0.537646681815653,0.8703235162413068,0.3252106819647344,0,0.4834821301972779,0,0.5065970579588578,0,0.531041346033166,0,0.45970252227933395,0,0,900.0
48201521600,Harris County,0.482,3060,29.8431718,-95.5325591,10.667,"Morgans Point, TX",33.0,0.5588970612244898,2.6345561177849977,0.5925925925925926,0.4822893736241745,0.2962962962962963,0.7027556812291413,0.8842608008839151,0.3706935272274476,0,0.5903200792444844,0,0.6373733743830386,0,0.6263303144512543,0,0.5723149616410994,0,0,659.8
48201521701,Harris County,0.8496,5219,29.8582185,-95.5307509,10.667,"Morgans Point, TX",31.0,0.5681670204081632,1.720298811537187,0.617283950617284,0.8501100660396238,0.308641975308642,0.7144117033002113,0.9248555240714866,0.5252292116010348,0,0.7576665549560916,0,0.8018724983729474,0,0.7268520512615809,0,0.7730738068033469,0,0,271.6
48201521702,Harris County,0.8517,2997,29.8450801,-95.5069575,10.667,"Morgans Point, TX",27.0,0.6483319183673469,1.6543378780270814,0.6666666666666667,0.8522113267960777,0.33333333333333337,0.8152108332017771,0.9277843120819713,0.5408845307184311,0,0.7987013342968831,0,0.8549305780301462,0,0.7808646701304849,0,0.8076196663800821,0,0,180.6
48201521800,Harris County,0.8596,4975,29.8526013,-95.5497025,10.667,"Morgans Point, TX",33.0,0.19087102040816328,2.6833084512407512,0.5925925925925926,0.8601160696417851,0.2962962962962963,0.24000071440698167,0.8820961066913067,0.5218242056344918,0,0.5959343732210169,0,0.5771732060961579,0,0.5078738077474275,0,0.6399646559578116,0,0,657.6
48201521900,Harris County,0.6813,6645,29.8211369,-95.5533755,10.667,"Morgans Point, TX",34.0,0.4253741224489796,3.7371197482557386,0.5802469135802469,0.6817090254152492,0.29012345679012347,0.5348642924404451,0.8353049270070791,0.4467576842401738,0,0.6002843122706691,0,0.6280888304221163,0,0.5731427412224759,0,0.6138550977947659,0,0,641.8
48201522001,Harris County,0.758,1806,29.8297842,-95.5384479,10.667,"Morgans Point, TX",34.0,0.4975594285714285,3.5980701195135802,0.5802469135802469,0.7584550730438263,0.29012345679012347,0.6256299047477886,0.8414789888926644,0.4774561032916046,0,0.6613241259313047,0,0.7015478423955748,0,0.6289471435604641,0,0.677512617116725,0,0,503.0
48201522002,Harris County,0.8849,2825,29.8263308,-95.5307746,10.667,"Morgans Point, TX",32.0,0.49938963265306124,3.530660466946203,0.6049382716049383,0.8854312587552532,0.30246913580246915,0.6279311985018804,0.8444721027211706,0.5356539849835827,0,0.7176358156807896,0,0.756881104277165,0,0.661704001322635,0,0.7456017228598668,0,0,367.6
48201522101,Harris County,0.8331,3435,29.8176644,-95.5410479,10.667,"Morgans Point, TX",35.0,0.5594130612244897,3.557545408354915,0.5679012345679013,0.8336001600960576,0.28395061728395066,0.7034044982594542,0.8432783613674592,0.5038104344087935,0,0.7143561655839671,0,0.7660447763162055,0,0.6746081674132702,0,0.7342301646693155,0,0,379.4
48201522102,Harris County,0.724,4959,29.8157781,-95.5314944,10.667,"Morgans Point, TX",30.0,0.4893122448979592,3.4704317486267207,0.6296296296296297,0.7244346607964779,0.3148148148148148,0.6152599178883609,0.8471463697261081,0.47866275320748003,0,0.653972291241721,0,0.6901309002810438,0,0.6304848347234686,0,0.6657160195008471,0,0,515.0
48201522201,Harris County,0.7286,4629,29.8085325,-95.5398873,10.667,"Morgans Point, TX",32.0,0.4675745306122449,2.9308014213630353,0.6049382716049383,0.7290374224534721,0.30246913580246915,0.5879269736467992,0.8711069589488429,0.4730964504628704,0,0.6508937685487306,0,0.6821646873603128,0,0.6248458839138167,0,0.6639177108661874,0,0,528.4
48201522202,Harris County,0.8432,4193,29.800453,-95.5378892,10.667,"Morgans Point, TX",38.0,0.2781965714285714,2.386774195603879,0.5308641975308642,0.8437062237342405,0.2654320987654321,0.3498036304602608,0.8952627786346956,0.4967417487529555,0,0.618198734736499,0,0.6166054091504247,0,0.543029571737252,0,0.6557833162361226,0,0,620.2
48201522301,Harris County,0.8294,4084,29.7902459,-95.5268985,10.667,"Morgans Point, TX",30.0,0.5711000816326531,1.7329206632179368,0.6296296296296297,0.829897938763258,0.3148148148148148,0.7180997266982718,0.9242950904040791,0.5208480643941922,0,0.7524926689921357,0,0.7967465089103796,0,0.7266909124017618,0,0.7653935472873228,0,0,285.0
48201522302,Harris County,0.8206,3607,29.7894965,-95.5380653,10.667,"Morgans Point, TX",30.0,0.6126703673469388,1.6330194610191153,0.6296296296296297,0.8210926555933561,0.3148148148148148,0.7703700936098965,0.9287308894090778,0.5173259511262314,0,0.7667191624858101,0,0.8180500212026021,0,0.7485946647832947,0,0.7757814113370677,0,0,246.6
48201522401,Harris County,0.6492,5553,29.7985786,-95.5493255,10.667,"Morgans Point, TX",35.0,0.43567836734693877,2.202959680449039,0.5679012345679013,0.6495897538523114,0.28395061728395066,0.5478208226232163,0.9034244846550639,0.43020627191129496,0,0.6108807614049309,0,0.6352562012495225,0,0.5979777639224707,0,0.617332260146161,0,0,623.2
48201522402,Harris County,0.589,3711,29.7986937,-95.5587071,10.667,"Morgans Point, TX",31.0,0.5702115102040817,2.1708758652754274,0.617283950617284,0.5893536121673004,0.308641975308642,0.7169824393426389,0.9048490656640134,0.4209266300521054,0,0.6479067224211364,0,0.6941835677190765,0,0.6674244258390818,0,0.6381478707121637,0,0,523.4
48201522500,Harris County,0.0673,5321,29.7899543,-95.501186,10.667,"Morgans Point, TX",27.0,0.37566783673469384,1.8316940673406967,0.6666666666666667,0.06734040424254553,0.33333333333333337,0.4723637407252832,0.9199093677292299,0.22693616169701822,0,0.3749795850142428,0,0.38298225197777147,0,0.4775259786048085,0,0.32370638821895986,0,0,1089.2
48201530101,Harris County,0.9419,3835,29.8162125,-95.4554528,10.667,"Morgans Point, TX",26.0,0.5700767346938775,1.328735746047995,0.6790123456790124,0.9424654792875725,0.3395061728395062,0.7168129729738607,0.9422416517462512,0.5806898954187327,0,0.8104622914645072,0,0.8509004817478576,0,0.7664612288568189,0,0.8324628227683515,0,0,135.2
48201530102,Harris County,0.6501,3029,29.811042,-95.454602,10.667,"Morgans Point, TX",26.0,0.5825324897959184,1.5201635226037853,0.6790123456790124,0.650490294176506,0.3395061728395062,0.7324748063762057,0.9337419027734075,0.4638998213743061,0,0.6959138963993957,0,0.7393098577428521,0,0.7110550971403591,0,0.6883432960289141,0,0,409.4
48201530200,Harris County,0.2493,3707,29.8161831,-95.424873,10.667,"Morgans Point, TX",26.0,0.544532,0.08209899839085295,0.6790123456790124,0.24944966980188113,0.3395061728395062,0.6846930913765535,0.9975946397297883,0.30348357162445616,0,0.5405277565918575,0,0.5716696876561507,0,0.6375537855218495,0,0.49201474212686136,0,0,769.4
48201530300,Harris County,0.7187,2605,29.8175261,-95.3887898,10.667,"Morgans Point, TX",23.0,0.5437844897959183,1.7559506259018047,0.7160493827160495,0.7191314788873324,0.3580246913580247,0.6837531740301566,0.9232725172687234,0.5024674063697478,0,0.7106401815116317,0,0.7464017156614686,0,0.7078097490530647,0,0.7120553977409151,0,0,376.0
48201530400,Harris County,0.6524,3330,29.8261231,-95.3879776,10.667,"Morgans Point, TX",20.0,0.568680081632653,2.180435769432997,0.7530864197530864,0.652791675005003,0.3765432098765432,0.7150568251219984,0.9044245881560687,0.48704259592792715,0,0.6937989660889361,0,0.7340531386418457,0,0.7074680631169139,0,0.6869644175749473,0,0,409.4
48201530501,Harris County,0.8981,1706,29.8391541,-95.3923596,10.667,"Morgans Point, TX",18.0,0.4938838367346939,2.166986326264515,0.7777777777777778,0.8986391835101061,0.3888888888888889,0.621008225328889,0.9050217684232872,0.5927890067373758,0,0.7667524779625485,0,0.7924907435056614,0,0.7227902427800295,0,0.7887335955538082,0,0,215.2
48201530502,Harris County,0.9764,2412,29.8357583,-95.3975741,10.667,"Morgans Point, TX",20.0,0.4488588571428571,2.1816932592340392,0.7530864197530864,0.9769861917150291,0.3765432098765432,0.5643939355058832,0.9043687532723488,0.6167204026119375,0,0.776302936744322,0,0.7950740803239369,0,0.709408518420753,0,0.8097501459061065,0,0,193.4
48201530600,Harris County,0.9031,2812,29.8313304,-95.405205,10.667,"Morgans Point, TX",24.0,0.5563389387755101,1.6374118784695832,0.7037037037037037,0.9036421853111868,0.35185185185185186,0.6995391048521578,0.9285358579126844,0.5725679852355858,0,0.7891006762690815,0,0.8271911015138513,0,0.7509201732550466,0,0.808190927776099,0,0,179.0
48201530701,Harris County,0.9722,1466,29.8630702,-95.4088157,10.667,"Morgans Point, TX",26.0,0.6031247346938776,1.1452797496643696,0.6790123456790124,0.9727836702021213,0.3395061728395062,0.7583674404501751,0.9503874388670104,0.5928171717845523,0,0.8381453766306184,0,0.8838162297414447,0,0.7932659454401174,0,0.8605850922258689,1,1,87.4
48201530702,Harris County,0.8051,3778,29.8516318,-95.4039843,10.667,"Morgans Point, TX",27.0,0.4994137959183673,1.717697743416146,0.6666666666666667,0.805583350010006,0.33333333333333337,0.6279615813275365,0.9249710163291303,0.5222333400040025,0,0.7205619845186322,0,0.7503250886171013,0,0.692221529354841,0,0.7347322121005279,0,0,359.0
48201530800,Harris County,0.8501,4133,29.8534493,-95.4202266,10.667,"Morgans Point, TX",31.0,0.33043077551020406,1.9568521371085403,0.617283950617284,0.8506103662197319,0.308641975308642,0.41548278002033595,0.9143521168741416,0.5254293316730779,0,0.6610166647302869,0,0.6634836186013247,0,0.5978187642338051,0,0.6926156149785276,0,0,508.4
48201530900,Harris County,0.6565,4464,29.8359653,-95.4201472,10.667,"Morgans Point, TX",28.0,0.4763551836734694,1.1690106849030886,0.654320987654321,0.6568941364818891,0.3271604938271605,0.598967743498332,0.9493337412477355,0.45905395088905193,0,0.6577047426255268,0,0.6817831848822593,0,0.6579749446734061,0,0.6575696416015873,0,0,506.8
48201531000,Harris County,0.1221,4672,29.8251751,-95.4199886,10.667,"Morgans Point, TX",30.0,0.40021518367346937,0.6985718625002301,0.6296296296296297,0.12217330398238944,0.3148148148148148,0.5032295096068237,0.9702220990892585,0.23775821048184467,0,0.4165248515888236,0,0.42622123987618343,0,0.5146420341243018,0,0.3674662603210846,0,0,1037.6
48201531100,Harris County,0.2959,3507,29.8245117,-95.4376743,10.667,"Morgans Point, TX",31.0,0.4359937142857142,0.1638165127173785,0.617283950617284,0.29607764658795277,0.308641975308642,0.5482173390269653,0.9939662302536025,0.30361624382036634,0,0.5056671266805626,0,0.5202829335046779,0,0.5755302867114327,0,0.4707355466651277,0,0,861.6
48201531200,Harris County,0.3621,3375,29.8271285,-95.4528622,10.667,"Morgans Point, TX",25.0,0.3687275102040816,0.7196365518011612,0.691358024691358,0.36231739043426053,0.345679012345679,0.4636369925683198,0.9692867877437983,0.3523343635811116,0,0.509557841827483,0,0.5110579753114142,0,0.5586379922918905,0,0.4850177665952793,0,0,850.6
48201531300,Harris County,0.7067,5233,29.8231943,-95.463003,10.667,"Morgans Point, TX",27.0,0.6196001632653061,1.352712288496425,0.6666666666666667,0.7071242745647389,0.33333333333333337,0.7790836006029759,0.9411770487105,0.4828497098258956,0,0.7335507858220309,0,0.7834866387214099,0,0.742359622907795,0,0.7291463672791489,0,0,326.6
48201531400,Harris County,0.5019,2113,29.8302031,-95.4709951,10.667,"Morgans Point, TX",26.0,0.46790269387755107,1.2779285412891404,0.6790123456790124,0.5022013207924755,0.3395061728395062,0.588339605265508,0.9444975860428931,0.40458423202069393,0,0.5948515133073239,0,0.6167744510456494,0,0.6257349108122734,0,0.5794098145548492,0,0,651.6
48201531500,Harris County,0.4551,2638,29.8369083,-95.476414,10.667,"Morgans Point, TX",27.0,0.5836648163265306,1.0766634147328162,0.6666666666666667,0.45537322393436064,0.33333333333333337,0.733898590750113,0.9534341316346339,0.3821492895737443,0,0.6225441701661353,0,0.6649915385540668,0,0.6782678189100602,0,0.5946823457941728,0,0,573.6
48201531600,Harris County,0.1654,2639,29.838057,-95.4534791,10.667,"Morgans Point, TX",27.0,0.4346632653061224,0.2479963489116423,0.6666666666666667,0.16549929957974785,0.33333333333333337,0.5465444360116136,0.9902284891112255,0.26619971983189916,0,0.459470507435141,0,0.47206277864891194,0,0.5574609100536054,0,0.4104753061259088,0,0,956.2
48201531700,Harris County,0.0524,3934,29.8357787,-95.435762,10.667,"Morgans Point, TX",33.0,0.37784522448979585,0.47322719489354886,0.5925925925925926,0.0524314588753252,0.2962962962962963,0.4751015823088196,0.9802278210460585,0.19875036132790785,0,0.3771598404096328,0,0.38356974463976995,0,0.48540263425440205,0,0.3230384434872482,0,0,1095.4
48201531800,Harris County,0.952,3122,29.8534594,-95.4363437,10.667,"Morgans Point, TX",33.0,0.20241542857142858,1.2388047479646351,0.5925925925925926,0.9525715429257554,0.2962962962962963,0.2545166225876191,0.9462347551627925,0.5588063949480799,0,0.6575348518063902,0,0.6353802867985348,0,0.559189288099935,0,0.7067076336596176,0,0,523.4
48201531900,Harris County,0.9319,5624,29.8529494,-95.4499189,10.667,"Morgans Point, TX",35.0,0.24973053061224487,0.7485154595402704,0.5679012345679013,0.9324594756854112,0.28395061728395066,0.31401050629899613,0.9680045105800096,0.5433541606445349,0,0.6710608321257471,0,0.6565885868795753,0,0.5839279509391924,0,0.7146272727190244,0,0,496.8
48201532003,Harris County,0.8578,4460,29.8607474,-95.4707212,10.667,"Morgans Point, TX",27.0,0.5317488163265306,0.4793086897696305,0.6666666666666667,0.8583149889933961,0.33333333333333337,0.6686195501576314,0.9799577913734772,0.5433259955973584,0,0.7715907311949355,0,0.8024684669726972,0,0.7426826452621154,0,0.7860447741613457,0,0,236.4
48201532004,Harris County,0.9423,4803,29.8498715,-95.4657071,10.667,"Morgans Point, TX",29.0,0.3770336326530613,0.0279264846126962,0.6419753086419753,0.9428657194316591,0.32098765432098764,0.47408108888762535,1.0,0.5697388803652562,0,0.7469308930715453,0,0.7494076060680603,0,0.6816192842848405,0,0.7795866974648975,0,0,298.4
48201532101,Harris County,0.4859,4283,29.8440369,-95.4780006,10.667,"Morgans Point, TX",32.0,0.5963839183673469,0.7252731117142495,0.6049382716049383,0.4861917150290174,0.30246913580246915,0.7498915558942374,0.9690365140103118,0.37595816749308847,0,0.6351004110943224,0,0.6811288067995888,0,0.6847366431160907,0,0.6102822950834382,0,0,552.2
48201532102,Harris County,0.8857,3331,29.8493374,-95.4859978,10.667,"Morgans Point, TX",30.0,0.5029732244897959,0.7148456836919944,0.6296296296296297,0.8862317390434261,0.3148148148148148,0.6324371973649878,0.9694995111898027,0.5433815845062593,0,0.7623631030478121,0,0.7905488549780684,0,0.7210735577159407,0,0.7830078757137477,0,0,262.2
48201532200,Harris County,0.9252,3794,29.8569939,-95.4844214,10.667,"Morgans Point, TX",27.0,0.5195400816326531,0.21732274852643133,0.6666666666666667,0.9257554532719633,0.33333333333333337,0.6532683195608122,0.9915904539632365,0.5703021813087854,0,0.7974030328699995,0,0.825100417578075,0,0.7546188927360116,0,0.8187951029369934,0,0,169.4
48201532301,Harris County,0.7173,4674,29.8587372,-95.5129694,10.667,"Morgans Point, TX",30.0,0.5619497959183672,1.0821134549645406,0.6296296296296297,0.7177306383830299,0.3148148148148148,0.7065941817299446,0.9531921397215738,0.47598114424210086,0,0.7130691599170779,0,0.7532204519685493,0,0.7115153337617606,0,0.7138460729947365,0,0,379.6
48201532302,Harris County,0.7517,3735,29.855131,-95.4952511,10.667,"Morgans Point, TX",27.0,0.49256751020408157,0.6972160202342751,0.6666666666666667,0.7521512907744647,0.33333333333333337,0.619353079843397,0.9702823010051702,0.5008605163097859,0,0.710676858068634,0,0.7353523411591,0,0.6968520471666906,0,0.7175892635196058,0,0,387.6
48201532400,Harris County,0.7174,6207,29.8697003,-95.5046102,10.667,"Morgans Point, TX",25.0,0.3277351836734694,0.1757920880309957,0.691358024691358,0.7178306984190514,0.345679012345679,0.4120933500000924,0.9934344924577478,0.494539686775028,0,0.6431884409154407,0,0.635280303317406,0,0.618307688414237,0,0.6556288171660425,0,0,554.8
48201532502,Harris County,0.6296,5540,29.8863712,-95.4982807,10.667,"Morgans Point, TX",29.0,0.3971742857142857,0.9889082097053166,0.6419753086419753,0.6299779867920753,0.32098765432098764,0.49940589258480456,0.9573306257966333,0.4445837873094227,0,0.6163470788812868,0,0.6260704666205944,0,0.6118034429110241,0,0.6186188968664182,0,0,611.6
48201532503,Harris County,0.5145,5734,29.8914228,-95.5153015,10.667,"Morgans Point, TX",36.0,0.38365404081632654,0.7074583651255139,0.5555555555555556,0.5148088853311987,0.2777777777777778,0.4824055725386884,0.9698275218606012,0.37259022079914617,0,0.5553455312934292,0,0.565260605199734,0,0.5688577466141728,0,0.5485894236330575,0,0,758.4
48201532504,Harris County,0.5442,4335,29.8940267,-95.5084176,10.667,"Morgans Point, TX",36.0,0.31913142857142857,1.0782844765839044,0.5555555555555556,0.5445267160296178,0.2777777777777778,0.40127501117287356,0.9533621534763351,0.3844773530785138,0,0.5366858658715165,0,0.5364325777013395,0,0.5340722491521493,0,0.5379926742312,0,0,801.0
48201532600,Harris County,0.7966,7030,29.8916191,-95.4892092,10.667,"Morgans Point, TX",33.0,0.38029012244897964,1.6012098979910592,0.5925925925925926,0.7970782469481689,0.2962962962962963,0.47817579051288067,0.9301432931131741,0.49660907655704534,0,0.6603046763785783,0,0.6714195026652199,0,0.6147134861887147,0,0.6831002714735099,0,0,516.6
48201532700,Harris County,0.8878,5685,29.8765275,-95.4814196,10.667,"Morgans Point, TX",26.0,0.39325404081632653,1.0077924468234343,0.6790123456790124,0.88833299979988,0.3395061728395062,0.49447658705613623,0.9564921305796088,0.5590369036236558,0,0.7236799635949582,0,0.7311942448961933,0,0.6687956181933177,0,0.7511221362957785,0,0,354.6
48201532800,Harris County,0.5,2120,29.8714664,-95.4714738,10.667,"Morgans Point, TX",27.0,0.4011487346938775,1.0558504953575036,0.6666666666666667,0.5003001801080649,0.33333333333333337,0.5044033541818367,0.9543582639275805,0.40012007204322597,0,0.5689739027113401,0,0.5786115661924225,0,0.5918651435790984,0,0.5575282822774608,0,0,717.2
48201532900,Harris County,0.8928,4722,29.892596,-95.4731807,10.667,"Morgans Point, TX",30.0,0.5086382040816327,1.4797581297088223,0.6296296296296297,0.8933360016009606,0.3148148148148148,0.6395603276664575,0.9355359772955876,0.5462232895292731,0,0.7568039620430473,0,0.7888988255781447,0,0.7112932821904097,0,0.7795593019693663,0,0,270.4
48201533000,Harris County,0.8546,2450,29.8895099,-95.4617414,10.667,"Morgans Point, TX",26.0,0.1969406530612245,1.0099482274703968,0.6790123456790124,0.8551130678407045,0.3395061728395062,0.24763265439351057,0.9563964099132072,0.5457489308399855,0,0.6331017221086646,0,0.6054188760149313,0,0.5590979401979848,0,0.6701036130640046,0,0,575.8
48201533100,Harris County,0.6745,6308,29.8764494,-95.4563662,10.667,"Morgans Point, TX",29.0,0.3624870204081633,1.6233624132425772,0.6419753086419753,0.6749049429657795,0.32098765432098764,0.45579021726389113,0.929159680274208,0.4625545697789044,0,0.6118491847351009,0,0.6177517891576851,0,0.5908305986582081,0,0.6223584777735474,0,0,621.2
48201533200,Harris County,0.9671,4498,29.8668801,-95.4495929,10.667,"Morgans Point, TX",29.0,0.3963848979591837,1.5454413637866866,0.6419753086419753,0.967680608365019,0.32098765432098764,0.4984133185169158,0.9326195196558904,0.5796648359386002,0,0.743383067419105,0,0.7550699195582218,0,0.6686172204371337,0,0.7807659909100906,0,0,298.2
48201533301,Harris County,0.8997,2922,29.8722441,-95.418276,10.667,"Morgans Point, TX",31.0,0.43921934693877546,0.8492082825375566,0.617283950617284,0.9002401440864519,0.308641975308642,0.5522732409627004,0.9635335621406409,0.545281242819766,0,0.7390763947033429,0,0.756863081633365,0,0.6853551449089732,0,0.7659370196005277,0,0,323.2
48201533302,Harris County,0.9467,3657,29.8793086,-95.4249141,10.667,"Morgans Point, TX",30.0,0.3799445714285714,0.5874830297562058,0.6296296296296297,0.94726836101661,0.3148148148148148,0.47774129557706124,0.9751546496783066,0.5677962332955329,0,0.7401291051423897,0,0.7457701414840929,0,0.6710826865176497,0,0.7746523144547598,0,0,317.0
48201533401,Harris County,0.77,4774,29.8915091,-95.433663,10.667,"Morgans Point, TX",26.0,0.4348094693877551,0.14933610069788816,0.6790123456790124,0.7704622773664199,0.3395061728395062,0.5467282726357697,0.9946091874534587,0.5118886146502717,0,0.7048164166319693,0,0.7165358989563562,0,0.6829344630538191,0,0.7157573934210444,0,0,404.2
48201533402,Harris County,0.8334,5535,29.8848401,-95.4453403,10.667,"Morgans Point, TX",31.0,0.3555300408163265,0.8065307494301115,0.617283950617284,0.8339003402041225,0.308641975308642,0.4470425295919484,0.9654285239101404,0.5187453212668343,0,0.6801971546691709,0,0.6828142439495447,0,0.6289627594908536,0,0.7058143522583294,0,0,469.8
48201533500,Harris County,0.5898,4206,29.8923877,-95.4196267,10.667,"Morgans Point, TX",30.0,0.5070444081632653,0.395921638206293,0.6296296296296297,0.5901540924554733,0.3148148148148148,0.637556292909326,0.9836603314051605,0.42495052587107823,0,0.6499665141688726,0,0.6776760638244492,0,0.6699039880733391,0,0.6399977772166394,0,0,524.6
48201533600,Harris County,0.9562,5179,29.9058273,-95.425916,10.667,"Morgans Point, TX",27.0,0.4042673469387755,1.0204278911342504,0.6666666666666667,0.9567740644386633,0.33333333333333337,0.5083246889404256,0.9559310933741697,0.5827096257754654,0,0.753283088839551,0,0.7633460372354848,0,0.6854527636398469,0,0.7871982514394029,0,0,270.4
48201533701,Harris County,0.9488,6682,29.9283098,-95.4284337,10.667,"Morgans Point, TX",27.0,0.6459189387755101,0.2129924246362749,0.6666666666666667,0.9493696217730638,0.33333333333333337,0.812176759068093,0.9917827283901753,0.5797478487092256,0,0.8566460364413557,1,0.906990821135538,1,0.8257381746641198,1,0.8720999673299737,1,4,75.8
48201533702,Harris County,0.799,3488,29.9187464,-95.4384415,10.667,"Morgans Point, TX",32.0,0.48895453061224486,0.6020136786682806,0.6049382716049383,0.7994796878126877,0.30246913580246915,0.6148101288950321,0.9745094618670739,0.5012733566065566,0,0.7198491134406356,0,0.7461457617070837,0,0.6933055886499515,0,0.7331208758359776,0,0,375.4
48201533802,Harris County,0.812,7944,29.9260518,-95.467689,10.667,"Morgans Point, TX",34.0,0.3220528979591836,0.5117551997006062,0.5802469135802469,0.8124874924954973,0.29012345679012347,0.4049484590261935,0.9785171060433742,0.49906907107227305,0,0.6567573560583704,0,0.65383347245318,0,0.6048473105793281,0,0.6827123787978915,0,0,531.4
48201533803,Harris County,0.7555,6602,29.9087981,-95.4517886,10.667,"Morgans Point, TX",30.0,0.10423191836734694,0.6172639918970285,0.6296296296296297,0.755953572143286,0.3148148148148148,0.13106093747850878,0.9738323196229659,0.4912703177462033,0,0.5546809451740511,0,0.510990510738565,0,0.4875900695176395,0,0.5882263830022569,0,0,759.0
48201533804,Harris County,0.7133,6649,29.9144724,-95.4612176,10.667,"Morgans Point, TX",33.0,0.19298644897959183,1.1964833944220412,0.5925925925925926,0.7137282369421654,0.2962962962962963,0.24266064867743356,0.948113901897792,0.4632690725546439,0,0.5588748569592825,0,0.5348692977760674,0,0.5072570636316549,0,0.5846837536230963,0,0,749.8
48201533902,Harris County,0.9817,5161,29.9303913,-95.5011574,10.667,"Morgans Point, TX",39.0,0.5428730612244898,0.6629250783194173,0.5185185185185186,0.9822893736241746,0.2592592592592593,0.6826071461637679,0.9718048825425143,0.5484713050052255,0,0.7998220661849236,0,0.8396992788425564,0,0.7389996303718398,0,0.8302332840914654,0,0,184.4
48201533903,Harris County,0.7833,4375,29.9218656,-95.4861431,10.667,"Morgans Point, TX",34.0,0.5001588571428571,1.0347645518520794,0.5802469135802469,0.7837702621572944,0.29012345679012347,0.6288984193334952,0.9552945189992129,0.48758217893699185,0,0.7080966338246415,0,0.7390910829507081,0,0.6828720910470907,0,0.720708905213417,0,0,404.6
48201533904,Harris County,0.9306,4488,29.9333063,-95.4897763,10.667,"Morgans Point, TX",36.0,0.5230195102040816,0.3156827199711932,0.5555555555555556,0.9311586952171303,0.2777777777777778,0.6576433438106181,0.9872230884674936,0.5391301447535188,0,0.7821782524758738,0,0.8156041717656708,0,0.7325181048954549,0,0.8070083262660832,0,0,229.2
48201534001,Harris County,0.7438,3465,29.9064322,-95.483956,10.667,"Morgans Point, TX",36.0,0.33244816326530613,2.0454871732698665,0.5555555555555556,0.7442465479287573,0.2777777777777778,0.41801943802858166,0.9104165565749777,0.4643652858381696,0,0.6083730279333488,0,0.6141661974235058,0,0.563081854601546,0,0.6310186145992502,0,0,638.2
48201534002,Harris County,0.7748,5268,29.9082771,-95.5007246,10.667,"Morgans Point, TX",35.0,0.5977301224489796,2.145660393885466,0.5679012345679013,0.7752651590954573,0.28395061728395066,0.7515842693330744,0.9059686794468341,0.48047643400855333,0,0.7257236757195868,0,0.7789434598976487,0,0.7092098479276302,0,0.7339805896155653,0,0,352.0
48201534003,Harris County,0.6712,2421,29.930164,-95.5124368,10.667,"Morgans Point, TX",38.0,0.4187631020408163,0.8307768384467713,0.5308641975308642,0.6716029617770662,0.2654320987654321,0.5265516129277281,0.9643519525059129,0.42790044397008575,0,0.626302625325669,0,0.6440319902236211,0,0.6112025131752034,0,0.633852681400902,0,0,599.6
48201534101,Harris County,0.504,2911,29.9170973,-95.5375312,10.667,"Morgans Point, TX",37.0,0.38291632653061225,1.3975732055114625,0.5432098765432098,0.5043025815489294,0.2716049382716049,0.481477972554044,0.9391851406385372,0.3646839955825347,0,0.5393297885535253,0,0.5522486881263658,0,0.551005524221724,0,0.533491920719426,0,0,792.6
48201534102,Harris County,0.6659,4390,29.9122939,-95.5115352,10.667,"Morgans Point, TX",34.0,0.10161689795918366,2.0133855169220323,0.5802469135802469,0.6662997798679209,0.29012345679012347,0.12777281775867946,0.9118419297652135,0.44059398602124245,0,0.49065953110533167,0,0.45388416419703703,0,0.43211278151780197,0,0.5199329058990966,0,0,882.4
48201534201,Harris County,0.8163,3465,29.9127214,-95.5480759,10.667,"Morgans Point, TX",37.0,0.34338367346938775,0.8864960086208433,0.5432098765432098,0.8167900740444267,0.2716049382716049,0.43176971953162,0.9618779178178657,0.48967899258073366,0,0.6558691432160644,0,0.6597654766060543,0,0.6022288329399437,0,0.6826892983541248,0,0,535.6
48201534203,Harris County,0.9081,2271,29.8730007,-95.5368807,10.667,"Morgans Point, TX",31.0,0.5088310204081633,1.1006334942322331,0.617283950617284,0.9086451871122674,0.308641975308642,0.6398027744036191,0.9523698155658277,0.5486432600300922,0,0.7663403333223955,0,0.7975616129299037,0,0.7189053820591049,0,0.7900578089540409,0,0,252.8
48201534204,Harris County,0.3966,4246,29.8833074,-95.5366596,10.667,"Morgans Point, TX",39.0,0.39903526530612243,0.5199139246460049,0.5185185185185186,0.39683810286171706,0.2592592592592593,0.5017458833837353,0.9781548434959942,0.3142907967002424,0,0.5110208227003735,0,0.5245623848431455,0,0.549081729313259,0,0.49199036939393076,0,0,858.0
48201534205,Harris County,0.2707,4140,29.8939622,-95.5409747,10.667,"Morgans Point, TX",37.0,0.4773542040816327,0.09194127644556985,0.5432098765432098,0.27086251751050633,0.2716049382716049,0.6002239091077243,0.9971576242961288,0.2713079699671655,0,0.5012653097014996,0,0.5261815344035126,0,0.5780662404318307,0,0.4628648443363341,0,0,875.0
48201540101,Harris County,0.0132,6140,29.8383069,-95.5863003,10.667,"Morgans Point, TX",35.0,0.00047820408163265303,4.74472246268987,0.5679012345679013,0.013207924754852912,0.28395061728395066,0.0006012925428844346,0.790565494250047,0.17565354027231156,0,0.14972837869587083,0,0.10567242792636317,0,0.19523519667621017,0,0.12697496970570119,0,0,1203.4
48201540102,Harris County,0.607,5985,29.8685925,-95.5812725,10.667,"Morgans Point, TX",36.0,0.6058296326530611,2.8668773337900832,0.5555555555555556,0.6073644186511907,0.2777777777777778,0.7617685719640833,0.8739453072150353,0.409612434127143,0,0.6497958610305219,0,0.7077219087733944,0,0.6639396751569657,0,0.6427239539673001,0,0,521.2
48201540200,Harris County,0.6164,1893,29.823358,-95.5697134,10.667,"Morgans Point, TX",34.0,0.5013037551020407,3.8150856965638766,0.5802469135802469,0.6167700620372223,0.29012345679012347,0.6303380109883183,0.83184309403293,0.420782098888963,0,0.6031077604645184,0,0.6448237927920664,0,0.5985536599402839,0,0.6053848107266357,0,0,631.6
48201540502,Harris County,0.251,4682,29.846971,-95.6308828,10.667,"Morgans Point, TX",40.0,0.3226755918367347,5.203184944575354,0.5061728395061729,0.25115069041424853,0.25308641975308643,0.40573143265492734,0.7702089081808472,0.25231212801755126,0,0.35567647249615364,0,0.3737641043230913,0,0.3905183998567887,0,0.3382555088158361,0,0,1104.6
48201540503,Harris County,0.9348,4160,29.8599737,-95.6392541,10.667,"Morgans Point, TX",33.0,0.3811124081632653,6.020018214292249,0.5925925925925926,0.935361216730038,0.2962962962962963,0.4792097303873215,0.7339399932397743,0.551922264469793,0,0.6545313110647388,0,0.682507267701136,0,0.5609213425096391,0,0.7013362953422887,0,0,508.2
48201540504,Harris County,0.666,3240,29.8464571,-95.6430845,10.667,"Morgans Point, TX",38.0,0.6048686530612244,5.12679027611238,0.5308641975308642,0.6663998399039425,0.2654320987654321,0.7605602387761633,0.7736009734102611,0.4258191952208363,0,0.6377606971994666,0,0.7051139609806665,0,0.6282143162979748,0,0.6425338876502126,0,0,551.0
48201540601,Harris County,0.4488,4042,29.862197,-95.6324332,10.667,"Morgans Point, TX",36.0,0.4303081632653062,5.58667018770315,0.5555555555555556,0.449069441664999,0.2777777777777778,0.5410683422658158,0.753181450828407,0.34629444333266624,0,0.47960215947025636,0,0.5163389076071445,0,0.4897797320720088,0,0.47451337316938014,0,0,898.4
48201540602,Harris County,0.7663,7731,29.874683,-95.634718,10.667,"Morgans Point, TX",40.0,0.4480855510204082,5.368043003694552,0.5061728395061729,0.7667600560336202,0.25308641975308643,0.5634215824402049,0.7628889040316322,0.4585558742652999,0,0.608984952189439,0,0.650186166448653,0,0.5563932509080454,0,0.6352808028301359,0,0,623.0
48201540700,Harris County,0.3854,5145,29.857098,-95.6131462,10.667,"Morgans Point, TX",37.0,0.4827444081632652,4.806125845056389,0.5432098765432098,0.3856313788272964,0.2716049382716049,0.607001537412036,0.7878390699787666,0.3172155144938815,0,0.4837790558495949,0,0.5274928140169071,0,0.5164949481903611,0,0.4674211096792118,0,0,894.2
48201540800,Harris County,0.566,6461,29.8880933,-95.6022229,10.667,"Morgans Point, TX",38.0,0.5033949387755101,3.234574823655777,0.5308641975308642,0.5663398038823294,0.2654320987654321,0.6329674597884328,0.8576188554428064,0.38579518081219105,0,0.5840980652219051,0,0.626096738395149,0,0.5900174856684304,0,0.5811383549986424,0,0,682.2
48201540901,Harris County,0.2354,2962,29.8894857,-95.6244446,10.667,"Morgans Point, TX",42.0,0.4277994285714286,4.518065381583387,0.4814814814814815,0.23554132479487694,0.24074074074074076,0.537913865921001,0.8006294898048462,0.23866097436239525,0,0.39646215108142646,0,0.43186213671423035,0,0.4501024265102764,0,0.36964201336700153,0,0,1058.8
48201540903,Harris County,0.5433,3780,29.9059343,-95.6255423,10.667,"Morgans Point, TX",41.0,0.46457404081632653,4.543196274267562,0.49382716049382713,0.5436261757054233,0.24691358024691357,0.5841541657420092,0.7995136314737188,0.3655986184303175,0,0.5357517575909935,0,0.5773158284007522,0,0.5331269515528503,0,0.5370641606100651,0,0,790.8
48201540904,Harris County,0.2952,4790,29.8896332,-95.6337961,10.667,"Morgans Point, TX",39.0,0.36083224489795923,5.070283477706924,0.5185185185185186,0.2953772263358015,0.2592592592592593,0.45370950692985046,0.7761099802552812,0.27370644608987615,0,0.3921629102990765,0,0.41606473107180475,0,0.42442480495350154,0,0.37603196297186403,0,0,1054.2
48201541004,Harris County,0.2558,5456,29.9232994,-95.640396,10.667,"Morgans Point, TX",43.0,0.4000262857142857,4.871947355596616,0.4691358024691358,0.255953572143286,0.2345679012345679,0.502991989814363,0.7849164726072078,0.24312216959805513,0,0.38684665357933157,0,0.41913038144138215,0,0.43047768072468007,0,0.36503114000665726,0,0,1071.8
48201541005,Harris County,0.5313,4405,29.9119752,-95.6324988,10.667,"Morgans Point, TX",42.0,0.5031449795918367,5.009968124323969,0.4814814814814815,0.5316189713828298,0.24074074074074076,0.6326531617743816,0.7787880940180143,0.3570920329975764,0,0.537709708436209,0,0.5884821351868192,0,0.5397399541206687,0,0.5366945855939791,0,0,784.6
48201541006,Harris County,0.3283,7014,29.9282187,-95.6804977,10.667,"Morgans Point, TX",46.0,0.5068378775510204,4.1695187480466265,0.4320987654320988,0.32849709825895534,0.2160493827160494,0.6372966018657108,0.8161056079716826,0.26102846893321174,0,0.4618662138665009,0,0.5122253306732212,0,0.5063225857356828,0,0.43963802793191,0,0,955.2
48201541007,Harris County,0.089,6825,29.9381563,-95.6709551,10.667,"Morgans Point, TX",49.0,0.407850612244898,3.5772403672032005,0.3950617283950617,0.08905343205923553,0.19753086419753085,0.5128302772248081,0.8424038685992056,0.15413989134221273,0,0.32956671782879005,0,0.3615115249572793,0,0.40973781308530827,0,0.28948117020053094,0,0,1148.6
48201541008,Harris County,0.0605,2579,29.9245088,-95.6618455,10.667,"Morgans Point, TX",43.0,0.2811785306122449,4.593063203449355,0.4691358024691358,0.060536321793075845,0.2345679012345679,0.35355313802240246,0.7972994471598334,0.16495526945797107,0,0.2657822866440401,0,0.27569795409732095,0,0.3341976082610281,0,0.23157462583554603,0,0,1184.6
48201541009,Harris County,0.2775,4603,29.9123378,-95.6592289,10.667,"Morgans Point, TX",44.0,0.41030514285714287,5.448430331173708,0.45679012345679015,0.277666599959976,0.22839506172839508,0.515916597501259,0.7593195573231024,0.24810367702102745,0,0.38963347429472694,0,0.42646685178090493,0,0.426955765739644,0,0.3709723285722685,0,0,1065.4
48201541100,Harris County,0.1461,7920,29.9007008,-95.6518575,10.667,"Morgans Point, TX",44.0,0.4850001632653061,6.1011745806804845,0.45679012345679015,0.14618771262757657,0.22839506172839508,0.6098379178895925,0.7303364997747228,0.19551212208806767,0,0.357367111028308,0,0.41006463438254837,0,0.4277602438285519,0,0.3221705446281861,0,0,1113.2
48201541203,Harris County,0.1041,2460,29.8888536,-95.6490812,10.667,"Morgans Point, TX",39.0,0.5196658775510203,5.984802540565337,0.5185185185185186,0.1041624974984991,0.2592592592592593,0.6534264950146504,0.7355036345878265,0.19722055455495524,0,0.36547746247619867,0,0.42132231369873546,0,0.45258245080209863,0,0.3219249683132488,0,0,1098.4
48201541204,Harris County,0.4108,5805,29.88497,-95.6594957,10.667,"Morgans Point, TX",42.0,0.5308570612244898,6.640709543449399,0.4814814814814815,0.4110466279767861,0.24074074074074076,0.6674982596594291,0.7063801449127534,0.3088630956351589,0,0.47772387895497637,0,0.5396340743772454,0,0.4999496292810398,0,0.46661100379194465,0,0,902.8
48201541205,Harris County,0.1991,3506,29.894142,-95.6624018,10.667,"Morgans Point, TX",43.0,0.4853818775510203,6.661020065535471,0.4691358024691358,0.19921953171903142,0.2345679012345679,0.6103178844192148,0.7054783199929582,0.2204285534283533,0,0.37288169254016523,0,0.4272393887873307,0,0.43076907948054316,0,0.34393799906997624,0,0,1090.8
48201541206,Harris County,0.2275,4879,29.8864369,-95.676694,10.667,"Morgans Point, TX",44.0,0.4662795918367347,7.056987441964662,0.45679012345679015,0.22763658194916953,0.22839506172839508,0.5862987210678003,0.6878966327287659,0.22809166981670487,0,0.36929570413569146,0,0.42225128867806505,0,0.41651541153119886,0,0.34568585043793787,0,0,1091.8
48201541207,Harris County,0.0117,4288,29.9020348,-95.6764308,10.667,"Morgans Point, TX",41.0,0.4122845714285714,5.994987191060497,0.49382716049382713,0.011707024214528718,0.24691358024691357,0.5184055257327137,0.7350514171816457,0.1528309578339596,0,0.2822290712979671,0,0.3199072079163917,0,0.3724030869924466,0,0.23714206345072741,0,0,1176.6
48201541301,Harris County,0.5984,5567,29.8719383,-95.6528696,10.667,"Morgans Point, TX",36.0,0.32024538775510203,6.460313440391538,0.5555555555555556,0.5987592555533321,0.2777777777777778,0.4026757004934951,0.7143900670842318,0.4061703688879995,0,0.48402080727629476,0,0.5043242345692003,0,0.4457746578506157,0,0.5031438819891343,0,0,881.2
48201541302,Harris County,0.7228,7836,29.8730288,-95.6763863,10.667,"Morgans Point, TX",39.0,0.4722799183673469,6.8445349294140065,0.5185185185185186,0.7232339403642185,0.2592592592592593,0.5938435157199303,0.6973299190460427,0.44484913170124296,0,0.5825089236488665,0,0.6331077993612892,0,0.5356005847437492,0,0.6059630931014252,0,0,675.4
48201541401,Harris County,0.6034,4604,29.8574106,-95.6506938,10.667,"Morgans Point, TX",38.0,0.5220304489795917,5.855241003103923,0.5308641975308642,0.6037622573544127,0.2654320987654321,0.6563997008523408,0.7412564075906344,0.40076416220102434,0,0.5699805853785076,0,0.625233591256031,0,0.558720028053206,0,0.5756108640411585,0,0,707.2
48201541402,Harris County,0.4303,2821,29.8537562,-95.6574109,10.667,"Morgans Point, TX",42.0,0.5046291428571429,5.5810778190741726,0.4814814814814815,0.43055833500100066,0.24074074074074076,0.6345193447245664,0.7534297623867668,0.3166677784448447,0,0.4899325866566734,0,0.5431313325628778,0,0.509724003875231,0,0.4800368780473946,0,0,881.6
48201541403,Harris County,0.5766,3247,29.8548135,-95.6651534,10.667,"Morgans Point, TX",41.0,0.4355062857142858,5.625790472875105,0.49382716049382713,0.5769461677006203,0.24691358024691357,0.5476044476350975,0.7514444374769995,0.3789266152283963,0,0.5225946663700209,0,0.5630407535541483,0,0.5044774992598212,0,0.5316532499251209,0,0,813.6
48201541404,Harris County,0.1454,3033,29.8636612,-95.6577721,10.667,"Morgans Point, TX",36.0,0.421042693877551,6.26188843927832,0.5555555555555556,0.14548729237542526,0.2777777777777778,0.5294179656522157,0.7232005058290345,0.22486158361683678,0,0.3451390067636747,0,0.38276809988494664,0,0.41168957822642455,0,0.3118637210322998,0,0,1119.4
48201541500,Harris County,0.5432,5744,29.8567279,-95.6796231,10.667,"Morgans Point, TX",41.0,0.49296595918367353,5.707844593840101,0.49382716049382713,0.5435261156694017,0.24691358024691357,0.61985408853268,0.7478010820406136,0.3655585944159088,0,0.5306999009318718,0,0.5817607098039058,0,0.5264244960193619,0,0.5328376033881268,0,0,796.2
48201541603,Harris County,0.8274,7808,29.8430246,-95.6544993,10.667,"Morgans Point, TX",38.0,0.4901159183673469,4.849512393543082,0.5308641975308642,0.8278967380428257,0.2654320987654321,0.6162704547754719,0.7859126266090004,0.4904179544763896,0,0.6610512864019855,0,0.7067769337032384,0,0.6054361358550389,0,0.688858861675459,0,0,506.0
48201541604,Harris County,0.2294,9967,29.835942,-95.6796105,10.667,"Morgans Point, TX",41.0,0.44627412244897957,4.274782602760373,0.49382716049382713,0.22953772263358016,0.24691358024691357,0.5611438969628055,0.8114316972306259,0.2399632372015802,0,0.40664459959194127,0,0.44391166270393995,0,0.46568022524472835,0,0.3771267867655478,0,0,1045.0
48201541701,Harris County,0.695,6652,29.8204624,-95.6562593,10.667,"Morgans Point, TX",37.0,0.0009490612244897959,3.2870326811351247,0.5432098765432098,0.6954172503502101,0.2716049382716049,0.0011933470644544958,0.855289629098281,0.441129863103047,0,0.43919148338299296,0,0.39075808958239666,0,0.3537828943939205,0,0.48189577787752913,0,0,951.2
48201541702,Harris County,0.1283,2556,29.7874536,-95.6688113,10.667,"Morgans Point, TX",35.0,0.46499763265306115,0.9667431444702002,0.5679012345679013,0.12837702621572944,0.28395061728395066,0.5846867889931234,0.9583147958781902,0.22172118085666218,0,0.4311147005048789,0,0.4560721678121936,0,0.5320272586012621,0,0.3806584214566873,0,0,1018.2
48201541703,Harris County,0.6092,3016,29.8023949,-95.6658103,10.667,"Morgans Point, TX",37.0,0.0,2.0122124216982837,0.5432098765432098,0.6095657394436662,0.2716049382716049,0.0,0.9118940173728873,0.4067892587404295,0,0.42219412141376433,0,0.3687686597218984,0,0.35973691540379704,0,0.453422724418748,0,0,984.4
48201541801,Harris County,0.5394,3301,29.7956969,-95.7120202,10.667,"Morgans Point, TX",39.0,0.505589306122449,1.3897481811362835,0.5185185185185186,0.5397238343005804,0.2592592592592593,0.6357266514656738,0.939532586260547,0.37144508927578773,0,0.5980216175571342,0,0.6339617885188286,0,0.6174542119759856,0,0.5883053203477087,0,0,655.6
48201541802,Harris County,0.5906,3818,29.7918917,-95.7000975,10.667,"Morgans Point, TX",38.0,0.3321396734693877,1.167131359952699,0.5308641975308642,0.5909545727436463,0.2654320987654321,0.41763154377805917,0.9494171867675243,0.3956410883567178,0,0.5552776306601475,0,0.5587448637914125,0,0.5433853166323146,0,0.561223787674064,0,0,763.2
48201541901,Harris County,0.5142,2892,29.8067448,-95.6962227,10.667,"Morgans Point, TX",36.0,0.2830764081632653,2.2050417933140607,0.5555555555555556,0.5145087052231339,0.2777777777777778,0.3559395242172676,0.9033320349750632,0.3724701487559202,0,0.49482993870760017,0,0.49237266858544704,0,0.4882703498690889,0,0.49810973312685575,0,0,885.2
48201541902,Harris County,0.2823,4567,29.825727,-95.6982359,10.667,"Morgans Point, TX",40.0,0.15794702040816325,3.506531716233671,0.5061728395061729,0.2824694816890134,0.25308641975308643,0.19860216420151777,0.8455434640866675,0.26483964452745723,0,0.32695322749788036,0,0.3090823389139411,0,0.3417811427675027,0,0.3195392698630692,0,0,1129.4
48201542001,Harris County,0.393,4528,29.8209048,-95.7145336,10.667,"Morgans Point, TX",38.0,0.48648408163265305,3.119920137583828,0.5308641975308642,0.393235941564939,0.2654320987654321,0.6117037929057334,0.8627097365453602,0.3165536358852349,0,0.5097945590353212,0,0.5483269045605794,0,0.5486474315254487,0,0.49036812279025754,0,0,847.2
48201542002,Harris County,0.0545,2241,29.8273234,-95.7109839,10.667,"Morgans Point, TX",41.0,0.47807551020408157,3.57154362751569,0.49382716049382713,0.05453271963177907,0.24691358024691357,0.601130877511433,0.842656814426497,0.16996123600085977,0,0.3589314535643353,0,0.39924159865241726,0,0.4603976982085207,0,0.3081983312422426,0,0,1111.2
48201542003,Harris County,0.517,3779,29.811598,-95.7114603,10.667,"Morgans Point, TX",39.0,0.4738141224489795,2.485962120660038,0.5185185185185186,0.5173103862317391,0.2592592592592593,0.595772619859734,0.8908586504601782,0.3624797100482512,0,0.5613163459184192,0,0.5957045197586266,0,0.5759849991473125,0,0.5539820193039724,0,0,739.0
48201542004,Harris County,0.2261,3328,29.8044932,-95.7125097,10.667,"Morgans Point, TX",36.0,0.46406914285714285,1.9915914262158134,0.5555555555555556,0.22623574144486694,0.2777777777777778,0.5835193083883492,0.9128096278883762,0.25716096324461346,0,0.4537179431809211,0,0.4829111173061313,0,0.5295453437596058,0,0.41580424289157875,0,0,972.4
48201542103,Harris County,0.5435,9086,29.8572378,-95.6965551,10.667,"Morgans Point, TX",42.0,0.4632071020408163,5.685897896201237,0.4814814814814815,0.5438262957774664,0.24074074074074076,0.5824353805541294,0.7487755561951461,0.36197496275543106,0,0.5174811470530372,0,0.5636480643379498,0,0.5086994308115609,0,0.5218720051737754,0,0,824.0
48201542104,Harris County,0.301,8007,29.837111,-95.7106044,10.667,"Morgans Point, TX",42.0,0.49840791836734694,4.247865204210146,0.4814814814814815,0.301180708425055,0.24074074074074076,0.6266967935649176,0.8126268797417294,0.26491672781446646,0,0.45426139186227055,0,0.5013017392371738,0,0.5052882863413424,0,0.4287479446227346,0,0,966.8
48201542105,Harris County,0.6031,8418,29.8519801,-95.7109415,10.667,"Morgans Point, TX",41.0,0.4861154285714285,5.272666259494838,0.49382716049382713,0.6034620772463478,0.24691358024691357,0.6112402495251144,0.7671238086945322,0.38953297904668727,0,0.5580260874807894,0,0.6062123613442387,0,0.5428807575589365,0,0.5655987524417158,0,0,740.6
48201542106,Harris County,0.4635,8350,29.8721091,-95.7107909,10.667,"Morgans Point, TX",45.0,0.4373755102040817,6.662623759523233,0.4444444444444444,0.46377826696017616,0.2222222222222222,0.5499548055468366,0.7054071130000625,0.31884464011740377,0,0.4559256007510642,0,0.5027319550748635,0,0.45330804534802693,0,0.45723437845258286,0,0,942.2
48201542107,Harris County,0.357,3729,29.8722427,-95.6878599,10.667,"Morgans Point, TX",39.0,0.4080426938775511,6.749753272670702,0.5185185185185186,0.3572143285971583,0.2592592592592593,0.5130718001598384,0.7015384007201404,0.2984412869944189,0,0.4121373580895409,0,0.450857939487449,0,0.4304450345870018,0,0.4029835198408105,0,0,1016.4
48201542108,Harris County,0.6369,5064,29.8757415,-95.6968466,10.667,"Morgans Point, TX",43.0,0.21266857142857143,6.960548479398586,0.4691358024691358,0.6372823694216531,0.2345679012345679,0.2674088971999147,0.6921787018608503,0.39565368850940197,0,0.4366161923561128,0,0.44320058763128967,0,0.3697274666675995,0,0.47006055520036955,0,0,956.8
48201542201,Harris County,0.3584,7237,29.8702618,-95.726161,10.667,"Morgans Point, TX",45.0,0.5074521632653061,6.482472543988612,0.4444444444444444,0.3586151691014609,0.2222222222222222,0.6380690030922737,0.7134061617104813,0.27677940097391773,0,0.44394309043970487,0,0.5026350316689385,0,0.4723857308857863,0,0.42972177021666425,0,0,973.0
48201542202,Harris County,0.5594,8625,29.8524543,-95.7477262,10.667,"Morgans Point, TX",43.0,0.18525248979591838,5.180012018309775,0.4691358024691358,0.559735841504903,0.2345679012345679,0.2329359889291553,0.7712378291648729,0.36463507734270195,0,0.4195527350217676,0,0.4144858602425714,0,0.37282503286072255,0,0.4429165861022902,0,0,993.2
48201542203,Harris County,0.2874,10790,29.8583282,-95.7371666,10.667,"Morgans Point, TX",44.0,0.3887394285714285,5.62167182350436,0.45679012345679015,0.28757254352611566,0.22839506172839508,0.48879992560313495,0.751627313161962,0.2520660544474833,0,0.3827009207564791,0,0.41632214193521155,0,0.414410379833267,0,0.36684619121808526,0,0,1073.0
48201542302,Harris County,0.6586,7531,29.8090556,-95.7433095,10.667,"Morgans Point, TX",42.0,0.32440073469387753,2.1999156578221566,0.4814814814814815,0.658995397238343,0.24074074074074076,0.4079006227042234,0.9035596449158247,0.4080426033397817,0,0.557366975589484,0,0.565456109422176,0,0.5234908350398644,0,0.5743050458642938,0,0,758.6
48201542303,Harris County,0.2157,3236,29.8128248,-95.7272176,10.667,"Morgans Point, TX",42.0,0.5244075102040817,2.5153680023244047,0.4814814814814815,0.21582949769861917,0.24074074074074076,0.6593886113262659,0.8895529746749328,0.23077624352389214,0,0.45443049622044124,0,0.49958041887280774,0,0.533964162394382,0,0.4146636631334709,0,0,976.2
48201542304,Harris County,0.3927,5827,29.8239135,-95.725545,10.667,"Morgans Point, TX",43.0,0.5008677551020408,3.2868642891651367,0.4691358024691358,0.39293576145687414,0.2345679012345679,0.629789785745651,0.8552971060146393,0.2979150453234904,0,0.5033549062420011,0,0.5477273345238277,0,0.5401612878370434,0,0.4849517154444799,0,0,866.8
48201542305,Harris County,0.2307,4602,29.8249634,-95.7395737,10.667,"Morgans Point, TX",43.0,0.39278130612244894,3.31272889608372,0.4691358024691358,0.2308385031018611,0.2345679012345679,0.49388217170689686,0.8541486694081828,0.23307614198148519,0,0.3956184818300435,0,0.42070537621475357,0,0.4505451414061043,0,0.3681551520420131,0,0,1066.2
48201542401,Harris County,0.8133,5078,29.7953916,-95.7245276,10.667,"Morgans Point, TX",41.0,0.5356309387755102,1.3228748584365624,0.49382716049382713,0.8137882729637783,0.24691358024691357,0.6735009206201463,0.9425018860463696,0.4736634573336595,0,0.7165357206503551,0,0.7586620502175628,0,0.6841182032125475,0,0.732744479369259,0,0,390.8
48201542402,Harris County,0.7381,5940,29.7927912,-95.7388598,10.667,"Morgans Point, TX",41.0,0.4517684897959183,1.0932189308001965,0.49382716049382713,0.7385431258755253,0.24691358024691357,0.568052499880419,0.9526990359592807,0.44356539849835824,0,0.6566247248597172,0,0.6828431810062523,0,0.6293185911877812,0,0.6702777916956852,0,0,531.6
48201542500,Harris County,0.3408,3863,29.7936124,-95.7642913,10.667,"Morgans Point, TX",42.0,0.3396477551020408,1.0623015286914959,0.4814814814814815,0.341004602761657,0.24074074074074076,0.42707218569326116,0.9540718260608251,0.2808462855491073,0,0.4519811496972023,0,0.458501659549516,0,0.4889733320090508,0,0.4334850585412781,0,0,977.4
48201542600,Harris County,0.4647,7370,29.7937905,-95.7891972,10.667,"Morgans Point, TX",42.0,0.3601545306122449,0.9885620024582648,0.4814814814814815,0.4649789873924355,0.24074074074074076,0.4528573507859401,0.9573459980416933,0.33043603940141864,0,0.5106662591979723,0,0.520585379207835,0,0.5258953497998179,0,0.5030517138970494,0,0,861.8
48201542700,Harris County,0.4893,4108,29.7925692,-95.8132146,10.667,"Morgans Point, TX",47.0,0.44215159183673475,1.175649573083007,0.41975308641975306,0.4895937562537523,0.20987654320987653,0.5559602379139481,0.949038962276766,0.32176342842742683,0,0.5405222973014467,0,0.5684829375241025,0,0.5574984776506783,0,0.532034207126831,0,0,799.0
48201542800,Harris County,0.4965,8449,29.8239522,-95.8152033,10.667,"Morgans Point, TX",47.0,0.07333730612244899,3.1706899475976664,0.41975308641975306,0.4967980788473084,0.20987654320987653,0.09221413404943739,0.8604554626448804,0.3246451574648493,0,0.37052898220908204,0,0.33989542821187424,0,0.32843928332967326,0,0.39157383164878645,0,0,1063.8
48201542901,Harris County,0.2946,9577,29.8147304,-95.7618657,10.667,"Morgans Point, TX",40.0,0.4632918367346939,2.5275764522760715,0.5061728395061729,0.2947768661196718,0.25308641975308643,0.5825419257332886,0.8890108968124422,0.2697625982997206,0,0.4656514435427619,0,0.4988358722713082,0,0.5226096360171254,0,0.43717234730558024,0,0,950.8
48201542902,Harris County,0.4406,28999,29.8387065,-95.800019,10.667,"Morgans Point, TX",47.0,0.09474930612244897,4.056272614474066,0.41975308641975306,0.4408645187112267,0.20987654320987653,0.11913752601272835,0.8211339467260188,0.3022717334104166,0,0.34427503787766617,0,0.3208309630255797,0,0.31207854426647935,0,0.3603732846832596,0,0,1098.2
48201543004,Harris County,0.0466,13165,29.956583,-95.7461191,10.667,"Morgans Point, TX",51.0,0.4351200816326531,1.6345670156669223,0.37037037037037035,0.04662797678607165,0.18518518518518517,0.5471188356480052,0.9286621751071892,0.12976230182553977,0,0.34646269945980634,0,0.3770015152116972,0,0.446407607017718,0,0.2964902456808506,0,0,1131.8
48201543005,Harris County,0.1823,8212,29.9346572,-95.773155,10.667,"Morgans Point, TX",49.0,0.017278122448979593,3.4258623542548974,0.3950617283950617,0.18240944566740044,0.19753086419753085,0.021725465303736907,0.8491253336510313,0.19148229678547868,0,0.21530075041702199,0,0.17663082291107962,0,0.22626451866689584,0,0.20981886629208507,0,0,1195.8
48201543006,Harris County,0.4051,17397,29.9089598,-95.708362,10.667,"Morgans Point, TX",43.0,0.41212114285714285,5.231442090967871,0.4691358024691358,0.40534320592355416,0.2345679012345679,0.5182000310808095,0.7689542383761478,0.30287802311016243,0,0.4463664503216864,0,0.4821789239070875,0,0.4600408651210639,0,0.4395292429219977,0,0,970.6
48201543007,Harris County,0.1007,20431,29.947897,-95.7035418,10.667,"Morgans Point, TX",46.0,0.3173555918367347,2.615356459127287,0.4320987654320988,0.10076045627376426,0.2160493827160494,0.39904207877650827,0.8851133014033853,0.16993381213913533,0,0.31779856239560056,0,0.3282989812568272,0,0.3901445977695461,0,0.2816255447086279,0,0,1159.0
48201543008,Harris County,0.6307,5429,29.8869772,-95.6893703,10.667,"Morgans Point, TX",42.0,0.4353528979591837,6.905596064925319,0.4814814814814815,0.6310786471883131,0.24074074074074076,0.5474115782789896,0.6946186911710657,0.39687590331976974,0,0.524469204264244,0,0.5702543475615756,0,0.48893272328955434,0,0.5422374447515889,0,0,799.0
48201543009,Harris County,0.2127,5104,29.8876004,-95.7004083,10.667,"Morgans Point, TX",44.0,0.45129910204081636,6.763154648664435,0.45679012345679015,0.2128276966179708,0.22839506172839508,0.5674622929631118,0.700943354724795,0.22216811568422537,0,0.3615600151969349,0,0.4107177268576099,0,0.41113745472325636,0,0.33677129543377426,0,0,1104.8
48201543010,Harris County,0.1529,4930,29.8879039,-95.7149188,10.667,"Morgans Point, TX",43.0,0.4531292244897959,6.609523212230417,0.4691358024691358,0.15299179507704624,0.2345679012345679,0.5697634840725222,0.707764875966494,0.20193745877155922,0,0.34241304816870255,0,0.3907920288462286,0,0.4055534658659214,0,0.31084283932009316,0,0,1128.0
48201543011,Harris County,0.3209,5559,29.8886309,-95.708718,10.667,"Morgans Point, TX",44.0,0.4556795918367347,6.615605219163032,0.45679012345679015,0.32109265559335604,0.22839506172839508,0.572970309204785,0.707494823557651,0.2654740992743795,0,0.40864052762140185,0,0.4580257115977861,0,0.43782315163075053,0,0.39404921561672757,0,0,1029.6
48201543100,Harris County,0.5742,3236,29.9626481,-95.8506413,10.667,"Morgans Point, TX",56.0,0.0,6.141987048930672,0.308641975308642,0.5745447268361017,0.154320987654321,0.0,0.7285243503503803,0.3224104833270333,0,0.31408337767978317,0,0.28626923242728897,0,0.2272629279610103,0,0.35749360253916956,0,0,1103.6
48201543201,Harris County,0.5836,5728,29.7993972,-95.5724269,10.667,"Morgans Point, TX",30.0,0.5325139591836735,2.1527472811881387,0.6296296296296297,0.5839503702221334,0.3148148148148148,0.6695816387551828,0.905654008482383,0.42246903697774224,0,0.6330933225839113,0,0.6720153833528273,0,0.649474306704504,0,0.6249028305236151,0,0,558.6
48201543202,Harris County,0.1277,3624,29.8098912,-95.605573,10.667,"Morgans Point, TX",30.0,0.0,2.7346142020668047,0.6296296296296297,0.12777666599959978,0.3148148148148148,0.0,0.8798180360229279,0.2399995552887288,0,0.23296331814483318,0,0.17858941047970506,0,0.2680255355265777,0,0.21543220945396097,0,0,1174.2
48201550101,Harris County,0.9871,2962,29.9516654,-95.4240204,10.667,"Morgans Point, TX",32.0,0.49791444897959175,1.8084695119271008,0.6049382716049383,0.9876926155693416,0.30246913580246915,0.6260763064666354,0.9209405811433602,0.5765585277092181,0,0.7818938541409857,0,0.8143605925928743,0,0.7132942669982004,0,0.8161936477123783,0,0,203.8
48201550102,Harris County,0.742,2513,29.9417695,-95.4293818,10.667,"Morgans Point, TX",34.0,0.4948320816326531,1.0798278976384663,0.5802469135802469,0.7424454672803682,0.29012345679012347,0.6222005459465308,0.9532936227136672,0.4710522609862213,0,0.6888440658810215,0,0.7190537007270494,0,0.6709769320812394,0,0.6977776327809126,0,0,445.8
48201550201,Harris County,0.8072,1715,29.9602099,-95.4216347,10.667,"Morgans Point, TX",28.0,0.4317434285714285,2.4158708156316018,0.654320987654321,0.8076846107664599,0.3271604938271605,0.542873041051919,0.8939708346407592,0.5193701406028803,0,0.6831355324590445,0,0.7039297720304326,0,0.6416191730232393,0,0.7038937121769471,0,0,450.2
48201550202,Harris County,0.8911,1998,29.9568578,-95.4315035,10.667,"Morgans Point, TX",42.0,0.2575085714285714,2.061460853046798,0.4814814814814815,0.8916349809885932,0.24074074074074076,0.3237905941751607,0.9097072955120361,0.5010984368398818,0,0.6260211665915412,0,0.6215907015133333,0,0.5374832284591906,0,0.6702901356577166,0,0,608.2
48201550303,Harris County,0.8259,4069,29.9765913,-95.4273556,10.667,"Morgans Point, TX",38.0,0.5169925714285712,1.8309359658507425,0.5308641975308642,0.8263958375025015,0.2654320987654321,0.6500650869923936,0.9199430288440195,0.4898175942602599,0,0.712978909573499,0,0.7521069607033986,0,0.6751732669304982,0,0.7318817308949994,0,0,396.0
48201550304,Harris County,0.6965,1909,30.015153,-95.4353005,10.667,"Morgans Point, TX",37.0,0.5478608979591837,0.8917023805004547,0.5432098765432098,0.6969181508905343,0.2716049382716049,0.6888788388340961,0.961646745232402,0.44173022331917666,0,0.6883212543229673,0,0.7289065992011914,0,0.6854556221337782,0,0.6897540704175618,0,0,449.0
48201550305,Harris County,0.7266,3372,30.004621,-95.4359881,10.667,"Morgans Point, TX",35.0,0.35808236734693877,0.174164360209025,0.5679012345679013,0.7270362217330398,0.28395061728395066,0.45025181819656174,0.9935067665975399,0.46118485906358636,0,0.6395160602894076,0,0.6423023501827372,0,0.6103426731415301,0,0.6541027538633463,0,0,573.8
48201550306,Harris County,0.6568,4352,29.9912789,-95.4384252,10.667,"Morgans Point, TX",37.0,0.2880420408163265,0.7124771042294914,0.5432098765432098,0.6571943165899541,0.2716049382716049,0.36218329753429,0.9696046805190178,0.4258406895989446,0,0.5726692285028301,0,0.5659828258747452,0,0.5444941991404555,0,0.5867567431840175,0,0,726.0
48201550307,Harris County,0.7056,2947,30.0031352,-95.4498177,10.667,"Morgans Point, TX",37.0,0.19985322448979592,0.21689827272478587,0.5432098765432098,0.7060236141685011,0.2716049382716049,0.251294913976572,0.9916093014775521,0.4453724086303634,0,0.5643809931365744,0,0.540005035940029,0,0.5171667861259323,0,0.5879880966418956,0,0,748.6
48201550308,Harris County,0.8716,3316,29.9894493,-95.428432,10.667,"Morgans Point, TX",34.0,0.532858612244898,0.9409630911357881,0.5802469135802469,0.8721232739643787,0.29012345679012347,0.6700150045995082,0.9594594781483997,0.5229233836598256,0,0.7576106240355044,0,0.7941143931773607,0,0.7194397407258797,0,0.7766960656903168,0,0,278.6
48201550403,Harris County,0.9898,3835,29.9729382,-95.4313583,10.667,"Morgans Point, TX",33.0,0.4105870204081633,2.036964437417191,0.5925925925925926,0.9903942365419253,0.2962962962962963,0.5162710295856872,0.9107949818830128,0.5739354723945479,0,0.7434987207317127,0,0.7616949464789179,0,0.6612002154616419,0,0.7846479733667482,0,0,302.4
48201550404,Harris County,0.5772,6646,29.9698614,-95.4555684,10.667,"Morgans Point, TX",36.0,0.4655522448979591,2.0825341168933362,0.5555555555555556,0.5775465279167501,0.2777777777777778,0.5853841569576773,0.9087716034408184,0.3976852778333667,0,0.5935620699371329,0,0.623365192751446,0,0.5989005839439272,0,0.5908928129337359,0,0,662.2
48201550405,Harris County,0.9928,8482,29.9919402,-95.469782,10.667,"Morgans Point, TX",45.0,0.1539791020408163,0.5595269657334524,0.4444444444444444,0.9933960376225736,0.2222222222222222,0.19361291417898727,0.9763959508663443,0.5306917483823628,0,0.6410578402179545,0,0.6139578283952692,0,0.5236117744164148,0,0.6997808731187243,0,0,584.4
48201550406,Harris County,0.7647,3879,29.98688,-95.450271,10.667,"Morgans Point, TX",34.0,0.16090008163265307,0.9066595628402261,0.5802469135802469,0.7651590954572745,0.29012345679012347,0.20231533554648953,0.9609826185444338,0.4801377122569839,0,0.5689151780095232,0,0.5385851135661774,0,0.5035005388602728,0,0.6016224975841484,0,0,730.4
48201550407,Harris County,0.4594,5129,29.9779675,-95.4575753,10.667,"Morgans Point, TX",34.0,0.41528930612244896,1.5290921390259653,0.5802469135802469,0.45967580548328996,0.29012345679012347,0.5221836711609298,0.9333454556139159,0.35794439626739005,0,0.5381880382922685,0,0.5558323982656941,0,0.564358782561928,0,0.5251026661574387,0,0,791.0
48201550500,Harris County,0.8691,7011,29.9526294,-95.4466086,10.667,"Morgans Point, TX",33.0,0.3004925714285714,1.5698990878488959,0.5925925925925926,0.8696217730638384,0.2962962962962963,0.3778385616770334,0.9315335512623993,0.5256264870033132,0,0.6583524233925833,0,0.6550385618425685,0,0.5879293068354983,0,0.6935639816711259,0,0,519.4
48201550601,Harris County,0.6193,7513,29.9572629,-95.458552,10.667,"Morgans Point, TX",35.0,0.5017922448979593,1.7257315303140042,0.5679012345679013,0.6196718030818491,0.28395061728395066,0.6309522367610432,0.9246143012632098,0.41823909160311,0,0.6315653478221219,0,0.6659920603148286,0,0.6355298627355462,0,0.6295830903654098,0,0,571.6
48201550602,Harris County,0.6996,2711,29.944128,-95.4594405,10.667,"Morgans Point, TX",36.0,0.5416079183673469,0.8245409946638418,0.5555555555555556,0.7000200120072043,0.2777777777777778,0.6810163588934328,0.9646288355567554,0.4466746714695484,0,0.6899665259402437,0,0.7286506442968407,0,0.6866153639179233,0,0.6916421069514037,0,0,442.2
48201550603,Harris County,0.8693,5475,29.9578566,-95.4713104,10.667,"Morgans Point, TX",36.0,0.5211081632653062,1.5885902537881438,0.5555555555555556,0.8698218931358815,0.2777777777777778,0.6552400212433434,0.9307036287644641,0.5145954239210193,0,0.7392011405045564,0,0.7770989301591094,0,0.695660889627448,0,0.7609712659431106,0,0,326.8
48201550700,Harris County,0.4714,5048,29.9427007,-95.496592,10.667,"Morgans Point, TX",38.0,0.4527097959183673,0.2333325196723908,0.5308641975308642,0.4716830098058835,0.2654320987654321,0.5692360957001527,0.9908795903764483,0.3479324631816127,0,0.5679975218023757,0,0.5895548477445736,0,0.6001023591345398,0,0.5519451031362936,0,0,729.4
48201550800,Harris County,0.7854,3679,29.9509869,-95.4761029,10.667,"Morgans Point, TX",37.0,0.42359346938775516,1.0725450561051666,0.5432098765432098,0.7858715229137483,0.2716049382716049,0.5326253040078849,0.9536169944100626,0.4773115721284623,0,0.6724831606897388,0,0.6914673914113829,0,0.6346870399484023,0,0.691381221060407,0,0,490.2
48201550901,Harris County,0.8559,5986,29.9512831,-95.4937683,10.667,"Morgans Point, TX",35.0,0.44676873469387757,0.8475342660844589,0.5679012345679013,0.8564138483089854,0.28395061728395066,0.5617658210866254,0.9636078915816644,0.5129359096939645,0,0.716812036890788,0,0.7380495838507372,0,0.6702780997513889,0,0.7400790054604875,0,0,386.6
48201550902,Harris County,0.6051,4104,29.9607733,-95.4895385,10.667,"Morgans Point, TX",37.0,0.3816092244897959,1.545422599568028,0.5432098765432098,0.60546327796678,0.2716049382716049,0.47983442591753567,0.9326203528220648,0.40514827414967497,0,0.5772249196916515,0,0.5904686384455468,0,0.567812133599942,0,0.5819313127375063,0,0,709.4
48201551000,Harris County,0.7435,3652,29.9697315,-95.4917709,10.667,"Morgans Point, TX",39.0,0.4205202448979592,2.0915058965153825,0.5185185185185186,0.7439463678206925,0.2592592592592593,0.5287610396920824,0.9083732397550508,0.4531341026838326,0,0.6364785497825558,0,0.6598174352143429,0,0.6006559437698437,0,0.6543898527889119,0,0,572.4
48201551101,Harris County,0.9151,4202,29.9871263,-95.4877052,10.667,"Morgans Point, TX",39.0,0.5419715918367346,0.89400403956443,0.5185185185185186,0.9156493896337803,0.2592592592592593,0.6814736409484943,0.9615445472932269,0.5218153114090677,0,0.7695998855499941,0,0.8101894672266907,0,0.7209167175220654,0,0.7939414695639585,0,0,258.0
48201551102,Harris County,0.9192,6574,29.9697605,-95.4768191,10.667,"Morgans Point, TX",35.0,0.31142857142857144,2.0901557431795745,0.5679012345679013,0.9197518511106665,0.28395061728395066,0.3915894590481595,0.9084331890718934,0.538271110814637,0,0.6716140364921885,0,0.6732808374848448,0,0.5889014316193625,0,0.7129703389286015,0,0,490.2
48201551201,Harris County,0.7315,4990,29.9779481,-95.499204,10.667,"Morgans Point, TX",44.0,0.42611526530612237,1.5311018617668193,0.45679012345679015,0.731939163498099,0.22839506172839508,0.5357962035017028,0.9332562201899371,0.4298127024362767,0,0.6320055455098019,0,0.6568573101206443,0,0.5986943395137029,0,0.6486611485078514,0,0,589.8
48201551202,Harris County,0.3594,3697,29.9708756,-95.506244,10.667,"Morgans Point, TX",44.0,0.44181395918367344,1.9945867803531723,0.45679012345679015,0.359615769461677,0.22839506172839508,0.5555356995122119,0.9126766285989816,0.28088334482170785,0,0.48281324424777416,0,0.5122333697019792,0,0.5238790691764732,0,0.46228033178342465,0,0,920.4
48201551300,Harris County,0.5107,3945,29.9502616,-95.5079947,10.667,"Morgans Point, TX",38.0,0.34808808163265303,0.5910775675569523,0.5308641975308642,0.5110066039623775,0.2654320987654321,0.4376850298685758,0.9749950455209087,0.3636619008442103,0,0.5375807135594637,0,0.5417291457107303,0,0.5464387500918259,0,0.5331516952932827,0,0,801.8
48201551400,Harris County,0.3212,6138,29.9625309,-95.5216718,10.667,"Morgans Point, TX",51.0,0.33586244897959183,1.2320717548352764,0.37037037037037035,0.32139283570142085,0.18518518518518517,0.4223125518227335,0.9465337125683744,0.23966824539167944,0,0.42289886541548405,0,0.4341152117398501,0,0.45673420865350517,0,0.4059811937964735,0,0,1033.4
48201551501,Harris County,0.6294,3296,29.9460826,-95.558878,10.667,"Morgans Point, TX",39.0,0.46377967346938775,0.5964627653747455,0.5185185185185186,0.629777866720032,0.2592592592592593,0.5831553303485629,0.9747559327315115,0.4074667022435684,0,0.6286134439200863,0,0.6540552909934445,0,0.6282253029867712,0,0.628807514386744,0,0,589.8
48201551502,Harris County,0.6463,4937,29.9383278,-95.5293345,10.667,"Morgans Point, TX",38.0,0.3844110204081632,0.520575500242054,0.5308641975308642,0.6466880128076846,0.2654320987654321,0.48335739666811256,0.9781254683102498,0.4179344643823331,0,0.6071281860476534,0,0.6175238186091776,0,0.5939415771276431,0,0.6137214905076587,0,0,643.2
48201551601,Harris County,0.4445,3246,29.9298646,-95.5565503,10.667,"Morgans Point, TX",39.0,0.5628804897959183,1.4454594985274045,0.5185185185185186,0.4447668601160697,0.2592592592592593,0.7077644337411133,0.9370589002506543,0.3334622996019835,0,0.5818118708917581,0,0.6282369090945406,0,0.627493541150321,0,0.5589710357624766,0,0,687.8
48201551602,Harris County,0.9471,5455,29.9281382,-95.5743279,10.667,"Morgans Point, TX",40.0,0.49641738775510197,2.098423097458129,0.5061728395061729,0.9476686011606965,0.25308641975308643,0.6241939056568099,0.9080661031802763,0.5309192923161306,0,0.7458090338404477,0,0.7833107088928608,0,0.6785225114003648,0,0.7794522950604892,0,0,314.6
48201551702,Harris County,0.0695,4360,29.9018874,-95.5603739,10.667,"Morgans Point, TX",38.0,0.5690928979591836,0.6349014102598338,0.5308641975308642,0.06954172503502103,0.2654320987654321,0.7155758992751848,0.9730491854754031,0.18707594927326768,0,0.44736349067645653,0,0.4913109276072478,0,0.5733040792236017,0,0.38439319640288394,0,0,986.0
48201551703,Harris County,0.277,8558,29.9152568,-95.5627546,10.667,"Morgans Point, TX",39.0,0.540344163265306,1.3018448318332174,0.5185185185185186,0.27716629977986795,0.2592592592592593,0.6794273165826793,0.94343565830365,0.26642207546750274,0,0.5078982182366507,0,0.5497385638403776,0,0.584808857722245,0,0.46944289849385357,0,0,856.8
48201551704,Harris County,0.1747,3746,29.9004533,-95.5761553,10.667,"Morgans Point, TX",37.0,0.3617378775510204,1.5669451473408713,0.5432098765432098,0.17480488292975785,0.2716049382716049,0.4548482470238688,0.9316647117097004,0.2328849161348661,0,0.39684196560601775,0,0.40660352179150894,0,0.47085432649810444,0,0.35983578515997444,0,0,1068.0
48201551705,Harris County,0.2022,5635,29.9183115,-95.5761904,10.667,"Morgans Point, TX",35.0,0.43453755102040814,2.015256703086815,0.5679012345679013,0.2023213928357014,0.28395061728395066,0.5463863632024566,0.9117588456226284,0.251298927504651,0,0.43413303469186004,0,0.4575939232458983,0,0.5114035819772463,0,0.39549776104916695,0,0,1005.8
48201551800,Harris County,0.0726,3769,29.8862932,-95.5645662,10.667,"Morgans Point, TX",36.0,0.43836097959183673,1.2877280341071966,0.5555555555555556,0.07264358615169102,0.2777777777777778,0.5511939321391378,0.944062470353241,0.19572410112734306,0,0.39194538599294326,0,0.4138659748787089,0,0.49837931927336065,0,0.3387284193527345,0,0,1078.4
48201551901,Harris County,0.3239,2521,29.9034698,-95.5860688,10.667,"Morgans Point, TX",36.0,0.5846112653061224,2.173653011845742,0.5555555555555556,0.32409445667400444,0.2777777777777778,0.7350886531847668,0.904725755196049,0.2963044493362684,0,0.537771311279543,0,0.5892701792102859,0,0.6089969294813893,0,0.5021585021786199,0,0,785.0
48201551902,Harris County,0.7627,4731,29.9001734,-95.5905766,10.667,"Morgans Point, TX",38.0,0.5524321632653061,2.4304621030853704,0.5308641975308642,0.7631578947368421,0.2654320987654321,0.6946267356958992,0.8933229543656023,0.46452241715399617,0,0.6932993113105306,0,0.7410504602044687,0,0.6700131168350933,0,0.7049424085482492,0,0,434.4
48201552002,Harris County,0.4801,1338,29.9132313,-95.6088331,10.667,"Morgans Point, TX",41.0,0.5396060408163265,3.640379288237332,0.49382716049382713,0.4803882329397639,0.24691358024691357,0.6784992033746287,0.8396003831862623,0.3403034413240537,0,0.5525327273513405,0,0.6041376318589965,0,0.5765808921551995,0,0.5405086449494111,0,0,750.4
48201552003,Harris County,0.4384,4679,29.9248033,-95.5937346,10.667,"Morgans Point, TX",37.0,0.5307598367346938,3.130100010860487,0.5432098765432098,0.4386631979187513,0.2716049382716049,0.6673760098440356,0.8622577312565575,0.3384282421304635,0,0.5471810284423806,0,0.5931661038113032,0,0.5833536386169238,0,0.5290947233551091,0,0,764.2
48201552004,Harris County,0.5845,3441,29.9095372,-95.5949663,10.667,"Morgans Point, TX",41.0,0.5204433469387755,2.772681465652896,0.49382716049382713,0.5848509105463279,0.24691358024691357,0.6544040829590737,0.878127778786562,0.3820885123666793,0,0.5988349928258092,0,0.6437214383603453,0,0.6034963535856364,0,0.5965043124458956,0,0,651.6
48201552101,Harris County,0.4505,4457,29.9234939,-95.6188028,10.667,"Morgans Point, TX",42.0,0.48814930612244894,4.428840439324522,0.4814814814814815,0.45077046227736645,0.24074074074074076,0.6137976417589768,0.8045912430308509,0.32475262935539106,0,0.5075448608234765,0,0.5534300296816597,0,0.5264696603388465,0,0.49808246106579146,0,0,850.2
48201552102,Harris County,0.3978,5676,29.9380579,-95.6157981,10.667,"Morgans Point, TX",41.0,0.3953447346938775,4.024881769604846,0.49382716049382713,0.3980388232939764,0.24691358024691357,0.497105419988163,0.8225277585658386,0.30736367746573867,0,0.45747445884420646,0,0.4846630275904664,0,0.4772863373609499,0,0.4475685195858348,0,0,952.8
48201552103,Harris County,0.5574,3617,29.9382426,-95.6248007,10.667,"Morgans Point, TX",43.0,0.41151387755102037,3.9915959826821683,0.4691358024691358,0.5577346407844707,0.2345679012345679,0.5174364572968358,0.8240057093538418,0.36383459705452903,0,0.5243147309637712,0,0.5553287175919529,0,0.5131747610235381,0,0.5298847159338878,0,0,820.0
48201552200,Harris County,0.6741,8189,29.9523563,-95.6385056,10.667,"Morgans Point, TX",48.0,0.15533020408163264,2.903471444910873,0.40740740740740744,0.6745047028216931,0.20370370370370372,0.19531178629870055,0.8723204606854074,0.3920241033508995,0,0.47566203072917634,0,0.45924754170943893,0,0.4093811400316708,0,0.5088024760779291,0,0,915.6
48201552301,Harris County,0.513,4402,29.9567545,-95.6135219,10.667,"Morgans Point, TX",46.0,0.1406868571428571,2.830439055144096,0.4320987654320988,0.5133079847908746,0.2160493827160494,0.17689928072766045,0.875563234493228,0.33495282354597944,0,0.41029943608034425,0,0.38993101619005377,0,0.3759632531768341,0,0.42746752753209927,0,0,1019.8
48201552303,Harris County,0.4732,2549,29.9588406,-95.589254,10.667,"Morgans Point, TX",41.0,0.40154799999999996,2.4280206067515686,0.49382716049382713,0.4734840904542726,0.24691358024691357,0.5049053893179323,0.8934313613393906,0.33754178432985715,0,0.5122861964505567,0,0.5345472535016303,0,0.5252202317826515,0,0.5058191787845094,0,0,849.8
48201552304,Harris County,0.2609,2029,29.9619098,-95.5989319,10.667,"Morgans Point, TX",47.0,0.2620926530612245,2.6111242502085936,0.41975308641975306,0.26105663398038825,0.20987654320987653,0.3295546062519233,0.8853012193432828,0.23034857951808121,0,0.3582947373412239,0,0.35939456863734154,0,0.3907074384615025,0,0.34208838678108466,0,0,1116.2
48201552401,Harris County,0.7239,5560,29.9314561,-95.5970688,10.667,"Morgans Point, TX",39.0,0.42539926530612243,3.0957421979786504,0.5185185185185186,0.7243346007604563,0.2592592592592593,0.5348959070022765,0.8637832819890888,0.44528939585973815,0,0.6165976866172611,0,0.644609952781502,0,0.5806853819028627,0,0.6345538389744603,0,0,613.6
48201552402,Harris County,0.4075,2765,29.9448636,-95.5965247,10.667,"Morgans Point, TX",46.0,0.19872653061224488,2.807901310884978,0.4320987654320988,0.4077446467880728,0.2160493827160494,0.24987821208567218,0.8765639522159292,0.29272748834485873,0,0.39122917896769654,0,0.38118388584775165,0,0.38572402302757114,0,0.3939817569377593,0,0,1057.6
48201552501,Harris County,0.9347,5407,29.9454743,-95.5802668,10.667,"Morgans Point, TX",45.0,0.41291918367346936,1.8388178174077285,0.4444444444444444,0.9352611566940164,0.2222222222222222,0.519203485484913,0.9195930599895461,0.50743779601094,0,0.7019324259903895,0,0.7261074490292992,0,0.6241561824225139,0,0.7408205477743273,0,0,437.6
48201552502,Harris County,0.5231,6528,29.9554541,-95.5726421,10.667,"Morgans Point, TX",40.0,0.5004212244897959,1.4068953422079535,0.5061728395061729,0.5234140484290575,0.25308641975308643,0.6292283193390996,0.9387712204476624,0.36121747122347486,0,0.5872934192284727,0,0.6228974810025615,0,0.6085865428282777,0,0.5766468574285701,0,0,684.0
48201552602,Harris County,0.4824,7162,29.9754278,-95.5770636,10.667,"Morgans Point, TX",46.0,0.39146612244897955,1.703109647956117,0.4320987654320988,0.48268961376826097,0.2160493827160494,0.49222846324694275,0.925618754873834,0.32270547513693404,0,0.5124147729923644,0,0.5327551092597685,0,0.522323159400399,0,0.5074605797883471,0,0,856.4
48201552603,Harris County,0.9037,5096,29.9608453,-95.5571827,10.667,"Morgans Point, TX",40.0,0.4992803265306122,0.8639488161139894,0.5061728395061729,0.9042425455273164,0.25308641975308643,0.6277937572736587,0.9628790550603221,0.5135488700627784,0,0.7467213831755575,0,0.7800672084261736,0,0.6942143290583045,0,0.772974910234184,0,0,315.0
48201552604,Harris County,0.6351,3571,29.9641416,-95.5739305,10.667,"Morgans Point, TX",47.0,0.4736997551020409,1.734052406149209,0.41975308641975306,0.6354812887732639,0.20987654320987653,0.5956288146612737,0.9242448389150284,0.38011844143523155,0,0.6035329032181996,0,0.6392632388747799,0,0.5928834413665115,0,0.6088576341440437,0,0,652.8
48201552701,Harris County,0.7695,3226,29.9705797,-95.5483846,10.667,"Morgans Point, TX",44.0,0.4332022040816326,1.4252200086983497,0.45679012345679015,0.7699619771863118,0.22839506172839508,0.5447073015062286,0.9379575712062522,0.44502182791156175,0,0.651475265945588,0,0.677197459039483,0,0.6119796955320136,0,0.6712230511523753,0,0,548.8
48201552702,Harris County,0.6716,5367,29.9812593,-95.5575315,10.667,"Morgans Point, TX",41.0,0.3862810612244898,1.296511154399008,0.49382716049382713,0.6720032019211527,0.24691358024691357,0.4857087810266645,0.9436724834922855,0.41694942891660924,0,0.601410542206037,0,0.616653934841788,0,0.5778796556343316,0,0.6131759854918895,0,0,656.2
48201552801,Harris County,0.3141,4975,29.9862036,-95.5368629,10.667,"Morgans Point, TX",40.0,0.42591297959183677,0.955390343615188,0.5061728395061729,0.31428857314388636,0.25308641975308643,0.5355418499815138,0.9588188813308998,0.2775672811094064,0,0.4805948315921972,0,0.5011294081994184,0,0.5360302510749676,0,0.4528771218508121,0,0,926.6
48201552802,Harris County,0.3644,4215,29.9759575,-95.5301385,10.667,"Morgans Point, TX",43.0,0.3934654693877552,1.6682019545145454,0.4691358024691358,0.36461877126275766,0.2345679012345679,0.4947424367806277,0.927168721324956,0.2865882492458438,0,0.47225457697990625,0,0.4912439171187396,0,0.5081331788856224,0,0.45431527602704813,0,0,942.8
48201552901,Harris County,0.3922,4678,29.9937663,-95.5061963,10.667,"Morgans Point, TX",40.0,0.3687730612244898,0.4327453273540654,0.5061728395061729,0.3924354612767661,0.25308641975308643,0.4636942683004689,0.9820252911845534,0.3088260363625583,0,0.4966292630485536,0,0.5049399725330819,0,0.5313605303058161,0,0.47926362941992234,0,0,895.8
48201552902,Harris County,0.4403,5613,29.9945434,-95.5178223,10.667,"Morgans Point, TX",44.0,0.47588057142857143,0.37861797967661664,0.45679012345679015,0.44056433860316196,0.22839506172839508,0.5983709673214235,0.98442864599597,0.3132627724783018,0,0.5510576370652723,0,0.5804747692387768,0,0.5878887365526425,0,0.5326420873215872,0,0,773.8
48201553001,Harris County,0.359,5771,30.0019366,-95.4947839,10.667,"Morgans Point, TX",43.0,0.3364723265306122,0.17056973283566154,0.4691358024691358,0.35921552931759054,0.2345679012345679,0.4230794102365077,0.9936663747321284,0.28442695246777694,0,0.46847655695661794,0,0.4715805670694764,0,0.5048968995029604,0,0.4502663856834467,0,0,954.4
48201553002,Harris County,0.6505,4712,30.0121778,-95.4809464,10.667,"Morgans Point, TX",40.0,0.3079995918367347,0.8414305685841303,0.5061728395061729,0.6508905343205924,0.25308641975308643,0.3872778692113789,0.9638789070920171,0.4122080655800888,0,0.5704138468058466,0,0.569371733766505,0,0.5435882843009314,0,0.5838266280583042,0,0,733.0
48201553101,Harris County,0.2302,3560,30.0214429,-95.4664935,10.667,"Morgans Point, TX",39.0,0.38358122448979587,1.4827287059717267,0.5185185185185186,0.23033820292175305,0.2592592592592593,0.48231401348299474,0.9354040781898586,0.24769083672425682,0,0.42495816194310476,0,0.43937006290172065,0,0.4898314816168887,0,0.39252150210621284,0,0,1023.0
48201553102,Harris County,0.5839,4669,30.0151924,-95.4595253,10.667,"Morgans Point, TX",40.0,0.45608538775510205,1.050849762357505,0.5061728395061729,0.5842505503301981,0.25308641975308643,0.5734805559153823,0.9545803057646899,0.3855520719839311,0,0.599127511784276,0,0.6254340330733598,0,0.6040864989356354,0,0.5966480182085964,0,0,658.4
48201553201,Harris County,0.5776,2700,30.0236878,-95.4502063,10.667,"Morgans Point, TX",41.0,0.3973865306122449,1.6151870824004853,0.49382716049382713,0.5779467680608366,0.24691358024691357,0.49967276875610867,0.9295226801542567,0.3793268553724828,0,0.5637298097630741,0,0.5821701264345127,0,0.55899082366382,0,0.5660993028127013,0,0,745.6
48201553202,Harris County,0.8107,4174,30.0318213,-95.4458248,10.667,"Morgans Point, TX",34.0,0.26234089795918364,2.1238078280812087,0.5802469135802469,0.8111867120272164,0.29012345679012347,0.32986674872766786,0.9069389739730028,0.49854875888496064,0,0.610333607659973,0,0.6027988649879015,0,0.5433825728708919,0,0.6438091250545135,0,0,633.8
48201553300,Harris County,0.6256,3857,30.0258952,-95.4347051,10.667,"Morgans Point, TX",44.0,0.6140851428571428,1.6067739508920462,0.45679012345679015,0.6259755853512108,0.22839506172839508,0.7721490285810009,0.9298962388257508,0.3874272711775214,0,0.6625451356227055,0,0.7213921444400535,0,0.6747349857132037,0,0.6564502105774563,0,0,505.6
48201553401,Harris County,0.1867,3971,30.0424343,-95.4426933,10.667,"Morgans Point, TX",37.0,0.35316840816326533,2.8143850085854205,0.5432098765432098,0.18681208725235143,0.2716049382716049,0.4440730189627838,0.8762760639906094,0.23768779786390354,0,0.38093604796437225,0,0.39387913105804706,0,0.4456440348683792,0,0.3485820545123688,0,0,1082.0
48201553403,Harris County,0.6132,8636,30.0590538,-95.4624926,10.667,"Morgans Point, TX",42.0,0.3717644897959183,4.082291082370661,0.4814814814814815,0.6135681408845307,0.24074074074074076,0.46745568264563786,0.8199786784062482,0.3898717007982567,0,0.5316761435856661,0,0.5553789995094255,0,0.5043788111527112,0,0.5453248098021435,0,0,801.2
48201553404,Harris County,0.1596,3671,30.0460218,-95.462355,10.667,"Morgans Point, TX",40.0,0.3954575510204082,3.1821076945754054,0.5061728395061729,0.1596958174904943,0.25308641975308643,0.49724727493767934,0.8599484934636449,0.21573017884804957,0,0.3758261195344267,0,0.3993213812152427,0,0.4478695535490709,0,0.33980440252710464,0,0,1093.4
48201553405,Harris County,0.4264,6641,30.0550828,-95.447725,10.667,"Morgans Point, TX",43.0,0.32436963265306124,3.728955706933255,0.4691358024691358,0.4266559935961577,0.2345679012345679,0.40786151508065926,0.83566742561148,0.31140313817920384,0,0.4412371630417442,0,0.4556299853175735,0,0.44609755285693975,0,0.43880696813414644,0,0,980.4
48201553500,Harris County,0.3388,6892,30.037378,-95.4753518,10.667,"Morgans Point, TX",39.0,0.4265639183673469,2.5827794777615254,0.5185185185185186,0.33900340204122476,0.2592592592592593,0.5363603386699671,0.886559779907623,0.2911569163720455,0,0.4700524371919039,0,0.4963333365408509,0,0.513735448908797,0,0.44821093133345735,0,0,939.0
48201553601,Harris County,0.1934,5080,30.028144,-95.497809,10.667,"Morgans Point, TX",43.0,0.38777102040816325,1.946038520162637,0.4691358024691358,0.1935161096657995,0.2345679012345679,0.4875822517492194,0.9148322615594239,0.2181471846070605,0,0.39771120801356596,0,0.4167302379567627,0,0.4657762407961549,0,0.36367869162227157,0,0,1070.2
48201553602,Harris County,0.7302,2332,30.0293005,-95.4867693,10.667,"Morgans Point, TX",45.0,0.3005345306122449,2.024771112290709,0.4444444444444444,0.7306383830298179,0.2222222222222222,0.37789132104320666,0.9113363881751616,0.4255886865452605,0,0.5732693869353263,0,0.5779935886261309,0,0.520813054903829,0,0.5994975529510749,0,0,727.8
48201553700,Harris County,0.6305,4415,30.0172559,-95.510313,10.667,"Morgans Point, TX",39.0,0.46628644897959187,1.196900873453086,0.5185185185185186,0.6308785271162698,0.2592592592592593,0.5863073432210272,0.9480953650530918,0.4079069664020635,0,0.6216957058571171,0,0.649858190807292,0,0.6186347654373995,0,0.6232261760669758,0,0,603.6
48201553801,Harris County,0.2813,2523,30.0430149,-95.5102012,10.667,"Morgans Point, TX",42.0,0.28247004081632654,2.9741752575240468,0.4814814814814815,0.28146888132879727,0.24074074074074076,0.355177079524788,0.8691810800299579,0.25703199697596335,0,0.3790940594014832,0,0.38259222995981357,0,0.4116357854257119,0,0.3628231963893689,0,0,1082.0
48201553803,Harris County,0.1644,4515,30.0369524,-95.5207019,10.667,"Morgans Point, TX",46.0,0.29789926530612243,2.5552458866997725,0.4320987654320988,0.16449869921953172,0.2160493827160494,0.37457774544242217,0.8877823225111914,0.1954291093174423,0,0.3364720894947935,0,0.3432560037311811,0,0.3937965529198808,0,0.3078098577822499,0,0,1144.8
48201553804,Harris County,0.677,5732,30.0387788,-95.532343,10.667,"Morgans Point, TX",47.0,0.3477711020408163,2.6795014390296332,0.41975308641975306,0.6774064438663199,0.20987654320987653,0.43728646057120124,0.8822651451073258,0.39688850347245386,0,0.5576036591684848,0,0.5743270113611079,0,0.5176693976025397,0,0.5775707899514573,0,0,761.2
48201553901,Harris County,0.1802,6332,30.0319375,-95.5416941,10.667,"Morgans Point, TX",51.0,0.37850383673469384,2.2083029514640087,0.37037037037037035,0.18030818491094658,0.18518518518518517,0.47592971959731256,0.9031872334936166,0.18323438507548973,0,0.3696796540172326,0,0.3922354573537498,0,0.4328034770526613,0,0.33811774249951826,0,0,1111.4
48201554001,Harris County,0.5316,3445,30.0103797,-95.5250906,10.667,"Morgans Point, TX",39.0,0.3498945306122449,0.7325561822207347,0.5185185185185186,0.5319191514908945,0.2592592592592593,0.4399564540204177,0.9687131321470814,0.36832321615191344,0,0.5427584266721384,0,0.5482917768558513,0,0.5463715183992196,0,0.5409518808085977,0,0,789.6
48201554002,Harris County,0.0633,4159,30.0017798,-95.5417573,10.667,"Morgans Point, TX",45.0,0.4883483265306122,0.1470057041729037,0.4444444444444444,0.063338002801681,0.2222222222222222,0.614047889491915,0.9947126613892999,0.15866853445400575,0,0.4063606297678659,0,0.437663417562541,0,0.5207015054232609,0,0.3491901919401684,0,0,1061.0
48201554103,Harris County,0.169,5329,30.0103359,-95.5551434,10.667,"Morgans Point, TX",45.0,0.48407624489795925,0.7213161660834013,0.4444444444444444,0.16910146087652594,0.2222222222222222,0.6086761853869695,0.9692122097487595,0.2009739176839437,0,0.439003258633204,0,0.47171219296920874,0,0.5289705245520968,0,0.3940196256737577,0,0,1013.0
48201554104,Harris County,0.1247,4189,30.0216841,-95.5602832,10.667,"Morgans Point, TX",46.0,0.4541260408163265,1.5015415275916109,0.4320987654320988,0.12477486491895139,0.2160493827160494,0.5710168782755201,0.9345687539536536,0.17953957559721018,0,0.3967103423198721,0,0.42752520014465034,0,0.4873555014535125,0,0.35138776275305206,0,0,1073.8
48201554201,Harris County,0.342,6812,30.0021659,-95.5646443,10.667,"Morgans Point, TX",46.0,0.44619836734693885,0.1580807745187295,0.4320987654320988,0.3422053231939164,0.2160493827160494,0.5610486426985863,0.994220907687252,0.2665117589071962,0,0.4992332212462125,0,0.5235448970706681,0,0.5515758539303113,0,0.47306190490416317,0,0,894.2
48201554202,Harris County,0.5346,3543,30.0061995,-95.5751032,10.667,"Morgans Point, TX",49.0,0.3089149387755102,0.4322252013610849,0.3950617283950617,0.5349209525715429,0.19753086419753085,0.38842882402246853,0.9820483857450928,0.3324868995471357,0,0.512684691296543,0,0.5149914794198844,0,0.5052726042048764,0,0.5163907348423764,0,0,865.2
48201554301,Harris County,0.1338,7742,29.9890785,-95.5943404,10.667,"Morgans Point, TX",45.0,0.417981306122449,0.7551740969488575,0.4444444444444444,0.13388032819691817,0.2222222222222222,0.5255685848151975,0.967708854706591,0.1868854646121006,0,0.3984322078642074,0,0.41941626561551015,0,0.4866161677533038,0,0.3543402279196592,0,0,1074.4
48201554302,Harris County,0.1691,4286,29.974321,-95.6143116,10.667,"Morgans Point, TX",47.0,0.25072726530612244,1.6260511414464822,0.41975308641975306,0.16920152091254753,0.20987654320987653,0.3152637978573128,0.9290402957460033,0.19360653429094493,0,0.3307697802426638,0,0.32610550000105887,0,0.3846258666860358,0,0.3038417370209777,0,0,1152.0
48201554404,Harris County,0.1398,4658,29.977581,-95.640576,10.667,"Morgans Point, TX",45.0,0.28008457142857146,1.1649407666416713,0.4444444444444444,0.13988393035821495,0.2222222222222222,0.3521775966486923,0.9495144531808961,0.1892869054766193,0,0.3408688514627442,0,0.3386735041469231,0,0.40786382516425396,0,0.30737136461198933,0,0,1143.6
48201554405,Harris County,0.1083,8856,29.9862557,-95.7131058,10.667,"Morgans Point, TX",48.0,0.23089885714285713,0.15781324895081822,0.40740740740740744,0.10836501901140684,0.20370370370370372,0.2903316100659944,0.9942327863195591,0.16556822982678499,0,0.31710430110961746,0,0.303856535800933,0,0.386684061809021,0,0.2823144207599157,0,0,1165.8
48201554406,Harris County,0.1426,4780,30.0135715,-95.714333,10.667,"Morgans Point, TX",51.0,0.17334979591836736,1.968242488497259,0.37037037037037035,0.1426856113668201,0.18518518518518517,0.21796957324242028,0.9138463641079626,0.16818535565783915,0,0.27722725215882327,0,0.26208435875893565,0,0.32207446575615767,0,0.2548036453601561,0,0,1185.0
48201554407,Harris County,0.0874,5934,29.9887021,-95.6857695,10.667,"Morgans Point, TX",48.0,0.2751910204081633,0.04611504013819497,0.40740740740740744,0.08745247148288975,0.20370370370370372,0.346024458585232,0.9991923943383404,0.15720321081537814,0,0.32772304837511346,0,0.32199580082275847,0,0.4078132406725214,0,0.2876779522264095,0,0,1157.6
48201554408,Harris County,0.1584,9967,30.003513,-95.6730825,10.667,"Morgans Point, TX",51.0,0.2309512653061224,0.9065688990655638,0.37037037037037035,0.15849509705823497,0.18518518518518517,0.2903975079513702,0.9609866441844921,0.17450914993440508,0,0.3209750053843766,0,0.31214623492013804,0,0.3751349748264239,0,0.29389502066335305,0,0,1163.0
48201554409,Harris County,0.0985,7167,29.9713163,-95.6695965,10.667,"Morgans Point, TX",50.0,0.47533812244897955,1.3308238958844283,0.3827160493827161,0.09855913548128878,0.19135802469135804,0.5976888934143788,0.9421489340135025,0.15423846900733032,0,0.38921652123244166,0,0.4252930085978842,0,0.4861023164828259,0,0.3407736236072495,0,0,1086.0
48201554410,Harris County,0.066,3597,29.9597961,-95.653965,10.667,"Morgans Point, TX",49.0,0.21521297959183672,2.2542263147122377,0.3950617283950617,0.06603962377426456,0.19753086419753085,0.2706082292704447,0.9011481508347586,0.14493436802822435,0,0.2629340230492747,0,0.25532857080553356,0,0.3285654894742781,0,0.23011828983677302,0,0,1190.0
48201554501,Harris County,0.0514,6010,30.0099953,-95.6608637,10.667,"Morgans Point, TX",60.0,0.06917477551020407,1.2444425580655587,0.2592592592592593,0.05143085851510907,0.12962962962962965,0.08698017910675723,0.9459844259186431,0.09835012118382142,0,0.19239714737430638,0,0.16056716441958443,0,0.23938591032737216,0,0.1689027658977735,0,0,1204.4
48201554502,Harris County,0.0613,5865,29.9897522,-95.6389888,10.667,"Morgans Point, TX",48.0,0.28573265306122453,0.34491033580279007,0.40740740740740744,0.061336802081248754,0.20370370370370372,0.3592794795011387,0.9859253280164606,0.14675694305472173,0,0.3172730104922765,0,0.3145663766226367,0,0.4025850799626191,0,0.2746169757571052,0,0,1165.6
48201554600,Harris County,0.1555,4639,30.003665,-95.618923,10.667,"Morgans Point, TX",44.0,0.34371363265306126,0.4422018846408548,0.45679012345679015,0.15559335601360816,0.22839506172839508,0.4321846093333167,0.9816054024697013,0.1992743794424803,0,0.38417049999110775,0,0.39012636396977124,0,0.46036288131694103,0,0.34607430932819117,0,0,1093.6
48201554701,Harris County,0.4268,3181,30.0029583,-95.5883784,10.667,"Morgans Point, TX",44.0,0.47806146938775507,0.21821172254461801,0.45679012345679015,0.42705623374024415,0.22839506172839508,0.6011132226262546,0.991550981865018,0.30785953053313475,0,0.5487419385429299,0,0.5779434561580418,0,0.5893038401438251,0,0.5284609877424822,0,0,780.0
48201554702,Harris County,0.0776,4808,30.005473,-95.601681,10.667,"Morgans Point, TX",47.0,0.44431510204081626,0.3913003774089462,0.41975308641975306,0.07764658795277167,0.20987654320987653,0.5586806299016684,0.9838655239713712,0.15698456110703457,0,0.38749534628914606,0,0.41287725657661983,0,0.4907782657346042,0,0.335853886566417,0,0,1089.2
48201554803,Harris County,0.0448,7044,30.0786071,-95.5810113,10.667,"Morgans Point, TX",51.0,0.08937942857142857,5.432239216225873,0.37037037037037035,0.04482689613768261,0.18518518518518517,0.11238545623405287,0.7600384729116504,0.12904186956618416,0,0.15689600321427488,0,0.1397967278886442,0,0.19425237223980565,0,0.1382178187015095,0,0,1207.4
48201554804,Harris County,0.2763,4391,30.0615711,-95.5594272,10.667,"Morgans Point, TX",53.0,0.18878783673469388,4.254472944149384,0.345679012345679,0.2764658795277166,0.1728395061728395,0.23738132478563173,0.812333483810523,0.21429005551479036,0,0.3011782134023883,0,0.29850294908580516,0,0.3094156580272789,0,0.297059491089943,0,0,1163.8
48201554805,Harris County,0.4247,9361,30.0311806,-95.583542,10.667,"Morgans Point, TX",53.0,0.27976718367346937,2.15513039891498,0.345679012345679,0.4249549729837903,0.1728395061728395,0.3517785141279113,0.9055481936272176,0.27368569289721983,0,0.42555482591593036,0,0.43125453614509845,0,0.4257547768933104,0,0.42545485042724035,0,0,1020.2
48201554806,Harris County,0.0406,1846,30.059152,-95.5981573,10.667,"Morgans Point, TX",54.0,0.2283652244897959,4.088540062407749,0.33333333333333337,0.04062437462477486,0.16666666666666669,0.2871458270933921,0.8197012120813123,0.11624974984990995,0,0.22279152056195595,0,0.22711196300286593,0,0.28351390254101627,0,0.19243032957242576,0,0,1198.6
48201554807,Harris County,0.5013,6667,30.0325647,-95.5932037,10.667,"Morgans Point, TX",49.0,0.09886424489795918,2.2521249402684047,0.3950617283950617,0.5016009605763458,0.19753086419753085,0.1243116391062276,0.9012414557646486,0.31915890274905684,0,0.391398020535081,0,0.36291956347296844,0,0.35466370718799267,0,0.40976517720862515,0,0,1046.0
48201554808,Harris County,0.1739,3166,30.0372701,-95.5754111,10.667,"Morgans Point, TX",54.0,0.3540592653061224,2.576270034803245,0.33333333333333337,0.17400440264158495,0.16666666666666669,0.4451931803694921,0.8868488112702284,0.169601761056634,0,0.3466278713708917,0,0.36776928420825816,0,0.4041690276139939,0,0.31785729324934053,0,0,1136.4
48201554809,Harris County,0.3287,10245,30.0537697,-95.5753629,10.667,"Morgans Point, TX",57.0,0.35809885714285716,3.7158913442442643,0.2962962962962963,0.3288973384030418,0.14814814814814814,0.45027255242217845,0.8362475075898873,0.22044782425010562,0,0.3885408626821517,0,0.41629470757174103,0,0.4084220374418551,0,0.3786002753023001,0,0,1083.2
48201554902,Harris County,0.2122,10906,30.0975632,-95.520548,10.667,"Morgans Point, TX",52.0,0.28794644897959176,6.741964493660152,0.3580246913580247,0.21232739643786272,0.17901234567901236,0.3620631006125218,0.701884236980613,0.1923383659825525,0,0.2819095482326895,0,0.3058994343163096,0,0.3051035988309651,0,0.2703125229335517,0,0,1176.0
48201554904,Harris County,0.1754,4008,30.070044,-95.5211691,10.667,"Morgans Point, TX",42.0,0.4436344489795918,4.840199405401163,0.4814814814814815,0.17550530318190916,0.24074074074074076,0.5578247785492324,0.7863261405870532,0.21464656571720814,0,0.37420286793721474,0,0.4136610175411994,0,0.44043538952231664,0,0.3410866071446638,0,0,1095.2
48201554905,Harris County,0.118,7231,30.0607645,-95.5315089,10.667,"Morgans Point, TX",51.0,0.25117526530612244,4.1991336001703665,0.37037037037037035,0.1180708425055033,0.18518518518518517,0.31582711186812706,0.8147906535097511,0.15833944811331244,0,0.2670063257282716,0,0.27425813913381436,0,0.31665148680252775,0,0.24218374519114358,0,0,1186.4
48201554906,Harris County,0.1798,4242,30.0530825,-95.5008906,10.667,"Morgans Point, TX",43.0,0.45467004081632656,3.66802620449384,0.4691358024691358,0.17990794476686012,0.2345679012345679,0.5717009024315088,0.8383728087334762,0.21270391864748478,0,0.39466521382619313,0,0.432194615536647,0,0.4662509701793041,0,0.3588723356496376,0,0,1069.2
48201554907,Harris County,0.3206,4245,30.0770221,-95.5344217,10.667,"Morgans Point, TX",49.0,0.3065910204081632,5.322701874536753,0.3950617283950617,0.32079247548529116,0.19753086419753085,0.3855067352360509,0.7649021344150204,0.246835508712635,0,0.35815355226752893,0,0.3785412904609008,0,0.3706072445282749,0,0.351926706137156,0,0,1102.8
48201554908,Harris County,0.3403,7642,30.0886061,-95.5465971,10.667,"Morgans Point, TX",46.0,0.27718979591836734,6.122981561663646,0.4320987654320988,0.34050430258154896,0.2160493827160494,0.3485377136061479,0.7293682292993124,0.2658313506622492,0,0.3491415661900793,0,0.36570618617120393,0,0.35202065405958943,0,0.3477020222553242,0,0,1104.0
48201555001,Harris County,0.0846,2288,30.067281,-95.460054,10.667,"Morgans Point, TX",45.0,0.3403289795918368,4.64875231748486,0.4444444444444444,0.08465079047428457,0.2222222222222222,0.4279287555584662,0.7948267470201862,0.16719364952304716,0,0.2940690452843159,0,0.3158545941817107,0,0.3638751302209931,0,0.25916600281597735,0,0,1172.2
48201555002,Harris County,0.131,5351,30.062073,-95.4871411,10.667,"Morgans Point, TX",46.0,0.4082665306122449,4.2892417742860145,0.4320987654320988,0.131078647188313,0.2160493827160494,0.5133532518758829,0.8107896831481637,0.18206108850495484,0,0.34244164502015584,0,0.37557660003972243,0,0.41289597763077013,0,0.3072144787148487,0,0,1135.2
48201555101,Harris County,0.5414,4490,30.0789393,-95.4883887,10.667,"Morgans Point, TX",45.0,0.2805300408163265,5.455800445608973,0.4444444444444444,0.5417250350210127,0.2222222222222222,0.352737728674387,0.7589923105476971,0.3500233473417384,0,0.4421486016009103,0,0.45626285740464534,0,0.40895645712754286,0,0.45874467383759404,0,0,964.4
48201555102,Harris County,0.3183,5696,30.077085,-95.4518284,10.667,"Morgans Point, TX",47.0,0.3659860408163265,5.26771834570838,0.41975308641975306,0.3184910946567941,0.20987654320987653,0.46018987623720203,0.7673435052604165,0.2533223637886436,0,0.3852365020028675,0,0.41501602907380714,0,0.40748497111822535,0,0.37411226744518866,0,0,1072.6
48201555200,Harris County,0.4735,12448,30.0968234,-95.4685384,10.667,"Morgans Point, TX",48.0,0.0034290612244897963,6.691162260721892,0.40740740740740744,0.4737842705623374,0.20370370370370372,0.004311692481461858,0.7041399505191824,0.3117359304471572,0,0.2829530091670659,0,0.2536243114354355,0,0.21934258870197537,0,0.3147582193996111,0,0,1127.0
48201555301,Harris County,0.2145,4586,30.1234693,-95.5170643,10.667,"Morgans Point, TX",49.0,0.27766171428571423,8.531006045301304,0.3950617283950617,0.21462877726635982,0.19753086419753085,0.3491311025085744,0.622447467852677,0.20437002942506244,0,0.2597155238249438,0,0.28705037654134297,0,0.27474443934447185,0,0.2522010660651798,0,0,1178.8
48201555303,Harris County,0.0999,14028,30.1348325,-95.5687953,10.667,"Morgans Point, TX",63.0,0.33478783673469387,9.316135047194141,0.2222222222222222,0.09995997598559136,0.1111111111111111,0.42096133723848445,0.5875862813129928,0.10665065706090321,0,0.19837030170645348,0,0.24628107133691676,0,0.2311737436134075,0,0.18196858075297645,0,0,1202.0
48201555304,Harris County,0.2805,9655,30.1260677,-95.5366034,10.667,"Morgans Point, TX",49.0,0.19561575510204082,8.710895364014927,0.3950617283950617,0.2806684010406244,0.19753086419753085,0.24596673121648524,0.6144600478477434,0.23078587893476826,0,0.251341692129914,0,0.26464348719296765,0,0.24156612249301057,0,0.25622947694836573,0,0,1174.4
48201555305,Harris County,0.2734,12079,30.147498,-95.5291406,10.667,"Morgans Point, TX",55.0,0.38130955102040814,10.191664531031876,0.32098765432098764,0.27356413848308986,0.16049382716049382,0.4794576172925905,0.5487111454009626,0.20572195168953222,0,0.28940966000345814,0,0.344768170783678,0,0.2946915005102476,0,0.28676873975006345,0,0,1162.2
48201555401,Harris County,0.2685,2619,30.1074172,-95.6076922,10.667,"Morgans Point, TX",57.0,0.21166155102040815,7.436137509440154,0.2962962962962963,0.26866119671803085,0.14814814814814814,0.26614267241175793,0.6710616652305189,0.19635336757610122,0,0.2551131916780925,0,0.27067756672233456,0,0.25059718999811303,0,0.2573711925180822,0,0,1184.0
48201555403,Harris County,0.3909,5192,30.1119553,-95.6321573,10.667,"Morgans Point, TX",68.0,0.30838,7.938942414860145,0.16049382716049387,0.3911346808084851,0.08024691358024694,0.38775619342610085,0.6487361931633094,0.20460202047154222,0,0.3139264239905921,0,0.3545215197621422,0,0.28819033838462776,0,0.32679446679357427,0,0,1150.2
48201555404,Harris County,0.8713,4163,30.0821798,-95.6173684,10.667,"Morgans Point, TX",58.0,0.17109069387755102,5.771808049996861,0.28395061728395066,0.8718230938563137,0.14197530864197533,0.21512898433293173,0.7449609857361491,0.4339144227277107,0,0.5016089299981972,0,0.5041283388643935,0,0.37820420871215843,0,0.5633112906412167,0,0,852.6
48201555501,Harris County,0.4428,6109,30.074519,-95.6557622,10.667,"Morgans Point, TX",55.0,0.0380461224489796,5.5973041624083875,0.32098765432098764,0.44306583950370226,0.16049382716049382,0.047839093376482435,0.7527092825924053,0.2735226320977772,0,0.28596685798604593,0,0.2623895609766197,0,0.23360053081349386,0,0.31215002157232197,0,0,1143.0
48201555503,Harris County,0.2293,13599,30.0371605,-95.6531192,10.667,"Morgans Point, TX",53.0,0.46228212244897954,3.021438442985971,0.345679012345679,0.22943766259755854,0.1728395061728395,0.5812723136706497,0.8670825067752754,0.19547876874272713,0,0.4071382754846647,0,0.44884548022904075,0,0.4663718131137001,0,0.37752150667014694,0,0,1059.6
48201555504,Harris County,0.1249,7233,30.0274335,-95.6238958,10.667,"Morgans Point, TX",53.0,0.4270597551020408,2.092764352230432,0.345679012345679,0.1249749849909946,0.1728395061728395,0.5369838024640061,0.9083173619829541,0.15369369770010155,0,0.3643974329022982,0,0.39627552838913066,0,0.4442049155393994,0,0.3244936915837476,0,0,1115.2
48201555505,Harris County,0.2163,10277,30.0146297,-95.6149184,10.667,"Morgans Point, TX",50.0,0.2885767346938775,1.1415360603499065,0.3827160493827161,0.21642985791474886,0.19135802469135804,0.3628556201966138,0.9505536656287571,0.20138675798071437,0,0.3654943664092482,0,0.367362591149343,0,0.41518253590741466,0,0.340650281660165,0,0,1117.0
48201555600,Harris County,0.323,6911,30.058696,-95.7296478,10.667,"Morgans Point, TX",61.0,0.16443346938775508,5.189509442215909,0.24691358024691357,0.32319391634980993,0.12345679012345678,0.20675820793061547,0.7708161258961872,0.20335164061399805,0,0.28183357627285544,0,0.2825341579707613,0,0.26804679624720396,0,0.2887269662856812,0,0,1174.8
48201555701,Harris County,0.14,11826,30.009967,-95.740363,10.667,"Morgans Point, TX",60.0,0.4105789387755102,1.9588220382002832,0.2592592592592593,0.14008405043025818,0.12962962962962965,0.5162608677622413,0.9142646496053763,0.13381139794988106,0,0.35229202290163125,0,0.38438881062685853,0,0.42302801372542226,0,0.3169240274897357,0,0,1130.0
48201555703,Harris County,0.1814,6646,30.0004953,-95.7489515,10.667,"Morgans Point, TX",58.0,0.44993942857142855,1.3902990109555018,0.28395061728395066,0.18150890534320593,0.14197530864197533,0.565752643151865,0.9395081283930716,0.15778874732246756,0,0.39611764711293584,0,0.4320709823256907,0,0.4676538943695125,0,0.36034952348464755,0,0,1078.8
48201555704,Harris County,0.0272,8099,30.0131548,-95.7659789,10.667,"Morgans Point, TX",58.0,0.39341722448979594,2.4823421507553176,0.28395061728395066,0.027216329797878726,0.14197530864197533,0.4946817737739966,0.8910193838502481,0.09607171710433669,0,0.296979349952312,0,0.3269269786491043,0,0.38690035667045647,0,0.2520188465932398,0,0,1170.8
48201556000,Harris County,0.731,11421,30.0771931,-95.8554199,10.667,"Morgans Point, TX",81.0,0.01703673469387755,9.212268115970712,0.0,0.7314388633179908,0.0,0.021421944981219104,0.5921981660554427,0.2925755453271963,0,0.2925755453271963,0,0.2925755453271963,0,0.14628777266359816,0,0.3657194316589954,0,0,1119.0
48201556100,Harris County,0.0666,3821,30.021634,-95.5443711,10.667,"Morgans Point, TX",44.0,0.4455591020408163,1.4967045592891852,0.45679012345679015,0.06663998399039425,0.22839506172839508,0.5602448321995543,0.934783524333898,0.16369303063319474,0,0.37401614684057705,0,0.40222471036263335,0,0.47647486779063797,0,0.3227867863655466,0,0,1101.6
48201980000,Harris County,0.0678,13,29.6471554,-95.2762041,10.667,"Morgans Point, TX",13.0,0.44910848979591833,2.9798289547201087,0.8395061728395061,0.0678407044226536,0.41975308641975306,0.5647078229412095,0.8689300453692643,0.27898813362091324,0,0.4151753040441851,0,0.43332922419000997,0,0.530953503918029,0,0.3572862041072632,0,0,1011.2
48201980200,Harris County,0.0802,9090,29.7663846,-95.3513042,10.667,"Morgans Point, TX",5.0,0.6609513469387754,0.5282494554901641,0.9382716049382716,0.0802481488893336,0.4691358024691358,0.8310784691900698,0.9777847304381847,0.3135807410372149,0,0.5530374320154444,0,0.5957020394213316,0,0.7106338597241482,0,0.47423921816109266,0,0,698.4
48201980700,Harris County,0.1413,1604,29.762179,-95.365248,10.667,"Morgans Point, TX",22.0,0.6364641632653061,0.17152406242212268,0.7283950617283951,0.14138483089853915,0.36419753086419754,0.800288349438626,0.9936240007252407,0.2750724508779342,0,0.5399677045980613,0,0.5858309145947603,0,0.6728286624979022,0,0.473537225648141,0,0,755.4
