tract_id,COUNTY,svi,population,lat,lon,flood_days,nearest_station,elevation_m,infra_count,flood_days_norm,svi_norm,low_lying_norm,infrastructure_norm,coverage_norm,score
48167722600,Galveston County,0.931,2702,29.3892824,-94.9619207,34.0,"Eagle Point, TX",4.0,0.0,1.0,0.9315589353612168,0.967741935483871,0.0,0.15931030986035394,0.7357212922395617
48167721902,Galveston County,0.9184,6306,29.4376953,-94.9821525,34.0,"Eagle Point, TX",3.0,0.0,1.0,0.9189513708224936,0.9758064516129032,0.0,0.14359767569854773,0.7327871143004738
48167722800,Galveston County,0.9469,3035,29.3657666,-94.9646367,34.0,"Eagle Point, TX",11.0,0.0,1.0,0.9474684810886532,0.9112903225806451,0.0,0.1647654875918811,0.7241041898599776
48167723700,Galveston County,0.8599,2727,29.3437883,-94.9829223,34.0,"Eagle Point, TX",3.0,0.0,1.0,0.86041624974985,0.9758064516129032,0.0,0.1673567675371986,0.7176024871625459
48167722200,Galveston County,0.8798,2842,29.390097,-94.9014714,34.0,"Eagle Point, TX",6.0,0.0,1.0,0.880328196918151,0.9516129032258065,0.0,0.1708521599820688,0.716667546041394
48167721701,Galveston County,0.8861,2998,29.5086936,-94.9851915,34.0,"Eagle Point, TX",12.0,0.0,1.0,0.8866319791875126,0.9032258064516129,0.0,0.12684017150316318,0.6996413528420539
48167721702,Galveston County,0.8776,2814,29.5056966,-94.9942414,34.0,"Eagle Point, TX",13.0,0.0,1.0,0.8781268761256755,0.8951612903225806,0.0,0.12552807968608817,0.6945392579030857
48167722300,Galveston County,0.8436,7283,29.390119,-94.9240602,34.0,"Eagle Point, TX",11.0,0.0,1.0,0.844106463878327,0.9112903225806451,0.0,0.16634672123619015,0.6932537080613106
48167721102,Galveston County,0.7791,6299,29.4731586,-95.0380543,34.0,"Eagle Point, TX",8.0,0.0,1.0,0.7795677406443867,0.935483870967742,0.0,0.12425463233819643,0.6769409467174583
48201341201,Harris County,0.7499,4840,29.5257658,-95.1129325,34.0,"Eagle Point, TX",6.0,0.0,1.0,0.7503502101260757,0.9516129032258065,0.0,0.09728814551313211,0.6703177485568779
48167723000,Galveston County,0.7439,4137,29.3738302,-94.9866832,34.0,"Eagle Point, TX",10.0,0.0,1.0,0.7443466079647789,0.9193548387096774,0.0,0.15879656068506004,0.6649900900708429
48167722900,Galveston County,0.7589,2637,29.3632862,-94.9801192,34.0,"Eagle Point, TX",15.0,0.0,1.0,0.7593556133680208,0.8790322580645161,0.0,0.1626864802740004,0.6577850094571611
48167723100,Galveston County,0.6883,3821,29.3910239,-95.0164301,34.0,"Eagle Point, TX",7.0,0.0,1.0,0.6887132279367622,0.9435483870967742,0.0,0.14918095036124046,0.654596579546185
48167720900,Galveston County,0.7561,4775,29.4517166,-95.0562379,34.0,"Eagle Point, TX",19.0,0.0,1.0,0.7565539323594157,0.8467741935483871,0.0,0.12641320511114287,0.6436397582834552
48167724600,Galveston County,0.9685,1724,29.2976535,-94.8080731,18.0,"Galveston Pier 21, TX",9.0,0.0,0.3142857142857143,0.9690814488693217,0.9274193548387096,0.0,0.21121633352894217,0.6372147316081608
48167721600,Galveston County,0.6574,1962,29.5313914,-95.0098498,34.0,"Eagle Point, TX",10.0,0.0,1.0,0.6577946768060836,0.9193548387096774,0.0,0.11665703765109779,0.634810558419838
48167722002,Galveston County,0.5616,3433,29.4013196,-94.9310115,34.0,"Eagle Point, TX",1.0,0.0,1.0,0.5619371622973784,0.9919354838709677,0.0,0.16231363086212106,0.6323931569367158
48167721301,Galveston County,0.6189,3651,29.5169711,-95.0837208,34.0,"Eagle Point, TX",7.0,0.0,1.0,0.6192715629377626,0.9435483870967742,0.0,0.10484421597940527,0.6293304066083016
48167722700,Galveston County,0.6186,5334,29.3867309,-94.9893812,34.0,"Eagle Point, TX",10.0,0.0,1.0,0.6189713828296979,0.9193548387096774,0.0,0.15497832463887465,0.6269956989257001
48167725100,Galveston County,0.9022,1887,29.2907716,-94.8095777,18.0,"Galveston Pier 21, TX",6.0,0.0,0.3142857142857143,0.9027416449869923,0.9516129032258065,0.0,0.21254303100380487,0.6247035247070771
48167721800,Galveston County,0.5571,5100,29.482223,-94.9438244,34.0,"Eagle Point, TX",4.0,0.0,1.0,0.5574344606764059,0.967741935483871,0.0,0.14147441484555698,0.6217003603326388
48167723200,Galveston County,0.6086,5923,29.3727169,-95.0232028,34.0,"Eagle Point, TX",11.0,0.0,1.0,0.6089653792275366,0.9112903225806451,0.0,0.15297029751093766,0.6213737402935483
48167725200,Galveston County,0.8895,1730,29.288466,-94.825915,18.0,"Galveston Pier 21, TX",8.0,0.0,0.3142857142857143,0.8900340204122473,0.935483870967742,0.0,0.2098943112620537,0.6157876556830593
48167720800,Galveston County,0.6174,3649,29.4668759,-95.0718982,34.0,"Eagle Point, TX",16.0,0.0,1.0,0.6177706623974384,0.8709677419354839,0.0,0.1197444341693007,0.6085959647168068
48167721302,Galveston County,0.4814,1637,29.5313975,-95.0864098,34.0,"Eagle Point, TX",0.0,0.0,1.0,0.4816890134080448,1.0,0.0,0.1007998112794688,0.6045866851503603
48167721000,Galveston County,0.4851,2074,29.464296,-94.9919613,34.0,"Eagle Point, TX",3.0,0.0,1.0,0.4853912347408445,0.9758064516129032,0.0,0.13534894850681875,0.6018942007568061
48167724700,Galveston County,0.8146,1791,29.2946041,-94.7998089,18.0,"Galveston Pier 21, TX",6.0,0.0,0.3142857142857143,0.8150890534320593,0.9516129032258065,0.0,0.21358533322300585,0.5985119774625174
48167724400,Galveston County,0.8372,3704,29.299008,-94.7843945,18.0,"Galveston Pier 21, TX",9.0,0.0,0.3142857142857143,0.8377026215729438,0.9274193548387096,0.0,0.21568461254262325,0.5982479113206156
48167723401,Galveston County,0.5312,1966,29.4159751,-95.1700594,34.0,"Eagle Point, TX",10.0,0.0,1.0,0.5315189113468081,0.9193548387096774,0.0,0.12051127132904832,0.5973132521498504
48167721901,Galveston County,0.5003,4606,29.4352815,-95.0430108,34.0,"Eagle Point, TX",8.0,0.0,1.0,0.5006003602161296,0.935483870967742,0.0,0.13299450330168944,0.5941247196853304
48167721703,Galveston County,0.465,3788,29.4942773,-94.9706455,34.0,"Eagle Point, TX",4.0,0.0,1.0,0.46527916750050036,0.967741935483871,0.0,0.13307222305996366,0.5932135532013078
48167721103,Galveston County,0.4627,3665,29.4793964,-95.0137979,34.0,"Eagle Point, TX",5.0,0.0,1.0,0.46297778667200323,0.9596774193548387,0.0,0.12744456455434444,0.589541018263487
48167721101,Galveston County,0.4499,3271,29.4806668,-95.0555602,34.0,"Eagle Point, TX",6.0,0.0,1.0,0.4501701020612368,0.9516129032258065,0.0,0.11912539780352212,0.5824474413664652
48167724101,Galveston County,0.7085,1064,29.3220243,-94.743232,18.0,"Galveston Pier 21, TX",0.0,0.0,0.3142857142857143,0.7089253552131279,1.0,0.0,0.21922739383922793,0.5817432030907183
48167724000,Galveston County,0.7237,3513,29.3510179,-94.823586,18.0,"Galveston Pier 21, TX",3.0,0.0,0.3142857142857143,0.7241344806884131,0.9758064516129032,0.0,0.19577629771978874,0.5767027666052309
48167720510,Galveston County,0.4804,4463,29.4879695,-95.1224093,34.0,"Eagle Point, TX",12.0,0.0,1.0,0.4806884130478287,0.9032258064516129,0.0,0.10576387349125081,0.5757506531989576
48167723503,Galveston County,0.4533,3002,29.3825245,-95.1538766,34.0,"Eagle Point, TX",10.0,0.0,1.0,0.45357214328597156,0.9193548387096774,0.0,0.13242240496126023,0.5751203350948206
48201323500,Harris County,0.9966,5524,29.663573,-95.2013272,10.666666666666666,"Morgans Point, TX",13.0,0.0,0.0,0.9971983189913949,0.8951612903225806,0.0,0.046931249258855876,0.5724010077200782
48167725800,Galveston County,0.7281,5107,29.2834323,-94.8633315,18.0,"Galveston Pier 21, TX",6.0,0.0,0.3142857142857143,0.728537122273364,0.9516129032258065,0.0,0.20404661805892654,0.5715925265985009
48201323601,Harris County,0.9864,3578,29.6521843,-95.1931237,10.666666666666666,"Morgans Point, TX",13.0,0.0,0.0,0.9869921953171904,0.8951612903225806,0.0,0.05117388115122573,0.5697634338070539
48201323300,Harris County,0.9681,3070,29.6871648,-95.2011254,10.666666666666666,"Morgans Point, TX",11.0,0.0,0.0,0.9686812087252351,0.9112903225806451,0.0,0.0422409934829286,0.5682155587400569
48201253700,Harris County,0.9327,6173,29.7654725,-94.973955,10.666666666666666,"Morgans Point, TX",9.0,0.0,0.0,0.9332599559735841,0.9274193548387096,0.0,0.09958401376240048,0.5681621946199281
48201320800,Harris County,0.9839,4804,29.6598065,-95.2410022,10.666666666666666,"Morgans Point, TX",13.0,0.0,0.0,0.98449069441665,0.8951612903225806,0.0,0.04012650214084296,0.5679082456358535
48201323900,Harris County,0.9944,3141,29.6744801,-95.1649829,10.666666666666666,"Morgans Point, TX",15.0,0.0,0.0,0.9949969981989194,0.8790322580645161,0.0,0.05316793656919846,0.5675255705359504
48201350803,Harris County,0.4652,2998,29.5298847,-95.1496154,34.0,"Eagle Point, TX",13.0,0.0,1.0,0.46547928757254353,0.8951612903225806,0.0,0.0900053780265195,0.5671927111711893
48201310500,Harris County,0.9571,3452,29.7465598,-95.3167847,10.666666666666666,"Morgans Point, TX",9.0,0.0,0.0,0.9576746047628577,0.9274193548387096,0.0,0.004390222100042414,0.5659672100904743
48201322100,Harris County,0.9854,4158,29.6862136,-95.2110294,10.666666666666666,"Morgans Point, TX",14.0,0.0,0.0,0.9859915949569743,0.8870967741935484,0.0,0.04010757106149596,0.5659372678513064
48201233400,Harris County,0.9744,2662,29.7708371,-95.2453025,10.666666666666666,"Morgans Point, TX",12.0,0.0,0.0,0.9749849909945969,0.9032258064516129,0.0,0.022478221628685114,0.5657110613967314
48201233702,Harris County,0.9732,3035,29.7473922,-95.2378885,10.666666666666666,"Morgans Point, TX",12.0,0.0,0.0,0.9737842705623374,0.9032258064516129,0.0,0.024779283479431893,0.5655809514521282
48201322200,Harris County,0.9606,1582,29.7048504,-95.2137873,10.666666666666666,"Morgans Point, TX",11.0,0.0,0.0,0.9611767060236143,0.9112903225806451,0.0,0.036119613289931025,0.565352069910271
48201323000,Harris County,0.982,7169,29.6948991,-95.1919944,10.666666666666666,"Morgans Point, TX",14.0,0.0,0.0,0.9825895537322393,0.8870967741935484,0.0,0.04313547195187471,0.5652194455729238
48201332900,Harris County,0.9798,4953,29.690418,-95.2904739,10.666666666666666,"Morgans Point, TX",13.0,0.0,0.0,0.980388232939764,0.8951612903225806,0.0,0.024161760881112593,0.5650810330668147
48167725000,Galveston County,0.7247,1787,29.2831185,-94.808191,18.0,"Galveston Pier 21, TX",9.0,0.0,0.3142857142857143,0.7251350810486292,0.9274193548387096,0.0,0.2146376308680762,0.5643729509958665
48201233103,Harris County,0.9539,5139,29.7764643,-95.1762714,10.666666666666666,"Morgans Point, TX",11.0,0.0,0.0,0.9544726836101661,0.9112903225806451,0.0,0.0422213021203316,0.5639510320692765
48201233101,Harris County,0.9858,4620,29.7875298,-95.1793273,10.666666666666666,"Morgans Point, TX",15.0,0.0,0.0,0.9863918351010607,0.8790322580645161,0.0,0.04192815109051547,0.5638200430587246
48201321500,Harris County,0.9753,2601,29.665047,-95.2118806,10.666666666666666,"Morgans Point, TX",14.0,0.0,0.0,0.9758855313187913,0.8870967741935484,0.0,0.04438411381056739,0.5633331030347586
48201311400,Harris County,0.958,1471,29.7190269,-95.2752207,10.666666666666666,"Morgans Point, TX",11.0,0.0,0.0,0.9585751450870522,0.9112903225806451,0.0,0.01909597638870393,0.5628692379391796
48201231100,Harris County,0.9937,5256,29.8277499,-95.2500065,10.666666666666666,"Morgans Point, TX",16.0,0.0,0.0,0.9942965779467682,0.8709677419354839,0.0,0.02979495379931096,0.5625587913446067
48201332800,Harris County,0.9956,4433,29.689777,-95.3077088,10.666666666666666,"Morgans Point, TX",16.0,0.0,0.0,0.9961977186311788,0.8709677419354839,0.0,0.02269243004567809,0.5624188811745666
48201332000,Harris County,0.9857,5951,29.6722584,-95.3472142,10.666666666666666,"Morgans Point, TX",15.0,0.0,0.0,0.9862917750650391,0.8790322580645161,0.0,0.02815474284491688,0.5624126842233582
48201323802,Harris County,0.9656,4969,29.673244,-95.1791015,10.666666666666666,"Morgans Point, TX",14.0,0.0,0.0,0.9661797078246949,0.8870967741935484,0.0,0.050001515042736915,0.5609830961097466
48201253502,Harris County,0.912,4317,29.7785633,-95.012249,10.666666666666666,"Morgans Point, TX",9.0,0.0,0.0,0.9125475285171103,0.9274193548387096,0.0,0.088838418412568,0.5608739068480028
48201321200,Harris County,0.9851,4883,29.6369249,-95.2004177,10.666666666666666,"Morgans Point, TX",17.0,0.0,0.0,0.9856914148489093,0.8629032258064516,0.0,0.05328782463377155,0.5599071746599855
48201232304,Harris County,0.9799,7258,29.858073,-95.2225389,10.666666666666666,"Morgans Point, TX",16.0,0.0,0.0,0.9804882929757855,0.8709677419354839,0.0,0.04237062523549533,0.5596738729969304
48201334001,Harris County,0.9757,3413,29.6164272,-95.2262094,10.666666666666666,"Morgans Point, TX",16.0,0.0,0.0,0.9762857714628778,0.8709677419354839,0.0,0.05428447819626928,0.5596045018391353
48201254100,Harris County,0.9422,5669,29.7463599,-94.9558793,10.666666666666666,"Morgans Point, TX",14.0,0.0,0.0,0.9427656593956375,0.8870967741935484,0.0,0.10484592264812363,0.5594433223415681
48201254800,Harris County,0.922,2738,29.7455562,-95.008638,10.666666666666666,"Morgans Point, TX",11.0,0.0,0.0,0.9225535321192716,0.9112903225806451,0.0,0.08984731572328977,0.559137887982304
48201331200,Harris County,0.9892,4744,29.6635175,-95.3705233,10.666666666666666,"Morgans Point, TX",17.0,0.0,0.0,0.9897938763257955,0.8629032258064516,0.0,0.03269112402119815,0.559078243041794
48167722001,Galveston County,0.3246,6539,29.4183141,-94.9251851,34.0,"Eagle Point, TX",2.0,0.0,1.0,0.3247948769261557,0.9838709677419355,0.0,0.15951757220227672,0.5585515106206551
48167723300,Galveston County,0.3777,9365,29.4077754,-95.0618951,34.0,"Eagle Point, TX",8.0,0.0,1.0,0.3779267560536322,0.935483870967742,0.0,0.1372556389326325,0.5577487519996756
48201252601,Harris County,0.9351,3547,29.7911155,-95.1159594,10.666666666666666,"Morgans Point, TX",12.0,0.0,0.0,0.9356613968381029,0.9032258064516129,0.0,0.05989993023950789,0.5576561540108654
48201323100,Harris County,0.93,4098,29.6879241,-95.169993,10.666666666666666,"Morgans Point, TX",11.0,0.0,0.0,0.9305583350010007,0.9112903225806451,0.0,0.049738341701416076,0.5575284314446354
48201230900,Harris County,0.9855,4473,29.818201,-95.282634,10.666666666666666,"Morgans Point, TX",17.0,0.0,0.0,0.9860916549929959,0.8629032258064516,0.0,0.021346565535000743,0.5568331207933344
48201324101,Harris County,0.9227,5441,29.7143094,-95.2051224,10.666666666666666,"Morgans Point, TX",10.0,0.0,0.0,0.9232539523714228,0.9193548387096774,0.0,0.036942331444575274,0.5564768704687876
48201331800,Harris County,0.9625,3685,29.6524884,-95.3437917,10.666666666666666,"Morgans Point, TX",15.0,0.0,0.0,0.9630778467080249,0.8790322580645161,0.0,0.03442943542865892,0.5560759749746281
48201320901,Harris County,0.9515,3649,29.6477726,-95.2437602,10.666666666666666,"Morgans Point, TX",14.0,0.0,0.0,0.9520712427456475,0.8870967741935484,0.0,0.042913290903864254,0.5560417341721452
48201210500,Harris County,0.9934,4711,29.7952549,-95.3603917,10.666666666666666,"Morgans Point, TX",18.0,0.0,0.0,0.9939963978387032,0.8548387096774194,0.0,0.012839266290575906,0.5559344588838944
48167726200,Galveston County,0.6835,2748,29.3590201,-94.9128392,18.0,"Galveston Pier 21, TX",6.0,0.0,0.3142857142857143,0.6839103462077246,0.9516129032258065,0.0,0.17603018128352388,0.5554028501012689
48201311701,Harris County,0.9726,3688,29.6992092,-95.3128178,10.666666666666666,"Morgans Point, TX",16.0,0.0,0.0,0.9731839103462078,0.8709677419354839,0.0,0.019342376642846593,0.5551797333487921
48201421501,Harris County,0.9902,4570,29.7108472,-95.4758568,10.666666666666666,"Morgans Point, TX",20.0,0.0,0.0,0.9907944766860116,0.8387096774193549,0.0,0.04354652199218457,0.5532058984308285
48201310900,Harris County,0.936,4911,29.7357279,-95.3009728,10.666666666666666,"Morgans Point, TX",12.0,0.0,0.0,0.9365619371622975,0.9032258064516129,0.0,0.010010995723926169,0.5529374226565656
48201211700,Harris County,0.9622,3707,29.7965959,-95.3043165,10.666666666666666,"Morgans Point, TX",16.0,0.0,0.0,0.9627776665999601,0.8709677419354839,0.0,0.01203028673849682,0.5513266512344829
48201254300,Harris County,0.9007,5704,29.7418815,-94.974773,10.666666666666666,"Morgans Point, TX",12.0,0.0,0.0,0.901240744446668,0.9032258064516129,0.0,0.09955263753099267,0.5512952290225835
48201311800,Harris County,0.9433,4616,29.699182,-95.3244075,10.666666666666666,"Morgans Point, TX",14.0,0.0,0.0,0.9438663197918752,0.8870967741935484,0.0,0.018887485609814503,0.5511776767566084
48201311502,Harris County,0.9266,3745,29.709965,-95.2795647,10.666666666666666,"Morgans Point, TX",12.0,0.0,0.0,0.9271562937762657,0.9032258064516129,0.0,0.020389309075206117,0.5511535609758842
48201333203,Harris County,0.9449,2558,29.6597943,-95.2630572,10.666666666666666,"Morgans Point, TX",15.0,0.0,0.0,0.9454672803682209,0.8790322580645161,0.0,0.036684591961545734,0.5510183207259757
48201211101,Harris County,0.97,3240,29.7870574,-95.3359408,10.666666666666666,"Morgans Point, TX",17.0,0.0,0.0,0.9705823494096458,0.8629032258064516,0.0,0.007212672750374351,0.5507669398398667
48201342200,Harris County,0.9205,3998,29.6735514,-95.1465361,10.666666666666666,"Morgans Point, TX",13.0,0.0,0.0,0.9210526315789473,0.8951612903225806,0.0,0.05786748461111629,0.55065092503157
48201322000,Harris County,0.8944,3969,29.7015072,-95.2175148,10.666666666666666,"Morgans Point, TX",9.0,0.0,0.0,0.8949369621773064,0.9274193548387096,0.0,0.035763725990716894,0.5502832677038766
48201323400,Harris County,0.9217,7849,29.676607,-95.1995552,10.666666666666666,"Morgans Point, TX",13.0,0.0,0.0,0.9222533520112067,0.8951612903225806,0.0,0.044614551425475636,0.5496858478426838
48201321301,Harris County,0.9287,4065,29.6494261,-95.2190701,10.666666666666666,"Morgans Point, TX",14.0,0.0,0.0,0.9292575545327196,0.8870967741935484,0.0,0.046697391423120196,0.5495760377601924
48201320700,Harris County,0.924,4110,29.6713783,-95.2499807,10.666666666666666,"Morgans Point, TX",13.0,0.0,0.0,0.9245547328397039,0.8951612903225806,0.0,0.035553056586839195,0.5494701126073693
48201254700,Harris County,0.8918,2257,29.7034554,-94.9581652,10.666666666666666,"Morgans Point, TX",12.0,0.0,0.0,0.8923354012407445,0.9032258064516129,0.0,0.10579314976005218,0.5492476772837124
48201320201,Harris County,0.9023,2876,29.7009123,-95.2681003,10.666666666666666,"Morgans Point, TX",10.0,0.0,0.0,0.9028417050230139,0.9193548387096774,0.0,0.024770775488810858,0.5491360406686884
48201233001,Harris County,0.9206,3860,29.7971528,-95.1825606,10.666666666666666,"Morgans Point, TX",13.0,0.0,0.0,0.921152691614969,0.8951612903225806,0.0,0.04177568244667406,0.5490717628259323
48201313801,Harris County,0.9255,1446,29.6887347,-95.3695345,10.666666666666666,"Morgans Point, TX",13.0,0.0,0.0,0.926055633380028,0.8951612903225806,0.0,0.02496321375891728,0.5488613984866744
48167723600,Galveston County,0.3089,4227,29.3036252,-95.0323847,34.0,"Eagle Point, TX",5.0,0.0,1.0,0.3090854512707625,0.9596774193548387,0.0,0.17087001020510031,0.5477158622081905
48201530502,Harris County,0.9764,2412,29.8357583,-95.3975741,10.666666666666666,"Morgans Point, TX",20.0,0.0,0.0,0.9769861917150291,0.8387096774193549,0.0,0.029832744007717057,0.5476920351410869
48201343000,Harris County,0.8735,7663,29.65813,-95.107354,10.666666666666666,"Morgans Point, TX",9.0,0.0,0.0,0.8740244146487893,0.9274193548387096,0.0,0.07009994314473658,0.5474431251607234
48201421104,Harris County,0.9868,4088,29.7230027,-95.4805288,10.666666666666666,"Morgans Point, TX",22.0,0.0,0.0,0.9873924354612769,0.8225806451612903,0.0,0.04351516531140945,0.5473434407179111
48201331400,Harris County,0.964,2953,29.654386,-95.3601789,10.666666666666666,"Morgans Point, TX",19.0,0.0,0.0,0.964578747248349,0.8467741935483871,0.0,0.03467564042796622,0.5468734462818174
48167724900,Galveston County,0.6637,1614,29.28692,-94.8013962,18.0,"Galveston Pier 21, TX",9.0,0.0,0.3142857142857143,0.6640984590754453,0.9274193548387096,0.0,0.21507647417602277,0.5461058487347058
48201313600,Harris County,0.9492,4563,29.6916477,-95.3575745,10.666666666666666,"Morgans Point, TX",17.0,0.0,0.0,0.9497698619171504,0.8629032258064516,0.0,0.022752790580371125,0.5460772053751177
48201211501,Harris County,0.9373,3034,29.7638631,-95.2929525,10.666666666666666,"Morgans Point, TX",15.0,0.0,0.0,0.9378627176305784,0.8790322580645161,0.0,0.0087321641671553,0.5459417091252439
48201230200,Harris County,0.9738,4860,29.8199173,-95.3073371,10.666666666666666,"Morgans Point, TX",20.0,0.0,0.0,0.9743846307784672,0.8387096774193549,0.0,0.01869867556731989,0.5457981600160785
48201333301,Harris County,0.923,5096,29.6321549,-95.2406195,10.666666666666666,"Morgans Point, TX",15.0,0.0,0.0,0.9235541324794878,0.8790322580645161,0.0,0.04774082646664175,0.5455499998098653
48201422404,Harris County,0.9833,2494,29.654967,-95.4970625,10.666666666666666,"Morgans Point, TX",23.0,0.0,0.0,0.9838903342005203,0.814516129032258,0.0,0.05779511877672477,0.5453014508475059
48201320100,Harris County,0.9299,2539,29.6946691,-95.2812699,10.666666666666666,"Morgans Point, TX",15.0,0.0,0.0,0.930458274964979,0.8790322580645161,0.0,0.024186082302534002,0.5452657681391019
48201342300,Harris County,0.901,7954,29.673705,-95.131227,10.666666666666666,"Morgans Point, TX",13.0,0.0,0.0,0.9015409245547329,0.8951612903225806,0.0,0.06169685137771867,0.5451803496009658
48201253800,Harris County,0.8937,8722,29.766428,-94.9479552,10.666666666666666,"Morgans Point, TX",14.0,0.0,0.0,0.8942365419251552,0.8870967741935484,0.0,0.10699439868419217,0.5450994347040303
48201332600,Harris County,0.9274,6737,29.6749892,-95.3068102,10.666666666666666,"Morgans Point, TX",15.0,0.0,0.0,0.9279567740644387,0.8790322580645161,0.0,0.02747324753128145,0.5448440343918145
48201220500,Harris County,0.9994,3310,29.8362058,-95.3814642,10.666666666666666,"Morgans Point, TX",24.0,0.0,0.0,1.0,0.8064516129032258,0.0,0.027314127341569374,0.5446668966051246
48201330902,Harris County,0.9652,2860,29.605594,-95.404806,10.666666666666666,"Morgans Point, TX",21.0,0.0,0.0,0.9657794676806084,0.8306451612903226,0.0,0.05397378541972866,0.5443247672332522
48201333501,Harris County,0.9382,3157,29.6683005,-95.2801569,10.666666666666666,"Morgans Point, TX",17.0,0.0,0.0,0.9387632579547729,0.8629032258064516,0.0,0.03198505273872757,0.5436984504022401
48201231200,Harris County,0.9741,6230,29.875083,-95.2473537,10.666666666666666,"Morgans Point, TX",22.0,0.0,0.0,0.9746848108865319,0.8225806451612903,0.0,0.042465860944868594,0.5434262229088336
48201231500,Harris County,0.9599,2866,29.859841,-95.2965469,10.666666666666666,"Morgans Point, TX",20.0,0.0,0.0,0.9604762857714629,0.8387096774193549,0.0,0.03213238637177683,0.542969027594423
48201233104,Harris County,0.9069,2748,29.7766026,-95.1662698,10.666666666666666,"Morgans Point, TX",14.0,0.0,0.0,0.9074444666800081,0.8870967741935484,0.0,0.04505779801050621,0.5428681520631176
48201422304,Harris County,0.9813,3813,29.6531035,-95.506412,10.666666666666666,"Morgans Point, TX",24.0,0.0,0.0,0.981889133480088,0.8064516129032258,0.0,0.060320087022824806,0.5425342326172766
48201232701,Harris County,0.9993,7941,29.7886493,-95.2278273,10.666666666666666,"Morgans Point, TX",25.0,0.0,0.0,0.9998999399639784,0.7983870967741935,0.0,0.028621691252526532,0.5423482801467041
48201233105,Harris County,0.9283,4679,29.7830028,-95.1613706,10.666666666666666,"Morgans Point, TX",17.0,0.0,0.0,0.9288573143886333,0.8629032258064516,0.0,0.04671035948504221,0.5421991980070298
48201422800,Harris County,0.9619,5360,29.6900285,-95.517789,10.666666666666666,"Morgans Point, TX",22.0,0.0,0.0,0.9624774864918951,0.8225806451612903,0.0,0.05720751016816758,0.5412381905127723
48201230600,Harris County,0.9796,2983,29.8448725,-95.3092658,10.666666666666666,"Morgans Point, TX",23.0,0.0,0.0,0.9801881128677207,0.814516129032258,0.0,0.02650064463542232,0.5410613370335359
48201422200,Harris County,0.9676,5732,29.6401541,-95.5018992,10.666666666666666,"Morgans Point, TX",23.0,0.0,0.0,0.9681809085451272,0.814516129032258,0.0,0.0618484384856108,0.5409939551217766
48201211200,Harris County,0.9592,2207,29.7981731,-95.3203735,10.666666666666666,"Morgans Point, TX",20.0,0.0,0.0,0.9597758655193117,0.8387096774193549,0.0,0.010852048888633843,0.5406308677704634
48201341203,Harris County,0.3019,2653,29.541553,-95.0979108,34.0,"Eagle Point, TX",4.0,0.0,1.0,0.3020812487492496,0.967741935483871,0.0,0.09612429689892159,0.5405593849598284
48201432806,Harris County,0.993,4827,29.7110597,-95.5124738,10.666666666666666,"Morgans Point, TX",26.0,0.0,0.0,0.9935961576946168,0.7903225806451613,0.0,0.05336613415822584,0.540512234917756
48201220800,Harris County,0.995,3897,29.8308466,-95.3387038,10.666666666666666,"Morgans Point, TX",25.0,0.0,0.0,0.995597358415049,0.7983870967741935,0.0,0.021515545970267773,0.5403468911537995
48167722100,Galveston County,0.3259,7496,29.4024261,-94.9088859,34.0,"Eagle Point, TX",10.0,0.0,1.0,0.3260956573944367,0.9193548387096774,0.0,0.16649594189746608,0.5402847430209808
48167725600,Galveston County,0.6439,4527,29.2676962,-94.8320423,18.0,"Galveston Pier 21, TX",9.0,0.0,0.3142857142857143,0.644286571943166,0.9274193548387096,0.0,0.2137990459533745,0.5400345397727573
48201232703,Harris County,0.8865,2297,29.7732559,-95.2217304,10.666666666666666,"Morgans Point, TX",12.0,0.0,0.0,0.8870322193315989,0.9032258064516129,0.0,0.02923934470642166,0.5400013422056057
48201320601,Harris County,0.9019,2441,29.6839896,-95.262852,10.666666666666666,"Morgans Point, TX",14.0,0.0,0.0,0.9024414648789274,0.8870967741935484,0.0,0.03003959463708885,0.5398654311854516
48201211301,Harris County,0.959,2590,29.7764213,-95.3335041,10.666666666666666,"Morgans Point, TX",20.0,0.0,0.0,0.9595757454472683,0.8387096774193549,0.0,0.003658565679388245,0.5398514834279258
48201211000,Harris County,0.9239,1813,29.7970912,-95.3321489,10.666666666666666,"Morgans Point, TX",16.0,0.0,0.0,0.9244546728036823,0.8709677419354839,0.0,0.010302450344556196,0.5396569694562054
48201340502,Harris County,0.8656,2228,29.5608759,-95.1203121,10.666666666666666,"Morgans Point, TX",12.0,0.0,0.0,0.8661196718030819,0.9032258064516129,0.0,0.08713051969500289,0.5395166954459087
48201311702,Harris County,0.8955,2004,29.7010603,-95.2990496,10.666666666666666,"Morgans Point, TX",13.0,0.0,0.0,0.8960376225735441,0.8951612903225806,0.0,0.019973528010077606,0.5393570266698452
48201452501,Harris County,0.9893,2578,29.7093273,-95.5961331,10.666666666666666,"Morgans Point, TX",27.0,0.0,0.0,0.9898939363618171,0.782258064516129,0.0,0.076559843190827,0.5393015845824665
48201230700,Harris County,0.9808,2727,29.8530072,-95.3099266,10.666666666666666,"Morgans Point, TX",24.0,0.0,0.0,0.9813888332999801,0.8064516129032258,0.0,0.029088252197943726,0.5392609590807561
48201332200,Harris County,0.9416,4616,29.680569,-95.3299245,10.666666666666666,"Morgans Point, TX",19.0,0.0,0.0,0.9421652991795078,0.8467741935483871,0.0,0.024960008792618428,0.5391778486976302
48201440101,Harris County,0.9731,2932,29.6506227,-95.559587,10.666666666666666,"Morgans Point, TX",25.0,0.0,0.0,0.9736842105263158,0.7983870967741935,0.0,0.07363179523306075,0.5389845717134589
48201321900,Harris County,0.887,5979,29.6957716,-95.2248643,10.666666666666666,"Morgans Point, TX",13.0,0.0,0.0,0.8875325195117071,0.8951612903225806,0.0,0.035072324434552486,0.5383153753937416
48201220701,Harris County,0.9867,3039,29.8413115,-95.350702,10.666666666666666,"Morgans Point, TX",25.0,0.0,0.0,0.9872923754252552,0.7983870967741935,0.0,0.025507256298211833,0.5382545672896557
48201453202,Harris County,0.9877,4800,29.6801873,-95.565005,10.666666666666666,"Morgans Point, TX",27.0,0.0,0.0,0.9882929757854714,0.782258064516129,0.0,0.0708805068300396,0.5382533627734841
48201333205,Harris County,0.919,1618,29.6630381,-95.2749989,10.666666666666666,"Morgans Point, TX",17.0,0.0,0.0,0.9195517310386232,0.8629032258064516,0.0,0.03417120647912931,0.5381536077014353
48167720703,Galveston County,0.3029,5133,29.4802543,-95.0891522,34.0,"Eagle Point, TX",6.0,0.0,1.0,0.3030818491094657,0.9516129032258065,0.0,0.11327548705045991,0.5377359744056276
48201322900,Harris County,0.8747,3605,29.7034718,-95.1943063,10.666666666666666,"Morgans Point, TX",12.0,0.0,0.0,0.8752251350810487,0.9032258064516129,0.0,0.04124053560695913,0.5376593360204943
48201421601,Harris County,0.9688,2995,29.7009353,-95.4900265,10.666666666666666,"Morgans Point, TX",24.0,0.0,0.0,0.9693816289773864,0.8064516129032258,0.0,0.048522242041724895,0.5376021967683562
48201221501,Harris County,0.9959,5636,29.8620041,-95.3929558,10.666666666666666,"Morgans Point, TX",27.0,0.0,0.0,0.9964978987392435,0.782258064516129,0.0,0.036279947255340166,0.5372547837021457
48201433507,Harris County,0.9927,2941,29.6792534,-95.5571892,10.666666666666666,"Morgans Point, TX",28.0,0.0,0.0,0.993295977586552,0.7741935483870968,0.0,0.0689301825669804,0.5371398760487927
48201210400,Harris County,0.9149,3983,29.7864417,-95.3621992,10.666666666666666,"Morgans Point, TX",16.0,0.0,0.0,0.9154492695617371,0.8709677419354839,0.0,0.011107318469842982,0.5370358352961506
48201433202,Harris County,0.976,3573,29.6968042,-95.5412482,10.666666666666666,"Morgans Point, TX",26.0,0.0,0.0,0.9765859515709426,0.7903225806451613,0.0,0.0626270212257203,0.5363352617874032
48201310700,Harris County,0.9284,4033,29.7223865,-95.3144687,10.666666666666666,"Morgans Point, TX",18.0,0.0,0.0,0.9289573744246549,0.8548387096774194,0.0,0.011870168554644584,0.5363258420860867
48201333100,Harris County,0.8896,3554,29.6765273,-95.2786693,10.666666666666666,"Morgans Point, TX",14.0,0.0,0.0,0.8901340804482689,0.8870967741935484,0.0,0.029738353564997978,0.536143091749045
48201453603,Harris County,0.9611,3726,29.6837842,-95.57659,10.666666666666666,"Morgans Point, TX",25.0,0.0,0.0,0.9616770062037222,0.7983870967741935,0.0,0.07355224284900648,0.5353744551782753
48201433504,Harris County,0.9634,3094,29.6786913,-95.5464467,10.666666666666666,"Morgans Point, TX",25.0,0.0,0.0,0.9639783870322194,0.7983870967741935,0.0,0.06618434183539942,0.5353280793254638
48201254000,Harris County,0.8359,3305,29.7343474,-94.9429906,10.666666666666666,"Morgans Point, TX",11.0,0.0,0.0,0.8364018411046628,0.9112903225806451,0.0,0.10876603588403498,0.5351842526939958
48201432705,Harris County,0.9609,5562,29.7253976,-95.4962756,10.666666666666666,"Morgans Point, TX",24.0,0.0,0.0,0.961476886131679,0.8064516129032258,0.0,0.047646043163592715,0.5351431540268307
48201423002,Harris County,0.9392,2854,29.6760958,-95.5215429,10.666666666666666,"Morgans Point, TX",22.0,0.0,0.0,0.9397638583149891,0.8225806451612903,0.0,0.06012714322623818,0.5347160653655076
48201432901,Harris County,0.9534,3578,29.7163167,-95.5279431,10.666666666666666,"Morgans Point, TX",24.0,0.0,0.0,0.9539723834300581,0.8064516129032258,0.0,0.05712757329615794,0.533839956229601
48201432805,Harris County,0.9698,2402,29.7068143,-95.5169389,10.666666666666666,"Morgans Point, TX",26.0,0.0,0.0,0.9703822293376027,0.7903225806451613,0.0,0.055006901743638176,0.533712133169193
48201422900,Harris County,0.9596,3256,29.6820045,-95.5298306,10.666666666666666,"Morgans Point, TX",25.0,0.0,0.0,0.9601761056633981,0.7983870967741935,0.0,0.06141461176684102,0.5337104219079616
48201520400,Harris County,0.9963,3792,29.8068975,-95.4769954,10.666666666666666,"Morgans Point, TX",29.0,0.0,0.0,0.99689813888333,0.7661290322580645,0.0,0.04329124048318846,0.5332372753907372
48201320602,Harris County,0.8782,5047,29.6774601,-95.2575385,10.666666666666666,"Morgans Point, TX",14.0,0.0,0.0,0.878727236341805,0.8870967741935484,0.0,0.03266333518205808,0.5330135366788119
48201433007,Harris County,0.9732,1595,29.7076821,-95.5424131,10.666666666666666,"Morgans Point, TX",27.0,0.0,0.0,0.9737842705623374,0.782258064516129,0.0,0.06185624542246928,0.5329983250657868
48201423204,Harris County,0.9482,4402,29.6684916,-95.5318167,10.666666666666666,"Morgans Point, TX",24.0,0.0,0.0,0.9487692615569342,0.8064516129032258,0.0,0.06387648989025103,0.532953911327073
48201253602,Harris County,0.8406,4261,29.7522771,-94.9855197,10.666666666666666,"Morgans Point, TX",12.0,0.0,0.0,0.8411046627976787,0.9032258064516129,0.0,0.09633015811572719,0.5329321565863602
48201330400,Harris County,0.9097,4836,29.6160441,-95.4544704,10.666666666666666,"Morgans Point, TX",19.0,0.0,0.0,0.9102461476886131,0.8467741935483871,0.0,0.05810720983095406,0.5329168233541955
48201530701,Harris County,0.9722,1466,29.8630702,-95.4088157,10.666666666666666,"Morgans Point, TX",26.0,0.0,0.0,0.9727836702021213,0.7903225806451613,0.0,0.03894757565540695,0.5328266328197254
48201210800,Harris County,0.9165,2106,29.7943827,-95.3450894,10.666666666666666,"Morgans Point, TX",18.0,0.0,0.0,0.9170502301380828,0.8548387096774194,0.0,0.010325160521167288,0.5325991979967675
48201221400,Harris County,0.965,6414,29.8534357,-95.391567,10.666666666666666,"Morgans Point, TX",25.0,0.0,0.0,0.9655793476085651,0.7983870967741935,0.0,0.03364243494979577,0.5325541768098071
48201253501,Harris County,0.823,8396,29.7764872,-94.9848905,10.666666666666666,"Morgans Point, TX",10.0,0.0,0.0,0.8234940964578747,0.9193548387096774,0.0,0.09658165475173046,0.5325128460254387
48201330500,Harris County,0.9101,4913,29.6225436,-95.4304614,10.666666666666666,"Morgans Point, TX",19.0,0.0,0.0,0.9106463878326997,0.8467741935483871,0.0,0.05245021053944717,0.5324711954682708
48201232000,Harris County,0.9436,4707,29.9035599,-95.2713048,10.666666666666666,"Morgans Point, TX",23.0,0.0,0.0,0.94416649989994,0.814516129032258,0.0,0.04798663410719298,0.5324034520903786
48201433100,Harris County,0.9455,3307,29.6983142,-95.5547682,10.666666666666666,"Morgans Point, TX",24.0,0.0,0.0,0.9460676405843507,0.8064516129032258,0.0,0.06612327704142829,0.5323681037504158
48201222601,Harris County,0.972,2082,29.9350797,-95.3903481,10.666666666666666,"Morgans Point, TX",27.0,0.0,0.0,0.972583550130078,0.782258064516129,0.0,0.05818003227344463,0.5322704876212065
48201230300,Harris County,0.9473,2126,29.8347332,-95.3127198,10.666666666666666,"Morgans Point, TX",23.0,0.0,0.0,0.9478687212327397,0.814516129032258,0.0,0.023046048111848686,0.5310200598906841
48201433003,Harris County,0.9736,5634,29.7083526,-95.5513848,10.666666666666666,"Morgans Point, TX",28.0,0.0,0.0,0.9741845107064239,0.7741935483870968,0.0,0.06425790650988583,0.5309392083790447
48201211102,Harris County,0.9114,2215,29.7870675,-95.3275202,10.666666666666666,"Morgans Point, TX",18.0,0.0,0.0,0.9119471683009807,0.8548387096774194,0.0,0.006981142489341233,0.5307338776424542
48201423100,Harris County,0.9145,2705,29.6647245,-95.5494555,10.666666666666666,"Morgans Point, TX",21.0,0.0,0.0,0.9150490294176507,0.8306451612903226,0.0,0.06891380275069267,0.5305996374874612
48201220900,Harris County,0.96,1670,29.8488405,-95.3376376,10.666666666666666,"Morgans Point, TX",25.0,0.0,0.0,0.9605763458074845,0.7983870967741935,0.0,0.027357061723625228,0.5304247389468659
48201230100,Harris County,0.9233,1380,29.8138484,-95.330229,10.666666666666666,"Morgans Point, TX",20.0,0.0,0.0,0.9238543125875526,0.8387096774193549,0.0,0.01576764610658041,0.5303459616127303
48201520601,Harris County,0.9602,2706,29.8167961,-95.4926764,10.666666666666666,"Morgans Point, TX",26.0,0.0,0.0,0.9607764658795278,0.7903225806451613,0.0,0.04860956684306882,0.5301906706417135
48201421403,Harris County,0.9526,4793,29.7091209,-95.4888961,10.666666666666666,"Morgans Point, TX",25.0,0.0,0.0,0.9531719031418852,0.7983870967741935,0.0,0.0472185750084967,0.5301895574756732
48167720302,Galveston County,0.3331,6992,29.4969855,-95.2103452,34.0,"Eagle Point, TX",12.0,0.0,1.0,0.3332999799879928,0.9032258064516129,0.0,0.09155547511086684,0.5301132834429684
48201232500,Harris County,0.9665,4210,29.8059971,-95.2502681,10.666666666666666,"Morgans Point, TX",26.0,0.0,0.0,0.9670802481488894,0.7903225806451613,0.0,0.02524786072266671,0.5297456347104819
48201423401,Harris County,0.9454,5196,29.6497861,-95.5163885,10.666666666666666,"Morgans Point, TX",25.0,0.0,0.0,0.9459675805483291,0.7983870967741935,0.0,0.06327875421187147,0.5296342786179439
48201233600,Harris County,0.896,1953,29.7564963,-95.260864,10.666666666666666,"Morgans Point, TX",17.0,0.0,0.0,0.8965379227536523,0.8629032258064516,0.0,0.017899747453382558,0.5296223193133693
48201220600,Harris County,0.9486,3137,29.8418052,-95.3668801,10.666666666666666,"Morgans Point, TX",24.0,0.0,0.0,0.9491695017010207,0.8064516129032258,0.0,0.027077535226697983,0.5293940879039437
48201421205,Harris County,0.9337,2877,29.718099,-95.4937154,10.666666666666666,"Morgans Point, TX",23.0,0.0,0.0,0.9342605563338003,0.814516129032258,0.0,0.0475758826046988,0.5293905938702873
48201433505,Harris County,0.943,2067,29.6832627,-95.5531423,10.666666666666666,"Morgans Point, TX",25.0,0.0,0.0,0.9435661396838103,0.7983870967741935,0.0,0.06736489450140727,0.5293224603875418
48201530501,Harris County,0.8981,1706,29.8391541,-95.3923596,10.666666666666666,"Morgans Point, TX",18.0,0.0,0.0,0.8986391835101061,0.8548387096774194,0.0,0.029829007441288375,0.5290262687003865
48201452203,Harris County,0.9584,3072,29.7317086,-95.5619818,10.666666666666666,"Morgans Point, TX",27.0,0.0,0.0,0.9589753852311388,0.782258064516129,0.0,0.06564234113080625,0.5289342690372609
48201433503,Harris County,0.9318,2597,29.6868141,-95.5554093,10.666666666666666,"Morgans Point, TX",24.0,0.0,0.0,0.9323594156493896,0.8064516129032258,0.0,0.06754343526202557,0.5283976520919871
48201240506,Harris County,0.9555,5767,29.9598818,-95.3917467,10.666666666666666,"Morgans Point, TX",27.0,0.0,0.0,0.956073644186512,0.782258064516129,0.0,0.06610700670235432,0.5281102132810277
48201313500,Harris County,0.8889,2331,29.6887139,-95.3478932,10.666666666666666,"Morgans Point, TX",17.0,0.0,0.0,0.8894336601961177,0.8629032258064516,0.0,0.022900950841866555,0.5279911608849575
48201422303,Harris County,0.9322,2651,29.6477685,-95.5057959,10.666666666666666,"Morgans Point, TX",24.0,0.0,0.0,0.9327596557934762,0.8064516129032258,0.0,0.06120085920739736,0.5278834665297504
48201433004,Harris County,0.9561,2322,29.7168441,-95.5431959,10.666666666666666,"Morgans Point, TX",27.0,0.0,0.0,0.9566740044026416,0.782258064516129,0.0,0.06130350136513632,0.5278099708121448
48201231000,Harris County,0.9258,5795,29.8401714,-95.2786836,10.666666666666666,"Morgans Point, TX",22.0,0.0,0.0,0.9263558134880928,0.8225806451612903,0.0,0.02806844677109446,0.5274877822719244
48201453100,Harris County,0.9439,4081,29.6999533,-95.5668326,10.666666666666666,"Morgans Point, TX",26.0,0.0,0.0,0.9444666800080048,0.7903225806451613,0.0,0.06924988323745719,0.5273617665196956
48201533600,Harris County,0.9562,5179,29.9058273,-95.425916,10.666666666666666,"Morgans Point, TX",27.0,0.0,0.0,0.9567740644386633,0.782258064516129,0.0,0.05341862246382075,0.5270515009328198
48201422405,Harris County,0.9139,1647,29.6594912,-95.5070287,10.666666666666666,"Morgans Point, TX",22.0,0.0,0.0,0.914448669201521,0.8225806451612903,0.0,0.05928688753600517,0.5270374830624439
48201241503,Harris County,0.9608,2481,29.9589078,-95.3477716,10.666666666666666,"Morgans Point, TX",28.0,0.0,0.0,0.9613768260956574,0.7741935483870968,0.0,0.06359360620958841,0.5270304729657851
48201422601,Harris County,0.9384,3533,29.6809788,-95.5031204,10.666666666666666,"Morgans Point, TX",25.0,0.0,0.0,0.9389633780268162,0.7983870967741935,0.0,0.054727354891363926,0.5266778779294393
48201421402,Harris County,0.9329,3864,29.7145907,-95.4868557,10.666666666666666,"Morgans Point, TX",24.0,0.0,0.0,0.9334600760456274,0.8064516129032258,0.0,0.04606600775744515,0.5265801074604004
48167721502,Galveston County,0.2449,2207,29.5522192,-95.053794,34.0,"Eagle Point, TX",3.0,0.0,1.0,0.24504702821693017,0.9758064516129032,0.0,0.10267554044935234,0.5265235979938854
48201453300,Harris County,0.9476,4855,29.6641983,-95.5651337,10.666666666666666,"Morgans Point, TX",27.0,0.0,0.0,0.9481689013408046,0.782258064516129,0.0,0.07300621913729635,0.5264287116708096
48201452802,Harris County,0.9447,6886,29.6971563,-95.6007323,10.666666666666666,"Morgans Point, TX",27.0,0.0,0.0,0.9452671602961777,0.782258064516129,0.0,0.07879603287311067,0.5261371707310031
48201330801,Harris County,0.8657,5585,29.6054427,-95.3264973,10.666666666666666,"Morgans Point, TX",16.0,0.0,0.0,0.8662197318391035,0.8709677419354839,0.0,0.049617248233406075,0.5261179669557168
48201453401,Harris County,0.953,2655,29.6544782,-95.5763225,10.666666666666666,"Morgans Point, TX",28.0,0.0,0.0,0.9535721432859716,0.7741935483870968,0.0,0.07727040448334206,0.5260567479502546
48201254200,Harris County,0.8149,2685,29.7287156,-94.9645049,10.666666666666666,"Morgans Point, TX",12.0,0.0,0.0,0.815389233540124,0.9032258064516129,0.0,0.10283229299372286,0.5258677412968934
48201550101,Harris County,0.9871,2962,29.9516654,-95.4240204,10.666666666666666,"Morgans Point, TX",32.0,0.0,0.0,0.9876926155693416,0.7419354838709677,0.0,0.06661797318145911,0.5255502271502387
48201533701,Harris County,0.9488,6682,29.9283098,-95.4284337,10.666666666666666,"Morgans Point, TX",27.0,0.0,0.0,0.9493696217730638,0.782258064516129,0.0,0.06023062237508965,0.5255113681242668
48201453701,Harris County,0.9653,4939,29.6827449,-95.6094176,10.666666666666666,"Morgans Point, TX",30.0,0.0,0.0,0.9658795277166301,0.7580645161290323,0.0,0.0825198940782913,0.5254352025615278
48201323200,Harris County,0.824,6018,29.6869069,-95.1829177,10.666666666666666,"Morgans Point, TX",11.0,0.0,0.0,0.8244946968180908,0.9112903225806451,0.0,0.0466851260914339,0.5254040184287642
48201311100,Harris County,0.8348,4732,29.7332048,-95.2862683,10.666666666666666,"Morgans Point, TX",11.0,0.0,0.0,0.8353011807084251,0.9112903225806451,0.0,0.013695567831414852,0.5253470077698624
48201533200,Harris County,0.9671,4498,29.8668801,-95.4495929,10.666666666666666,"Morgans Point, TX",29.0,0.0,0.0,0.967680608365019,0.7661290322580645,0.0,0.04733718640311958,0.5248766108272369
48201311600,Harris County,0.8627,4312,29.7011087,-95.2861718,10.666666666666666,"Morgans Point, TX",15.0,0.0,0.0,0.8632179307584551,0.8790322580645161,0.0,0.021653716305140316,0.5248404282774054
48201550403,Harris County,0.9898,3835,29.9729382,-95.4313583,10.666666666666666,"Morgans Point, TX",33.0,0.0,0.0,0.9903942365419253,0.7338709677419355,0.0,0.07385760971520414,0.5246653222566786
48167723505,Galveston County,0.2602,2198,29.3291253,-95.109837,34.0,"Eagle Point, TX",8.0,0.0,1.0,0.2603562137282369,0.935483870967742,0.0,0.15346126669908192,0.5240981520787019
48201453404,Harris County,0.9381,3943,29.6645122,-95.5789767,10.666666666666666,"Morgans Point, TX",27.0,0.0,0.0,0.9386631979187513,0.782258064516129,0.0,0.076549751105751,0.5239313538410392
48201530101,Harris County,0.9419,3835,29.8162125,-95.4554528,10.666666666666666,"Morgans Point, TX",26.0,0.0,0.0,0.9424654792875725,0.7903225806451613,0.0,0.038833233424491076,0.5237197413222692
48201520302,Harris County,0.9805,2624,29.7987278,-95.4802566,10.666666666666666,"Morgans Point, TX",31.0,0.0,0.0,0.9810886531919152,0.75,0.0,0.04336092229998489,0.5236626881875731
48201222100,Harris County,0.9171,4750,29.8789474,-95.3349019,10.666666666666666,"Morgans Point, TX",23.0,0.0,0.0,0.9176505903542126,0.814516129032258,0.0,0.03716642677406329,0.5233666584933475
48201322800,Harris County,0.834,6761,29.7056151,-95.1818051,10.666666666666666,"Morgans Point, TX",13.0,0.0,0.0,0.8345007004202522,0.8951612903225806,0.0,0.0441751659323972,0.5233161138160896
48201453501,Harris County,0.9265,6336,29.6648611,-95.5890099,10.666666666666666,"Morgans Point, TX",26.0,0.0,0.0,0.9270562337402442,0.7903225806451613,0.0,0.0791257928452814,0.5231262236001498
48201232704,Harris County,0.8526,2096,29.797785,-95.2118128,10.666666666666666,"Morgans Point, TX",15.0,0.0,0.0,0.8531118671202722,0.8790322580645161,0.0,0.033901221757470894,0.5230333597311836
48201220400,Harris County,0.9202,4895,29.831578,-95.3663222,10.666666666666666,"Morgans Point, TX",23.0,0.0,0.0,0.9207524514708826,0.814516129032258,0.0,0.023937283063089766,0.5229743024572512
48201222602,Harris County,0.9643,2459,29.9364914,-95.4060248,10.666666666666666,"Morgans Point, TX",30.0,0.0,0.0,0.9648789273564139,0.7580645161290323,0.0,0.06007178659032875,0.5228902117046667
48201320202,Harris County,0.8136,3317,29.689568,-95.2711577,10.666666666666666,"Morgans Point, TX",10.0,0.0,0.0,0.8140884530718432,0.9193548387096774,0.0,0.027170424879143614,0.5227500300223705
48201453403,Harris County,0.9496,4096,29.6697612,-95.5851314,10.666666666666666,"Morgans Point, TX",29.0,0.0,0.0,0.9501701020612368,0.7661290322580645,0.0,0.07748346841596469,0.5226380871373868
48201423203,Harris County,0.9132,2145,29.6608837,-95.532177,10.666666666666666,"Morgans Point, TX",24.0,0.0,0.0,0.9137482489493697,0.8064516129032258,0.0,0.06516638094001147,0.5225765966497797
48201332300,Harris County,0.8681,2922,29.6665605,-95.3233636,10.666666666666666,"Morgans Point, TX",17.0,0.0,0.0,0.8686211727036222,0.8629032258064516,0.0,0.029593562469259573,0.5224166757999481
48201252306,Harris County,0.8186,10080,29.8003155,-95.1315829,10.666666666666666,"Morgans Point, TX",12.0,0.0,0.0,0.8190914548729238,0.9032258064516129,0.0,0.05610497210709652,0.5223056756080706
48201421206,Harris County,0.9104,2306,29.7182163,-95.4869012,10.666666666666666,"Morgans Point, TX",23.0,0.0,0.0,0.9109465679407645,0.814516129032258,0.0,0.04570834167654539,0.5222096432595613
48167721207,Galveston County,0.2319,3842,29.5195603,-95.0333103,34.0,"Eagle Point, TX",4.0,0.0,1.0,0.2320392235341205,0.967741935483871,0.0,0.11421592352922207,0.5213559400583196
48201222701,Harris County,0.9094,2597,29.9351146,-95.3049006,10.666666666666666,"Morgans Point, TX",24.0,0.0,0.0,0.9099459675805484,0.8064516129032258,0.0,0.05596327278144806,0.520515601423277
48201432706,Harris County,0.9042,1596,29.7291733,-95.4937956,10.666666666666666,"Morgans Point, TX",23.0,0.0,0.0,0.9047428457074245,0.814516129032258,0.0,0.04667377882960137,0.5204450703048649
48201431102,Harris County,0.9325,4309,29.7414554,-95.5283396,10.666666666666666,"Morgans Point, TX",27.0,0.0,0.0,0.933059835901541,0.782258064516129,0.0,0.05572033315822876,0.5201674034411239
48201233501,Harris County,0.8054,3800,29.7646709,-95.2330995,10.666666666666666,"Morgans Point, TX",10.0,0.0,0.0,0.8058835301180709,0.9193548387096774,0.0,0.02577040144703494,0.5201485507930279
48201222200,Harris County,0.9208,3044,29.8931361,-95.3251662,10.666666666666666,"Morgans Point, TX",25.0,0.0,0.0,0.9213528116870122,0.7983870967741935,0.0,0.04179570200581357,0.520101542738943
48201331700,Harris County,0.8493,4134,29.6434456,-95.3322419,10.666666666666666,"Morgans Point, TX",16.0,0.0,0.0,0.849809885931559,0.8709677419354839,0.0,0.03715388140953317,0.5199486765010661
48201333302,Harris County,0.8303,3248,29.6374862,-95.2594602,10.666666666666666,"Morgans Point, TX",14.0,0.0,0.0,0.8307984790874525,0.8870967741935484,0.0,0.04364921612634315,0.5197334975969347
48201521201,Harris County,0.9647,1962,29.8070095,-95.5037111,10.666666666666666,"Morgans Point, TX",31.0,0.0,0.0,0.9652791675005004,0.75,0.0,0.05053495556711974,0.519637245806862
48201211600,Harris County,0.8736,2945,29.7809192,-95.3115924,10.666666666666666,"Morgans Point, TX",18.0,0.0,0.0,0.8741244746848109,0.8548387096774194,0.0,0.006599370486853204,0.5193488923573544
48201223002,Harris County,0.916,2902,29.906774,-95.327696,10.666666666666666,"Morgans Point, TX",25.0,0.0,0.0,0.9165499299579749,0.7983870967741935,0.0,0.04626023268907768,0.5191071312885583
48201452502,Harris County,0.9277,4608,29.7086575,-95.6095718,10.666666666666666,"Morgans Point, TX",28.0,0.0,0.0,0.9282569541725035,0.7741935483870968,0.0,0.08034780579173519,0.5187699313470536
48201453601,Harris County,0.9682,1763,29.6800729,-95.5912718,10.666666666666666,"Morgans Point, TX",33.0,0.0,0.0,0.9687812687612567,0.7338709677419355,0.0,0.07790365633595085,0.5185860365845526
48201420500,Harris County,0.8874,3529,29.6485884,-95.4713288,10.666666666666666,"Morgans Point, TX",22.0,0.0,0.0,0.8879327596557934,0.8225806451612903,0.0,0.05342288679871038,0.5184963101249962
48201331300,Harris County,0.8353,4062,29.6465413,-95.3784722,10.666666666666666,"Morgans Point, TX",15.0,0.0,0.0,0.8358014808885332,0.8790322580645161,0.0,0.03870349200550295,0.518320470886465
48201532200,Harris County,0.9252,3794,29.8569939,-95.4844214,10.666666666666666,"Morgans Point, TX",27.0,0.0,0.0,0.9257554532719633,0.782258064516129,0.0,0.05282668733744591,0.5176867240701722
48167720702,Galveston County,0.2627,3956,29.499182,-95.1042995,34.0,"Eagle Point, TX",9.0,0.0,1.0,0.2628577146287773,0.9274193548387096,0.0,0.10570851550074631,0.5176539723903207
48201233703,Harris County,0.7795,3037,29.743492,-95.2215425,10.666666666666666,"Morgans Point, TX",8.0,0.0,0.0,0.7799679807884731,0.935483870967742,0.0,0.02959148270361607,0.517594703797226
48201421401,Harris County,0.91,3895,29.714443,-95.492511,10.666666666666666,"Morgans Point, TX",25.0,0.0,0.0,0.9105463277966781,0.7983870967741935,0.0,0.047609814678325285,0.517441008839094
48201532004,Harris County,0.9423,4803,29.8498715,-95.4657071,10.666666666666666,"Morgans Point, TX",29.0,0.0,0.0,0.9428657194316591,0.7661290322580645,0.0,0.04714292590656965,0.5174127180975739
48201240505,Harris County,0.9123,1318,29.9520504,-95.3944208,10.666666666666666,"Morgans Point, TX",26.0,0.0,0.0,0.9128477086251752,0.7903225806451613,0.0,0.06384608372665941,0.5173356951537669
48201222402,Harris County,0.9407,6678,29.9111893,-95.3889139,10.666666666666666,"Morgans Point, TX",29.0,0.0,0.0,0.9412647588553132,0.7661290322580645,0.0,0.05060113614186204,0.5172782509481996
48201333204,Harris County,0.865,2219,29.6596818,-95.2745514,10.666666666666666,"Morgans Point, TX",19.0,0.0,0.0,0.8655193115869522,0.8467741935483871,0.0,0.03522252475951832,0.5172103040165535
48201253000,Harris County,0.7981,4915,29.8221742,-95.0196332,10.666666666666666,"Morgans Point, TX",13.0,0.0,0.0,0.7985791474884931,0.8951612903225806,0.0,0.08878020721757442,0.5170001520650797
48201222000,Harris County,0.889,2349,29.8680795,-95.336921,10.666666666666666,"Morgans Point, TX",22.0,0.0,0.0,0.8895337202321394,0.8225806451612903,0.0,0.03363704032138459,0.5169980136501674
48201211302,Harris County,0.8583,2704,29.7781578,-95.3230968,10.666666666666666,"Morgans Point, TX",17.0,0.0,0.0,0.8588152891735041,0.8629032258064516,0.0,0.004280018413073293,0.516943556335294
48201330302,Harris County,0.8952,5001,29.615549,-95.4760221,10.666666666666666,"Morgans Point, TX",24.0,0.0,0.0,0.8957374424654794,0.8064516129032258,0.0,0.06211292548315525,0.516868009158927
48201254600,Harris County,0.6899,3492,29.7163341,-95.0009518,10.666666666666666,"Morgans Point, TX",0.0,0.0,0.0,0.6903141885131079,1.0,0.0,0.09306037538771042,0.5164002940927034
48201533302,Harris County,0.9467,3657,29.8793086,-95.4249141,10.666666666666666,"Morgans Point, TX",30.0,0.0,0.0,0.94726836101661,0.7580645161290323,0.0,0.045938270669208706,0.5161936902106136
48201322600,Harris County,0.7996,5020,29.6986487,-95.1560466,10.666666666666666,"Morgans Point, TX",12.0,0.0,0.0,0.8000800480288173,0.9032258064516129,0.0,0.05182602080097131,0.5161743584242262
48201530600,Harris County,0.9031,2812,29.8313304,-95.405205,10.666666666666666,"Morgans Point, TX",24.0,0.0,0.0,0.9036421853111868,0.8064516129032258,0.0,0.03016474356966688,0.5160446138212905
48201230400,Harris County,0.906,3923,29.8305873,-95.325201,10.666666666666666,"Morgans Point, TX",24.0,0.0,0.0,0.9065439263558136,0.8064516129032258,0.0,0.021278805355134392,0.5160265423132253
48201321800,Harris County,0.8201,4402,29.6876863,-95.2376936,10.666666666666666,"Morgans Point, TX",14.0,0.0,0.0,0.820592355413248,0.8870967741935484,0.0,0.03393250737237144,0.5156999896192761
48201433506,Harris County,0.8871,2202,29.6794797,-95.5541748,10.666666666666666,"Morgans Point, TX",24.0,0.0,0.0,0.8876325795477287,0.8064516129032258,0.0,0.0681082089116327,0.5150360786264495
48201231300,Harris County,0.8738,4891,29.8582183,-95.2726329,10.666666666666666,"Morgans Point, TX",21.0,0.0,0.0,0.8743245947568542,0.8306451612903226,0.0,0.034112689574445576,0.5149021957715976
48201240600,Harris County,0.975,3582,29.9583819,-95.4082234,10.666666666666666,"Morgans Point, TX",35.0,0.0,0.0,0.9755853512107264,0.717741935483871,0.0,0.06703352860378087,0.5147015388687572
48201211900,Harris County,0.8571,5157,29.783817,-95.2995098,10.666666666666666,"Morgans Point, TX",18.0,0.0,0.0,0.8576145687412448,0.8548387096774194,0.0,0.009648049046371773,0.5147007884302364
48201252500,Harris County,0.7772,4821,29.7661133,-95.1281275,10.666666666666666,"Morgans Point, TX",10.0,0.0,0.0,0.777666599959976,0.9193548387096774,0.0,0.055674597301201424,0.5146738913310162
48201253202,Harris County,0.7963,4680,29.7916839,-94.9916546,10.666666666666666,"Morgans Point, TX",14.0,0.0,0.0,0.7967780668401041,0.8870967741935484,0.0,0.09503847185308388,0.5146662994954041
48201333903,Harris County,0.8108,3554,29.6217835,-95.237683,10.666666666666666,"Morgans Point, TX",14.0,0.0,0.0,0.811286772063238,0.8870967741935484,0.0,0.051105729462023894,0.5146256368232383
48201231600,Harris County,0.8972,3377,29.8617444,-95.3074845,10.666666666666666,"Morgans Point, TX",24.0,0.0,0.0,0.8977386431859116,0.8064516129032258,0.0,0.03203361956261103,0.5144604387830023
48201422406,Harris County,0.8877,2752,29.6620002,-95.5040573,10.666666666666666,"Morgans Point, TX",24.0,0.0,0.0,0.8882329397638584,0.8064516129032258,0.0,0.05812678049028894,0.514218043849154
48201453502,Harris County,0.9278,3592,29.671394,-95.5990545,10.666666666666666,"Morgans Point, TX",30.0,0.0,0.0,0.9283570142085251,0.7580645161290323,0.0,0.08097442580879897,0.5140239016821471
48167725400,Galveston County,0.5575,3947,29.2819218,-94.8208616,18.0,"Galveston Pier 21, TX",9.0,0.0,0.3142857142857143,0.5578347008204924,0.9274193548387096,0.0,0.21245425444915939,0.5139644992855337
48201452900,Harris County,0.8881,4832,29.6969118,-95.5923358,10.666666666666666,"Morgans Point, TX",25.0,0.0,0.0,0.8886331799079448,0.7983870967741935,0.0,0.07651087011518072,0.5137571700161596
48201452801,Harris County,0.9016,5614,29.6961359,-95.6094894,10.666666666666666,"Morgans Point, TX",27.0,0.0,0.0,0.9021412847708625,0.782258064516129,0.0,0.08129336969587415,0.5134491417556848
48201453002,Harris County,0.8946,5690,29.696659,-95.580959,10.666666666666666,"Morgans Point, TX",26.0,0.0,0.0,0.8951370822493496,0.7903225806451613,0.0,0.07341813388220678,0.5129797122565739
48201451005,Harris County,0.9108,2393,29.7399119,-95.5741083,10.666666666666666,"Morgans Point, TX",28.0,0.0,0.0,0.911346808084851,0.7741935483870968,0.0,0.06874162128832803,0.5125362690704172
48201312800,Harris County,0.8719,3291,29.7219583,-95.3579408,10.666666666666666,"Morgans Point, TX",21.0,0.0,0.0,0.8724234540724435,0.8306451612903226,0.0,0.013822874504140562,0.5123028720592439
48201232201,Harris County,0.8813,7323,29.9281658,-95.2897233,10.666666666666666,"Morgans Point, TX",24.0,0.0,0.0,0.881829097458475,0.8064516129032258,0.0,0.054395903848779355,0.5119238034933882
48201323701,Harris County,0.8165,4440,29.6551252,-95.1769249,10.666666666666666,"Morgans Point, TX",16.0,0.0,0.0,0.8169901941164699,0.8709677419354839,0.0,0.05404003631286441,0.5117913844468726
48201433602,Harris County,0.9242,4219,29.6729653,-95.5525108,10.666666666666666,"Morgans Point, TX",30.0,0.0,0.0,0.9247548529117471,0.7580645161290323,0.0,0.06852941213369514,0.5116987519256033
48201310800,Harris County,0.798,2996,29.7299752,-95.3107949,10.666666666666666,"Morgans Point, TX",12.0,0.0,0.0,0.7984790874524715,0.9032258064516129,0.0,0.009952172338341392,0.5115066854050594
48201433201,Harris County,0.8925,4241,29.6983882,-95.5483849,10.666666666666666,"Morgans Point, TX",26.0,0.0,0.0,0.8930358214928957,0.7903225806451613,0.0,0.0643856602546571,0.5114460866668827
48201231800,Harris County,0.9089,3132,29.8763695,-95.3077825,10.666666666666666,"Morgans Point, TX",27.0,0.0,0.0,0.9094456674004403,0.782258064516129,0.0,0.036750709208194614,0.5111861904957902
48201330102,Harris County,0.8407,2608,29.6347678,-95.4165137,10.666666666666666,"Morgans Point, TX",19.0,0.0,0.0,0.8412047228337003,0.8467741935483871,0.0,0.04694429431739171,0.5110881043463654
48201311200,Harris County,0.819,4250,29.7189931,-95.2991593,10.666666666666666,"Morgans Point, TX",15.0,0.0,0.0,0.8194916950170102,0.8790322580645161,0.0,0.014715030293974024,0.5110286889538552
48201221900,Harris County,0.8669,5231,29.8818677,-95.3491038,10.666666666666666,"Morgans Point, TX",22.0,0.0,0.0,0.8674204522713629,0.8225806451612903,0.0,0.03850633375506608,0.5108509626053025
48201331900,Harris County,0.8369,3651,29.6626734,-95.3466946,10.666666666666666,"Morgans Point, TX",18.0,0.0,0.0,0.837402441464879,0.8548387096774194,0.0,0.031231949643296335,0.5107955403070191
48201313802,Harris County,0.8786,2259,29.6881522,-95.3760594,10.666666666666666,"Morgans Point, TX",23.0,0.0,0.0,0.8791274764858916,0.814516129032258,0.0,0.025996869177611077,0.510692768573206
48201333201,Harris County,0.8113,5065,29.6693964,-95.2699523,10.666666666666666,"Morgans Point, TX",15.0,0.0,0.0,0.8117870722433461,0.8790322580645161,0.0,0.03297447973673718,0.5105432470660324
48201531800,Harris County,0.952,3122,29.8534594,-95.4363437,10.666666666666666,"Morgans Point, TX",33.0,0.0,0.0,0.9525715429257554,0.7338709677419355,0.0,0.04155693415533803,0.5100884466158411
48201540503,Harris County,0.9348,4160,29.8599737,-95.6392541,10.666666666666666,"Morgans Point, TX",33.0,0.0,0.0,0.935361216730038,0.7338709677419355,0.0,0.09265469742325118,0.5100351250839171
48201313300,Harris County,0.8066,2250,29.7045424,-95.3355622,10.666666666666666,"Morgans Point, TX",14.0,0.0,0.0,0.8070842505503302,0.8870967741935484,0.0,0.0171906724127968,0.5099733746644433
48201221701,Harris County,0.9029,5488,29.8768807,-95.3797448,10.666666666666666,"Morgans Point, TX",27.0,0.0,0.0,0.9034420652391436,0.782258064516129,0.0,0.039128720062879395,0.5096229109328697
48201421502,Harris County,0.8608,2806,29.7128292,-95.4785161,10.666666666666666,"Morgans Point, TX",22.0,0.0,0.0,0.8613167900740445,0.8225806451612903,0.0,0.04402100918745406,0.5095713314893457
48201220702,Harris County,0.9004,3541,29.8274619,-95.3485071,10.666666666666666,"Morgans Point, TX",26.0,0.0,0.0,0.9009405643386031,0.7903225806451613,0.0,0.020945122141586836,0.5094734557092879
48201240101,Harris County,0.935,2462,29.9427937,-95.3917008,10.666666666666666,"Morgans Point, TX",32.0,0.0,0.0,0.9355613368020813,0.7419354838709677,0.0,0.0607140280359905,0.5093204490055138
48201321600,Harris County,0.8045,6739,29.6772103,-95.2196252,10.666666666666666,"Morgans Point, TX",15.0,0.0,0.0,0.8049829897938764,0.8790322580645161,0.0,0.04005783291115728,0.5092103576486335
48201532700,Harris County,0.8878,5685,29.8765275,-95.4814196,10.666666666666666,"Morgans Point, TX",26.0,0.0,0.0,0.88833299979988,0.7903225806451613,0.0,0.056119477104062655,0.5092086218439186
48201331100,Harris County,0.8404,3470,29.6749553,-95.3691233,10.666666666666666,"Morgans Point, TX",19.0,0.0,0.0,0.8409045427256354,0.8467741935483871,0.0,0.029047115678650925,0.5092083324500718
48201321401,Harris County,0.7868,3991,29.665939,-95.2270082,10.666666666666666,"Morgans Point, TX",13.0,0.0,0.0,0.787272363418051,0.8951612903225806,0.0,0.041141295792694474,0.5088442257014589
48201254400,Harris County,0.7348,3014,29.7264985,-94.9771664,10.666666666666666,"Morgans Point, TX",9.0,0.0,0.0,0.7352411446868121,0.9274193548387096,0.0,0.0993248068515526,0.5087306305428118
48201421301,Harris County,0.8802,3245,29.7087134,-95.4950115,10.666666666666666,"Morgans Point, TX",25.0,0.0,0.0,0.8807284370622374,0.7983870967741935,0.0,0.048899843760978036,0.508624644527027
48201240504,Harris County,0.8755,3693,29.947808,-95.3935704,10.666666666666666,"Morgans Point, TX",25.0,0.0,0.0,0.8760256153692215,0.7983870967741935,0.0,0.062443043564399926,0.5085681179994644
48201231900,Harris County,0.9064,6511,29.8790854,-95.2745726,10.666666666666666,"Morgans Point, TX",28.0,0.0,0.0,0.9069441664999,0.7741935483870968,0.0,0.0401371255327442,0.5083550270193734
48201252400,Harris County,0.7884,6197,29.7816516,-95.1428602,10.666666666666666,"Morgans Point, TX",14.0,0.0,0.0,0.7888733239943967,0.8870967741935484,0.0,0.05187360258514826,0.5079783897148984
48201311900,Harris County,0.8174,1653,29.7170693,-95.3251747,10.666666666666666,"Morgans Point, TX",16.0,0.0,0.0,0.8178907344406644,0.8709677419354839,0.0,0.013015442696106666,0.5079590871824552
48201231700,Harris County,0.8649,4588,29.8761202,-95.3198604,10.666666666666666,"Morgans Point, TX",23.0,0.0,0.0,0.8654192515509306,0.814516129032258,0.0,0.036284494554646274,0.5076090636304211
48201533902,Harris County,0.9817,5161,29.9303913,-95.5011574,10.666666666666666,"Morgans Point, TX",39.0,0.0,0.0,0.9822893736241746,0.685483870967742,0.0,0.0725869481890445,0.5075906681964794
48201313400,Harris County,0.8053,4158,29.694189,-95.3381856,10.666666666666666,"Morgans Point, TX",15.0,0.0,0.0,0.8057834700820493,0.8790322580645161,0.0,0.02065107864235883,0.5075098263082055
48201433400,Harris County,0.8612,4462,29.6846053,-95.5409273,10.666666666666666,"Morgans Point, TX",24.0,0.0,0.0,0.8617170302181308,0.8064516129032258,0.0,0.06397454920152215,0.5068480478565591
48201311002,Harris County,0.7824,3808,29.7445004,-95.2951074,10.666666666666666,"Morgans Point, TX",12.0,0.0,0.0,0.7828697218330999,0.9032258064516129,0.0,0.009540565610342253,0.506782715046448
48201454100,Harris County,0.8836,3761,29.7046309,-95.6531591,10.666666666666666,"Morgans Point, TX",28.0,0.0,0.0,0.8841304782869722,0.7741935483870968,0.0,0.09277958736556878,0.5067751667387775
48201421204,Harris County,0.8666,3857,29.7214544,-95.4895197,10.666666666666666,"Morgans Point, TX",24.0,0.0,0.0,0.867120272163298,0.8064516129032258,0.0,0.04611813921033822,0.506683379440991
48201333000,Harris County,0.8,3917,29.6815377,-95.2852604,10.666666666666666,"Morgans Point, TX",15.0,0.0,0.0,0.8004802881729038,0.8790322580645161,0.0,0.027431748584103938,0.5065969387296363
48201332100,Harris County,0.8006,3102,29.6803818,-95.344385,10.666666666666666,"Morgans Point, TX",15.0,0.0,0.0,0.8010806483890335,0.8790322580645161,0.0,0.025389973674349715,0.5065728693034999
48201432402,Harris County,0.8899,2821,29.7238351,-95.5519751,10.666666666666666,"Morgans Point, TX",28.0,0.0,0.0,0.8904342605563339,0.7741935483870968,0.0,0.06326400707998116,0.5057147433910273
48201212400,Harris County,0.7922,3198,29.7863474,-95.2850878,10.666666666666666,"Morgans Point, TX",14.0,0.0,0.0,0.792675605363218,0.8870967741935484,0.0,0.01341917579529762,0.5052736314465596
48201252602,Harris County,0.8633,3808,29.8422106,-95.1122938,10.666666666666666,"Morgans Point, TX",25.0,0.0,0.0,0.8638182909745847,0.7983870967741935,0.0,0.06562545673986972,0.5052241619986204
48201521402,Harris County,0.8914,3523,29.824482,-95.503472,10.666666666666666,"Morgans Point, TX",28.0,0.0,0.0,0.891935161096658,0.7741935483870968,0.0,0.05240373031858294,0.5050789858769847
48167720701,Galveston County,0.2356,2527,29.4989975,-95.0876236,34.0,"Eagle Point, TX",11.0,0.0,1.0,0.23574144486692017,0.9112903225806451,0.0,0.10866308047188708,0.5049758382814583
48201220100,Harris County,0.8215,1571,29.8151628,-95.3434635,10.666666666666666,"Morgans Point, TX",18.0,0.0,0.0,0.8219931959175506,0.8548387096774194,0.0,0.016681755956023305,0.5047177472740932
48201212300,Harris County,0.8327,4554,29.7747755,-95.3550489,10.666666666666666,"Morgans Point, TX",19.0,0.0,0.0,0.8331999199519712,0.8467741935483871,0.0,0.007198200734517311,0.5047120541235592
48201222401,Harris County,0.8991,2937,29.9005904,-95.3964095,10.666666666666666,"Morgans Point, TX",29.0,0.0,0.0,0.8996397838703223,0.7661290322580645,0.0,0.04811793238121952,0.504542438076638
48201312300,Harris County,0.8309,2333,29.7378633,-95.3604134,10.666666666666666,"Morgans Point, TX",19.0,0.0,0.0,0.8313988393035822,0.8467741935483871,0.0,0.010323403964630655,0.5044842502520538
48201534203,Harris County,0.9081,2271,29.8730007,-95.5368807,10.666666666666666,"Morgans Point, TX",31.0,0.0,0.0,0.9086451871122674,0.75,0.0,0.06818293759445317,0.5044118498931255
48201432903,Harris County,0.8619,1959,29.709988,-95.5367366,10.666666666666666,"Morgans Point, TX",25.0,0.0,0.0,0.8624174504702822,0.7983870967741935,0.0,0.060092175059606436,0.5042505816793034
48201452402,Harris County,0.8814,3896,29.7084956,-95.5807871,10.666666666666666,"Morgans Point, TX",28.0,0.0,0.0,0.8819291574944967,0.7741935483870968,0.0,0.07236192104303599,0.5040730038687816
48201432005,Harris County,0.8659,3549,29.7347017,-95.4926459,10.666666666666666,"Morgans Point, TX",25.0,0.0,0.0,0.8664198519111467,0.7983870967741935,0.0,0.04598721760221083,0.5040408063658232
48201432302,Harris County,0.8682,1948,29.7308302,-95.5462955,10.666666666666666,"Morgans Point, TX",26.0,0.0,0.0,0.8687212327396437,0.7903225806451613,0.0,0.06126817638620163,0.5038399616540616
48201232404,Harris County,0.7919,3854,29.8332625,-95.192846,10.666666666666666,"Morgans Point, TX",16.0,0.0,0.0,0.7923754252551531,0.8709677419354839,0.0,0.043850845843800126,0.5033880347415711
48201340900,Harris County,0.7243,5198,29.5706592,-95.1599779,10.666666666666666,"Morgans Point, TX",9.0,0.0,0.0,0.7247348409045428,0.9274193548387096,0.0,0.0774077924185198,0.5033870379648278
48167720509,Galveston County,0.2397,2083,29.4961205,-95.1182804,34.0,"Eagle Point, TX",12.0,0.0,1.0,0.23984390634380628,0.9032258064516129,0.0,0.10420120831578353,0.5033410346702041
48201222501,Harris County,0.898,3233,29.9283143,-95.4058397,10.666666666666666,"Morgans Point, TX",30.0,0.0,0.0,0.8985391234740845,0.7580645161290323,0.0,0.057553636676903795,0.5027364555486254
48167724200,Galveston County,0.5113,3323,29.3200552,-94.7716394,18.0,"Galveston Pier 21, TX",8.0,0.0,0.3142857142857143,0.5116069641785072,0.935483870967742,0.0,0.21358539942346358,0.5026286476290782
48201312901,Harris County,0.7968,2232,29.7141893,-95.35729,10.666666666666666,"Morgans Point, TX",16.0,0.0,0.0,0.7972783670202122,0.8709677419354839,0.0,0.015932976839304783,0.5020671303706393
48201221800,Harris County,0.876,4597,29.882525,-95.3610554,10.666666666666666,"Morgans Point, TX",27.0,0.0,0.0,0.8765259155493297,0.782258064516129,0.0,0.03934844272505798,0.5015700382921434
48201222504,Harris County,0.8859,3571,29.9230752,-95.404839,10.666666666666666,"Morgans Point, TX",29.0,0.0,0.0,0.8864318591154693,0.7661290322580645,0.0,0.0558528860556623,0.5013535560176263
48167721402,Galveston County,0.166,766,29.5358927,-95.0268196,34.0,"Eagle Point, TX",4.0,0.0,1.0,0.16609965979587754,0.967741935483871,0.0,0.1120035378179754,0.501352832365722
48201321002,Harris County,0.7676,5279,29.6398866,-95.2257862,10.666666666666666,"Morgans Point, TX",14.0,0.0,0.0,0.7680608365019012,0.8870967741935484,0.0,0.04796207262117905,0.5013434904707528
48201532900,Harris County,0.8928,4722,29.892596,-95.4731807,10.666666666666666,"Morgans Point, TX",30.0,0.0,0.0,0.8933360016009606,0.7580645161290323,0.0,0.05806681277693324,0.5012268365966912
48201221000,Harris County,0.8452,3827,29.8603325,-95.3448895,10.666666666666666,"Morgans Point, TX",23.0,0.0,0.0,0.8457074244546728,0.814516129032258,0.0,0.03134009611852212,0.5012010756579315
48201324200,Harris County,0.74,782,29.7152961,-95.2428809,10.666666666666666,"Morgans Point, TX",10.0,0.0,0.0,0.740444266559936,0.9193548387096774,0.0,0.027234027118073476,0.5006631342926914
48201432803,Harris County,0.8514,2743,29.715307,-95.5169058,10.666666666666666,"Morgans Point, TX",25.0,0.0,0.0,0.8519111466880129,0.7983870967741935,0.0,0.05417794398602512,0.5005072674372644
48201453001,Harris County,0.8609,3237,29.6956307,-95.5735062,10.666666666666666,"Morgans Point, TX",27.0,0.0,0.0,0.8614168501100661,0.782258064516129,0.0,0.07148248038898303,0.5002507224267568
48201433601,Harris County,0.8447,2556,29.6671512,-95.5557475,10.666666666666666,"Morgans Point, TX",25.0,0.0,0.0,0.8452071242745648,0.7983870967741935,0.0,0.0701729246844048,0.500095558783068
48201342400,Harris County,0.7205,3599,29.6958294,-95.1477075,10.666666666666666,"Morgans Point, TX",9.0,0.0,0.0,0.7209325595357214,0.9274193548387096,0.0,0.054376269341327235,0.4999432012464621
48201531900,Harris County,0.9319,5624,29.8529494,-95.4499189,10.666666666666666,"Morgans Point, TX",35.0,0.0,0.0,0.9324594756854112,0.717741935483871,0.0,0.04427689989543526,0.49948811334032817
48201533904,Harris County,0.9306,4488,29.9333063,-95.4897763,10.666666666666666,"Morgans Point, TX",36.0,0.0,0.0,0.9311586952171303,0.7096774193548387,0.0,0.071222311838191,0.4993730655554098
48201533301,Harris County,0.8997,2922,29.8722441,-95.418276,10.666666666666666,"Morgans Point, TX",31.0,0.0,0.0,0.9002401440864519,0.75,0.0,0.042955145709774316,0.499367557796913
48201533000,Harris County,0.8546,2450,29.8895099,-95.4617414,10.666666666666666,"Morgans Point, TX",26.0,0.0,0.0,0.8551130678407045,0.7903225806451613,0.0,0.05511092423477698,0.4991417869692374
48201551102,Harris County,0.9192,6574,29.9697605,-95.4768191,10.666666666666666,"Morgans Point, TX",35.0,0.0,0.0,0.9197518511106665,0.717741935483871,0.0,0.07886000130588779,0.49913413610895
48201230500,Harris County,0.8397,4078,29.8484539,-95.3283761,10.666666666666666,"Morgans Point, TX",23.0,0.0,0.0,0.8402041224734841,0.814516129032258,0.0,0.027119820378210806,0.4991280574895437
48201432704,Harris County,0.8179,1711,29.7288877,-95.4822382,10.666666666666666,"Morgans Point, TX",21.0,0.0,0.0,0.8183910346207725,0.8306451612903226,0.0,0.04348780666264279,0.4990596394395928
48201453800,Harris County,0.8766,3577,29.6712054,-95.6089906,10.666666666666666,"Morgans Point, TX",30.0,0.0,0.0,0.8771262757654593,0.7580645161290323,0.0,0.08364694797040484,0.49892193236538795
48201432301,Harris County,0.8684,3614,29.7324592,-95.5413274,10.666666666666666,"Morgans Point, TX",28.0,0.0,0.0,0.868921352811687,0.7741935483870968,0.0,0.05978588225780502,0.4989130585854156
48201453702,Harris County,0.8531,4712,29.6832755,-95.599648,10.666666666666666,"Morgans Point, TX",27.0,0.0,0.0,0.8536121673003803,0.782258064516129,0.0,0.07981882740645606,0.4987429522855984
48201532102,Harris County,0.8857,3331,29.8493374,-95.4859978,10.666666666666666,"Morgans Point, TX",30.0,0.0,0.0,0.8862317390434261,0.7580645161290323,0.0,0.051790805910333484,0.4984679571427708
48201312200,Harris County,0.8022,1512,29.7321055,-95.3497568,10.666666666666666,"Morgans Point, TX",18.0,0.0,0.0,0.8026816089653793,0.8548387096774194,0.0,0.009761215776295159,0.4982322171704691
48201310600,Harris County,0.7616,4547,29.732539,-95.3248198,10.666666666666666,"Morgans Point, TX",13.0,0.0,0.0,0.7620572343406045,0.8951612903225806,0.0,0.007969481367731068,0.49796250553572863
48201233701,Harris County,0.7234,4363,29.7357783,-95.2467911,10.666666666666666,"Morgans Point, TX",9.0,0.0,0.0,0.7238343005803483,0.9274193548387096,0.0,0.023296785965527023,0.49770577522227005
48201550405,Harris County,0.9928,8482,29.9919402,-95.469782,10.666666666666666,"Morgans Point, TX",45.0,0.0,0.0,0.9933960376225736,0.6370967741935484,0.0,0.0841845676812188,0.4975663003129584
48201333801,Harris County,0.7873,5064,29.6177853,-95.2911513,10.666666666666666,"Morgans Point, TX",18.0,0.0,0.0,0.7877726635981589,0.8548387096774194,0.0,0.0467690535856526,0.49746031734123874
48201312400,Harris County,0.7985,1856,29.7298981,-95.3610125,10.666666666666666,"Morgans Point, TX",18.0,0.0,0.0,0.7989793876325796,0.8548387096774194,0.0,0.012275826756589309,0.4973730118686586
48201532003,Harris County,0.8578,4460,29.8607474,-95.4707212,10.666666666666666,"Morgans Point, TX",27.0,0.0,0.0,0.8583149889933961,0.782258064516129,0.0,0.05045884969584341,0.49721780102244184
48201432904,Harris County,0.8385,3688,29.7107157,-95.5306045,10.666666666666666,"Morgans Point, TX",25.0,0.0,0.0,0.8390034020412248,0.7983870967741935,0.0,0.05834619143810684,0.49705176878843615
48167723402,Galveston County,0.1615,1596,29.4144608,-95.1215912,34.0,"Eagle Point, TX",6.0,0.0,1.0,0.16159695817490496,0.9516129032258065,0.0,0.12673378297133678,0.496636336717347
48201551602,Harris County,0.9471,5455,29.9281382,-95.5743279,10.666666666666666,"Morgans Point, TX",40.0,0.0,0.0,0.9476686011606965,0.6774193548387097,0.0,0.08729784891230649,0.4962561716910525
48201222900,Harris County,0.83,8047,29.9142916,-95.3450125,10.666666666666666,"Morgans Point, TX",24.0,0.0,0.0,0.8304982989793877,0.8064516129032258,0.0,0.04893866543008981,0.495978840107793
48201521702,Harris County,0.8517,2997,29.8450801,-95.5069575,10.666666666666666,"Morgans Point, TX",27.0,0.0,0.0,0.8522113267960777,0.782258064516129,0.0,0.05621632909774665,0.49596245030343666
48167720603,Galveston County,0.1606,4685,29.4448171,-95.1024222,34.0,"Eagle Point, TX",6.0,0.0,1.0,0.16069641785071043,0.9516129032258065,0.0,0.12077599935077876,0.49577039625803293
48201421602,Harris County,0.8221,3350,29.7021226,-95.4804176,10.666666666666666,"Morgans Point, TX",23.0,0.0,0.0,0.8225935561336803,0.814516129032258,0.0,0.045858298626580626,0.49571873541243955
48167720200,Galveston County,0.2264,5156,29.5137895,-95.1797655,34.0,"Eagle Point, TX",13.0,0.0,1.0,0.22653592155293176,0.8951612903225806,0.0,0.09014355407488857,0.4955235189701426
48201452602,Harris County,0.8236,3475,29.7081626,-95.6241896,10.666666666666666,"Morgans Point, TX",25.0,0.0,0.0,0.8240944566740044,0.7983870967741935,0.0,0.08445734403516511,0.4951902004379759
48167720511,Galveston County,0.194,2941,29.476734,-95.1120345,34.0,"Eagle Point, TX",10.0,0.0,1.0,0.19411646988192918,0.9193548387096774,0.0,0.11047340277572548,0.4950887328550545
48201210900,Harris County,0.7988,1676,29.8041585,-95.3312426,10.666666666666666,"Morgans Point, TX",19.0,0.0,0.0,0.7992795677406443,0.8467741935483871,0.0,0.012600155254831522,0.49507614391219257
48201232402,Harris County,0.7486,4753,29.8118411,-95.1879798,10.666666666666666,"Morgans Point, TX",14.0,0.0,0.0,0.7490494296577948,0.8870967741935484,0.0,0.04189682398239557,0.4950335435536425
48201334102,Harris County,0.8031,6550,29.6473393,-95.4314349,10.666666666666666,"Morgans Point, TX",21.0,0.0,0.0,0.8035821492895738,0.8306451612903226,0.0,0.04595778379859422,0.49486397155382833
48201350101,Harris County,0.7215,5010,29.5697166,-95.2085991,10.666666666666666,"Morgans Point, TX",12.0,0.0,0.0,0.7219331598959376,0.9032258064516129,0.0,0.07007398645195574,0.4945550885494607
48167720508,Galveston County,0.2105,2661,29.4910561,-95.1307551,34.0,"Eagle Point, TX",12.0,0.0,1.0,0.2106263758254953,0.9032258064516129,0.0,0.10361974909247411,0.49451762959237977
48201232100,Harris County,0.8341,3918,29.9054154,-95.3072963,10.666666666666666,"Morgans Point, TX",25.0,0.0,0.0,0.8346007604562737,0.7983870967741935,0.0,0.04620672930478183,0.49451703009961834
48201333700,Harris County,0.7628,3620,29.6312779,-95.2926173,10.666666666666666,"Morgans Point, TX",16.0,0.0,0.0,0.7632579547728637,0.8709677419354839,0.0,0.04236244387483507,0.49450395339998776
48201332700,Harris County,0.7359,2528,29.6850652,-95.3137973,10.666666666666666,"Morgans Point, TX",12.0,0.0,0.0,0.7363418050830499,0.9032258064516129,0.0,0.023844236649743573,0.4942547071253732
48201423001,Harris County,0.7977,3253,29.685675,-95.509302,10.666666666666666,"Morgans Point, TX",21.0,0.0,0.0,0.7981789073444067,0.8306451612903226,0.0,0.05560320482464397,0.49420754107288317
48201522002,Harris County,0.8849,2825,29.8263308,-95.5307746,10.666666666666666,"Morgans Point, TX",32.0,0.0,0.0,0.8854312587552532,0.7419354838709677,0.0,0.05986141489808274,0.49419616427767454
48201421103,Harris County,0.8004,1511,29.7182901,-95.4806352,10.666666666666666,"Morgans Point, TX",21.0,0.0,0.0,0.8008805283169902,0.8306451612903226,0.0,0.0440000259164187,0.49385770947383567
48201310400,Harris County,0.788,3394,29.7514647,-95.3287113,10.666666666666666,"Morgans Point, TX",18.0,0.0,0.0,0.7884730838503102,0.8548387096774194,0.0,0.0016912760866600546,0.4931626656669849
48201232303,Harris County,0.8385,5298,29.9044075,-95.2151989,10.666666666666666,"Morgans Point, TX",27.0,0.0,0.0,0.8390034020412248,0.782258064516129,0.0,0.05553188338572961,0.4919316283057791
48201211502,Harris County,0.7584,2909,29.7646425,-95.307671,10.666666666666666,"Morgans Point, TX",15.0,0.0,0.0,0.7588553131879128,0.8790322580645161,0.0,0.0046062429587882935,0.4918268956716075
48201223001,Harris County,0.7836,4117,29.9164122,-95.3150362,10.666666666666666,"Morgans Point, TX",20.0,0.0,0.0,0.7840704422653593,0.8387096774193549,0.0,0.04957224341507184,0.4917912602469214
48201222800,Harris County,0.8228,4350,29.9234175,-95.3657928,10.666666666666666,"Morgans Point, TX",25.0,0.0,0.0,0.8232939763858315,0.7983870967741935,0.0,0.052754467571494545,0.49177976870515694
48201520604,Harris County,0.8726,3057,29.806917,-95.4950326,10.666666666666666,"Morgans Point, TX",31.0,0.0,0.0,0.8731238743245948,0.75,0.0,0.048164318702528665,0.4917535941676313
48201423304,Harris County,0.8111,3557,29.6607543,-95.5203499,10.666666666666666,"Morgans Point, TX",24.0,0.0,0.0,0.8115869521713028,0.8064516129032258,0.0,0.062278692431715806,0.4916394387655301
48201220200,Harris County,0.8067,2313,29.8165562,-95.3649369,10.666666666666666,"Morgans Point, TX",22.0,0.0,0.0,0.8071843105863519,0.8225806451612903,0.0,0.01936887144754968,0.4908663738690476
48201452601,Harris County,0.8312,5799,29.7077035,-95.639154,10.666666666666666,"Morgans Point, TX",28.0,0.0,0.0,0.831699019411647,0.7741935483870968,0.0,0.08866693902104328,0.49063446424172746
48201453201,Harris County,0.8291,4248,29.6874517,-95.5629416,10.666666666666666,"Morgans Point, TX",27.0,0.0,0.0,0.8295977586551931,0.782258064516129,0.0,0.06948368513644367,0.490505115465041
48201231400,Harris County,0.7837,2973,29.8637479,-95.2870796,10.666666666666666,"Morgans Point, TX",20.0,0.0,0.0,0.7841705023013809,0.8387096774193549,0.0,0.03417184417367365,0.49028123833358805
48201421302,Harris County,0.8101,5915,29.7092106,-95.5026659,10.666666666666666,"Morgans Point, TX",24.0,0.0,0.0,0.8105863518110867,0.8064516129032258,0.0,0.05090154888585105,0.4902015443028789
48201321302,Harris County,0.7217,2148,29.6447146,-95.2117152,10.666666666666666,"Morgans Point, TX",13.0,0.0,0.0,0.7221332799679808,0.8951612903225806,0.0,0.04923813844885302,0.4901121849320538
48201232802,Harris County,0.741,2822,29.7851888,-95.2076883,10.666666666666666,"Morgans Point, TX",15.0,0.0,0.0,0.7414448669201521,0.8790322580645161,0.0,0.03386847030006859,0.48952998452540725
48201432101,Harris County,0.8214,2951,29.7333477,-95.517431,10.666666666666666,"Morgans Point, TX",26.0,0.0,0.0,0.821893135881529,0.7903225806451613,0.0,0.053018289400188656,0.4889665438980259
48201551101,Harris County,0.9151,4202,29.9871263,-95.4877052,10.666666666666666,"Morgans Point, TX",39.0,0.0,0.0,0.9156493896337803,0.685483870967742,0.0,0.08533606420605512,0.4888735846010622
48201330700,Harris County,0.7763,9562,29.5978578,-95.4428953,10.666666666666666,"Morgans Point, TX",21.0,0.0,0.0,0.7767660596357815,0.8306451612903226,0.0,0.061204475803387906,0.48834381385817005
48201222502,Harris County,0.818,3719,29.9253365,-95.3885504,10.666666666666666,"Morgans Point, TX",26.0,0.0,0.0,0.818491094656794,0.7903225806451613,0.0,0.05497522421581836,0.4881416250121684
48201550500,Harris County,0.8691,7011,29.9526294,-95.4466086,10.666666666666666,"Morgans Point, TX",33.0,0.0,0.0,0.8696217730638384,0.7338709677419355,0.0,0.06970080321606785,0.48801790256333893
48201230800,Harris County,0.7788,2136,29.8398272,-95.2937237,10.666666666666666,"Morgans Point, TX",20.0,0.0,0.0,0.7792675605363218,0.8387096774193549,0.0,0.026152106309018788,0.4880083820176048
48201331602,Harris County,0.7571,3034,29.6278814,-95.3182656,10.666666666666666,"Morgans Point, TX",18.0,0.0,0.0,0.7575545327196318,0.8548387096774194,0.0,0.042351545608419874,0.4879531272799573
48201322701,Harris County,0.73,2401,29.6950477,-95.1662502,10.666666666666666,"Morgans Point, TX",15.0,0.0,0.0,0.7304382629577747,0.8790322580645161,0.0,0.04964580689896964,0.4878057369965842
48201210700,Harris County,0.7817,2534,29.8067305,-95.3535208,10.666666666666666,"Morgans Point, TX",20.0,0.0,0.0,0.7821693015809486,0.8387096774193549,0.0,0.015006459286634367,0.48776433962875443
48201233300,Harris County,0.7416,4750,29.7542552,-95.2006244,10.666666666666666,"Morgans Point, TX",16.0,0.0,0.0,0.7420452271362818,0.8709677419354839,0.0,0.03507206092895127,0.48741109681442485
48201550308,Harris County,0.8716,3316,29.9894493,-95.428432,10.666666666666666,"Morgans Point, TX",34.0,0.0,0.0,0.8721232739643787,0.7258064516129032,0.0,0.07858108339464175,0.4872370260126487
48201333502,Harris County,0.7406,2764,29.6670118,-95.2847899,10.666666666666666,"Morgans Point, TX",16.0,0.0,0.0,0.7410446267760658,0.8709677419354839,0.0,0.031852247583731584,0.48678893537183804
48201253900,Harris County,0.6818,3808,29.7529642,-94.9334749,10.666666666666666,"Morgans Point, TX",12.0,0.0,0.0,0.6822093255953572,0.9032258064516129,0.0,0.1111463298140587,0.4867451725954968
48201330200,Harris County,0.7813,4997,29.6346785,-95.4536495,10.666666666666666,"Morgans Point, TX",22.0,0.0,0.0,0.7817690614368622,0.8225806451612903,0.0,0.053188495718670875,0.48662376155131276
48201521701,Harris County,0.8496,5219,29.8582185,-95.5307509,10.666666666666666,"Morgans Point, TX",31.0,0.0,0.0,0.8501100660396238,0.75,0.0,0.06422725934750227,0.48645574574663736
48167723504,Galveston County,0.1714,2302,29.372477,-95.1143421,34.0,"Eagle Point, TX",12.0,0.0,1.0,0.17150290174104463,0.9032258064516129,0.0,0.13999174275245838,0.48641778673304303
48201221100,Harris County,0.8032,3702,29.860055,-95.3546869,10.666666666666666,"Morgans Point, TX",24.0,0.0,0.0,0.8036822093255954,0.8064516129032258,0.0,0.03175564099277068,0.4862157107679234
48201521800,Harris County,0.8596,4975,29.8526013,-95.5497025,10.666666666666666,"Morgans Point, TX",33.0,0.0,0.0,0.8601160696417851,0.7338709677419355,0.0,0.06818602040258451,0.48501471325537465
48201330600,Harris County,0.7587,6884,29.6122756,-95.4336038,10.666666666666666,"Morgans Point, TX",20.0,0.0,0.0,0.7591554932959776,0.8387096774193549,0.0,0.055784161837259864,0.48493796739832573
48201530800,Harris County,0.8501,4133,29.8534493,-95.4202266,10.666666666666666,"Morgans Point, TX",31.0,0.0,0.0,0.8506103662197319,0.75,0.0,0.038420481687141225,0.48402515803463364
48201552603,Harris County,0.9037,5096,29.9608453,-95.5571827,10.666666666666666,"Morgans Point, TX",40.0,0.0,0.0,0.9042425455273164,0.6774193548387097,0.0,0.09078414639585143,0.483576984749393
48167725300,Galveston County,0.4452,2038,29.2861118,-94.8267611,18.0,"Galveston Pier 21, TX",8.0,0.0,0.3142857142857143,0.4454672803682209,0.935483870967742,0.0,0.2102994950958771,0.4824581520532337
48201521100,Harris County,0.8543,2650,29.8017669,-95.5197006,10.666666666666666,"Morgans Point, TX",33.0,0.0,0.0,0.8548128877326395,0.7338709677419355,0.0,0.054478265982814154,0.4820529832406539
48201522301,Harris County,0.8294,4084,29.7902459,-95.5268985,10.666666666666666,"Morgans Point, TX",30.0,0.0,0.0,0.829897938763258,0.7580645161290323,0.0,0.0557256558331166,0.48196130205099874
48201550201,Harris County,0.8072,1715,29.9602099,-95.4216347,10.666666666666666,"Morgans Point, TX",28.0,0.0,0.0,0.8076846107664599,0.7741935483870968,0.0,0.06894138936007277,0.4814575866820742
48201550603,Harris County,0.8693,5475,29.9578566,-95.4713104,10.666666666666666,"Morgans Point, TX",36.0,0.0,0.0,0.8698218931358815,0.7096774193548387,0.0,0.07471595463565417,0.48132138921078144
48201552501,Harris County,0.9347,5407,29.9454743,-95.5802668,10.666666666666666,"Morgans Point, TX",45.0,0.0,0.0,0.9352611566940164,0.6370967741935484,0.0,0.09219616340960377,0.48092699560722985
48201341304,Harris County,0.6196,1484,29.5706318,-95.0924885,10.666666666666666,"Morgans Point, TX",6.0,0.0,0.0,0.619971983189914,0.9516129032258065,0.0,0.09042649419296045,0.4805181153440122
48167723403,Galveston County,0.129,3569,29.3907653,-95.1081966,34.0,"Eagle Point, TX",9.0,0.0,1.0,0.12907744646788075,0.9274193548387096,0.0,0.13540035764034003,0.4804890761560111
48201452002,Harris County,0.8007,3282,29.7314304,-95.6023918,10.666666666666666,"Morgans Point, TX",28.0,0.0,0.0,0.8011807084250551,0.7741935483870968,0.0,0.07706527021672309,0.4803188040653178
48201533402,Harris County,0.8334,5535,29.8848401,-95.4453403,10.666666666666666,"Morgans Point, TX",31.0,0.0,0.0,0.8339003402041225,0.75,0.0,0.0509067790207248,0.4802607799633092
48201252700,Harris County,0.712,4282,29.9167216,-95.0200269,10.666666666666666,"Morgans Point, TX",18.0,0.0,0.0,0.7124274564738843,0.8548387096774194,0.0,0.10012421942170982,0.4801922717875621
48201240503,Harris County,0.7807,2882,29.9497216,-95.3889544,10.666666666666666,"Morgans Point, TX",25.0,0.0,0.0,0.7811687012207325,0.7983870967741935,0.0,0.06268156160295167,0.480134895558773
48167721205,Galveston County,0.1122,5905,29.5209786,-95.0547974,34.0,"Eagle Point, TX",6.0,0.0,1.0,0.11226736041624975,0.9516129032258065,0.0,0.10950031347347806,0.4801141104399646
48201520501,Harris County,0.7792,3609,29.8148906,-95.4713169,10.666666666666666,"Morgans Point, TX",24.0,0.0,0.0,0.7796678006804083,0.8064516129032258,0.0,0.04274603991285414,0.4801104280663756
48201220300,Harris County,0.794,4162,29.8242369,-95.3656588,10.666666666666666,"Morgans Point, TX",25.0,0.0,0.0,0.794476686011607,0.7983870967741935,0.0,0.02168715182641097,0.4800278500183813
48201550901,Harris County,0.8559,5986,29.9512831,-95.4937683,10.666666666666666,"Morgans Point, TX",35.0,0.0,0.0,0.8564138483089854,0.717741935483871,0.0,0.07656836875203625,0.47990357201306055
48201232902,Harris County,0.6985,4499,29.800392,-95.1872051,10.666666666666666,"Morgans Point, TX",14.0,0.0,0.0,0.6989193516109666,0.8870967741935484,0.0,0.040814386455347726,0.4798862763868893
48201312603,Harris County,0.7388,3642,29.7268636,-95.3779522,10.666666666666666,"Morgans Point, TX",18.0,0.0,0.0,0.7392435461276766,0.8548387096774194,0.0,0.01647614010726455,0.47987229075225524
48201530702,Harris County,0.8051,3778,29.8516318,-95.4039843,10.666666666666666,"Morgans Point, TX",27.0,0.0,0.0,0.805583350010006,0.782258064516129,0.0,0.03508483149956477,0.479860907507797
48201522302,Harris County,0.8206,3607,29.7894965,-95.5380653,10.666666666666666,"Morgans Point, TX",30.0,0.0,0.0,0.8210926555933561,0.7580645161290323,0.0,0.05882642385786979,0.4796297939025035
48167725900,Galveston County,0.3943,2931,29.2607101,-94.8608274,18.0,"Galveston Pier 21, TX",3.0,0.0,0.3142857142857143,0.39453672203321993,0.9758064516129032,0.0,0.2102499457973463,0.4792708038164287
48201433006,Harris County,0.7944,2212,29.7113758,-95.5415869,10.666666666666666,"Morgans Point, TX",27.0,0.0,0.0,0.7948769261556935,0.782258064516129,0.0,0.061302465814285945,0.4792707437829753
48201311501,Harris County,0.6871,2474,29.7052377,-95.2868304,10.666666666666666,"Morgans Point, TX",12.0,0.0,0.0,0.6875125075045028,0.9032258064516129,0.0,0.020408091831591823,0.47926230336999387
48201320500,Harris County,0.6917,4426,29.6991881,-95.2440992,10.666666666666666,"Morgans Point, TX",13.0,0.0,0.0,0.6921152691614969,0.8951612903225806,0.0,0.030060964697451332,0.47918906431496844
48167720602,Galveston County,0.1294,3208,29.4559377,-95.0913162,34.0,"Eagle Point, TX",9.0,0.0,1.0,0.12947768661196718,0.9274193548387096,0.0,0.11943691537699895,0.47901280397290297
48201331604,Harris County,0.719,2214,29.632015,-95.3440505,10.666666666666666,"Morgans Point, TX",17.0,0.0,0.0,0.7194316589953973,0.8629032258064516,0.0,0.04111564707559483,0.47881203014811413
48201233200,Harris County,0.6958,6664,29.7793051,-95.1927525,10.666666666666666,"Morgans Point, TX",14.0,0.0,0.0,0.696217730638383,0.8870967741935484,0.0,0.03769054421703246,0.4787634058712826
48201250202,Harris County,0.7684,2328,29.9451501,-95.2714963,10.666666666666666,"Morgans Point, TX",24.0,0.0,0.0,0.7688613167900741,0.8064516129032258,0.0,0.06101641801539326,0.47869552070952925
48201321402,Harris County,0.6753,4773,29.6566446,-95.2197688,10.666666666666666,"Morgans Point, TX",12.0,0.0,0.0,0.6757054232539524,0.9032258064516129,0.0,0.044785242661062805,0.47815789317777585
48201521401,Harris County,0.8012,4060,29.829259,-95.5024151,10.666666666666666,"Morgans Point, TX",28.0,0.0,0.0,0.8016810086051631,0.7741935483870968,0.0,0.05275110027279676,0.4780374771249576
48201250602,Harris County,0.8249,5222,29.9888377,-95.2342099,10.666666666666666,"Morgans Point, TX",32.0,0.0,0.0,0.8253952371422854,0.7419354838709677,0.0,0.0778903139160718,0.47798824769558307
48201321001,Harris County,0.6811,3039,29.6322318,-95.2288977,10.666666666666666,"Morgans Point, TX",13.0,0.0,0.0,0.681508905343206,0.8951612903225806,0.0,0.04950597291592465,0.47795165599132844
48201223100,Harris County,0.7761,2433,29.923702,-95.3245866,10.666666666666666,"Morgans Point, TX",25.0,0.0,0.0,0.7765659395637383,0.7983870967741935,0.0,0.0518280415274409,0.4776687150541236
48201340102,Harris County,0.6634,5507,29.5988878,-95.1904393,10.666666666666666,"Morgans Point, TX",12.0,0.0,0.0,0.6637982789673804,0.9032258064516129,0.0,0.06477635269971489,0.4765848608956694
48201521000,Harris County,0.828,2293,29.7943621,-95.5176361,10.666666666666666,"Morgans Point, TX",32.0,0.0,0.0,0.8284970982589553,0.7419354838709677,0.0,0.053376364430206616,0.4764674110819975
48201324000,Harris County,0.6767,5720,29.6526201,-95.1668761,10.666666666666666,"Morgans Point, TX",14.0,0.0,0.0,0.677106263758255,0.8870967741935484,0.0,0.056799121907229286,0.47494082357626394
48201420100,Harris County,0.729,2776,29.6734152,-95.4357401,10.666666666666666,"Morgans Point, TX",20.0,0.0,0.0,0.7294376625975586,0.8387096774193549,0.0,0.04044070934083156,0.47448827293915713
48201222300,Harris County,0.8328,4984,29.8959119,-95.3513748,10.666666666666666,"Morgans Point, TX",33.0,0.0,0.0,0.8332999799879928,0.7338709677419355,0.0,0.04316039862771587,0.47446732418175
48167721208,Galveston County,0.0996,1165,29.5286473,-95.0200429,34.0,"Eagle Point, TX",7.0,0.0,1.0,0.09965979587752652,0.9435483870967742,0.0,0.11502263940060502,0.47446471883235075
48201521501,Harris County,0.8272,2684,29.8250079,-95.5228108,10.666666666666666,"Morgans Point, TX",33.0,0.0,0.0,0.8276966179707825,0.7338709677419355,0.0,0.05758564246653008,0.4742288399604684
48167724800,Galveston County,0.4382,1490,29.2920594,-94.7927922,18.0,"Galveston Pier 21, TX",11.0,0.0,0.3142857142857143,0.438463077846708,0.9112903225806451,0.0,0.21558991445494977,0.4736278687165581
48201422701,Harris County,0.7385,5120,29.6973752,-95.4999729,10.666666666666666,"Morgans Point, TX",22.0,0.0,0.0,0.7389433660196119,0.8225806451612903,0.0,0.05158857913582253,0.47361606126785283
48167723501,Galveston County,0.1089,1885,29.3592585,-95.0687489,34.0,"Eagle Point, TX",10.0,0.0,1.0,0.10896537922753652,0.9193548387096774,0.0,0.1498562127407717,0.4734816866552413
48201252202,Harris County,0.6714,6817,29.8412913,-95.1473693,10.666666666666666,"Morgans Point, TX",14.0,0.0,0.0,0.6718030818491095,0.8870967741935484,0.0,0.05645044602178737,0.47331500141497607
48201533401,Harris County,0.77,4774,29.8915091,-95.433663,10.666666666666666,"Morgans Point, TX",26.0,0.0,0.0,0.7704622773664199,0.7903225806451613,0.0,0.05064555421991129,0.47330001282546547
48201550202,Harris County,0.8911,1998,29.9568578,-95.4315035,10.666666666666666,"Morgans Point, TX",42.0,0.0,0.0,0.8916349809885932,0.6612903225806452,0.0,0.06904005838569321,0.47278159690934085
48167721503,Galveston County,0.1117,1457,29.5458732,-95.0309379,34.0,"Eagle Point, TX",9.0,0.0,1.0,0.11176706023614168,0.9274193548387096,0.0,0.108988759493602,0.4726548004718156
48201453901,Harris County,0.795,5485,29.685336,-95.6286604,10.666666666666666,"Morgans Point, TX",31.0,0.0,0.0,0.7954772863718231,0.75,0.0,0.08751346544060762,0.4723945324556077
48201241501,Harris County,0.8395,3964,29.9830234,-95.2905315,10.666666666666666,"Morgans Point, TX",36.0,0.0,0.0,0.8400040024014409,0.7096774193548387,0.0,0.07209199823620067,0.47211362635050397
48201250601,Harris County,0.8379,3085,29.9882075,-95.2643555,10.666666666666666,"Morgans Point, TX",36.0,0.0,0.0,0.8384030418250951,0.7096774193548387,0.0,0.07520666797141581,0.4719448051511217
48201332400,Harris County,0.699,4097,29.6581951,-95.3305738,10.666666666666666,"Morgans Point, TX",17.0,0.0,0.0,0.6994196517910747,0.8629032258064516,0.0,0.032304598613281325,0.471927323140586
48201313700,Harris County,0.7176,2045,29.6975415,-95.3665463,10.666666666666666,"Morgans Point, TX",19.0,0.0,0.0,0.7180308184910947,0.8467741935483871,0.0,0.02199757250235327,0.47164126086207986
48201522101,Harris County,0.8331,3435,29.8176644,-95.5410479,10.666666666666666,"Morgans Point, TX",35.0,0.0,0.0,0.8336001600960576,0.717741935483871,0.0,0.06172385255875057,0.4715750139298536
48201520502,Harris County,0.7553,4631,29.8349288,-95.4960956,10.666666666666666,"Morgans Point, TX",25.0,0.0,0.0,0.7557534520712428,0.7983870967741935,0.0,0.05193088950591599,0.4714352536042225
48201321102,Harris County,0.6657,4012,29.6278462,-95.2136038,10.666666666666666,"Morgans Point, TX",14.0,0.0,0.0,0.6660996597958775,0.8870967741935484,0.0,0.0532064463280503,0.4712795748296328
48167721204,Galveston County,0.1233,2908,29.5130603,-95.0697018,34.0,"Eagle Point, TX",11.0,0.0,1.0,0.1233740244146488,0.9112903225806451,0.0,0.10846206766979924,0.4712455108655681
48201520603,Harris County,0.7714,1944,29.806804,-95.4870314,10.666666666666666,"Morgans Point, TX",27.0,0.0,0.0,0.7718631178707225,0.782258064516129,0.0,0.045984995582283056,0.47083485427428373
48201232306,Harris County,0.7155,3896,29.8442707,-95.2011225,10.666666666666666,"Morgans Point, TX",20.0,0.0,0.0,0.7159295577346408,0.8387096774193549,0.0,0.04392580418427401,0.47078435096462606
48201310300,Harris County,0.6633,4281,29.7364559,-95.3359747,10.666666666666666,"Morgans Point, TX",12.0,0.0,0.0,0.6636982189313588,0.9032258064516129,0.0,0.0068719202622470965,0.47076439964111616
48167720605,Galveston County,0.0963,1393,29.4500898,-95.1624231,34.0,"Eagle Point, TX",8.0,0.0,1.0,0.09635781468881328,0.935483870967742,0.0,0.11109060491491492,0.4706615661884581
48201432502,Harris County,0.7514,1660,29.7249143,-95.5248404,10.666666666666666,"Morgans Point, TX",25.0,0.0,0.0,0.7518511106663999,0.7983870967741935,0.0,0.055615498033244046,0.4706330120355024
48201321700,Harris County,0.6685,3389,29.67773,-95.2355903,10.666666666666666,"Morgans Point, TX",14.0,0.0,0.0,0.6689013408044827,0.8870967741935484,0.0,0.036648880266591896,0.4704643225260685
48167721501,Galveston County,0.0827,3474,29.543689,-95.0692948,34.0,"Eagle Point, TX",6.0,0.0,1.0,0.08274964978987392,0.9516129032258065,0.0,0.10131576625999755,0.47044034253070377
48201553202,Harris County,0.8107,4174,30.0318213,-95.4458248,10.666666666666666,"Morgans Point, TX",34.0,0.0,0.0,0.8111867120272164,0.7258064516129032,0.0,0.09333643409265978,0.4704315925013018
48201211400,Harris County,0.7123,4127,29.7658176,-95.3288618,10.666666666666666,"Morgans Point, TX",18.0,0.0,0.0,0.7127276365819493,0.8548387096774194,0.0,0.0,0.4702699038778106
48201433005,Harris County,0.7786,2068,29.7150522,-95.5520841,10.666666666666666,"Morgans Point, TX",29.0,0.0,0.0,0.7790674404642786,0.7661290322580645,0.0,0.06390415788093345,0.4699493576047962
48201454304,Harris County,0.7978,5597,29.7227135,-95.6578548,10.666666666666666,"Morgans Point, TX",33.0,0.0,0.0,0.7982789673804283,0.7338709677419355,0.0,0.09310997887514923,0.46895597842422404
48201533702,Harris County,0.799,3488,29.9187464,-95.4384415,10.666666666666666,"Morgans Point, TX",32.0,0.0,0.0,0.7994796878126877,0.7419354838709677,0.0,0.05888358744954929,0.46831291025005156
48201533802,Harris County,0.812,7944,29.9260518,-95.467689,10.666666666666666,"Morgans Point, TX",34.0,0.0,0.0,0.8124874924954973,0.7258064516129032,0.0,0.06549820757558691,0.46803800399007883
48201253300,Harris County,0.5572,3883,29.7672653,-95.0427303,10.666666666666666,"Morgans Point, TX",3.0,0.0,0.0,0.5575345207124275,0.9758064516129032,0.0,0.08000443239873833,0.468002734937473
48167721401,Galveston County,0.0723,2216,29.5298056,-95.062953,34.0,"Eagle Point, TX",6.0,0.0,1.0,0.07234340604362618,0.9516129032258065,0.0,0.10580360061762148,0.4677672528425919
48201420200,Harris County,0.7376,2424,29.6674366,-95.4440195,10.666666666666666,"Morgans Point, TX",24.0,0.0,0.0,0.7380428256954173,0.8064516129032258,0.0,0.04350458418908053,0.467698789998501
48201421203,Harris County,0.7193,2451,29.7239806,-95.4871024,10.666666666666666,"Morgans Point, TX",22.0,0.0,0.0,0.7197318391034622,0.8225806451612903,0.0,0.045231941020438454,0.4672169393814695
48201522202,Harris County,0.8432,4193,29.800453,-95.5378892,10.666666666666666,"Morgans Point, TX",38.0,0.0,0.0,0.8437062237342405,0.6935483870967742,0.0,0.059430847301240416,0.4671194679794285
48167724500,Galveston County,0.4253,946,29.3037509,-94.7945196,18.0,"Galveston Pier 21, TX",12.0,0.0,0.3142857142857143,0.42555533319992,0.9032258064516129,0.0,0.21252764928521833,0.4670299639668389
48201453405,Harris County,0.7972,3623,29.6669379,-95.5735673,10.666666666666666,"Morgans Point, TX",33.0,0.0,0.0,0.7976786071642986,0.7338709677419355,0.0,0.07481671515326058,0.46694654398719626
48201343602,Harris County,0.5874,2776,29.6647108,-95.0073802,10.666666666666666,"Morgans Point, TX",8.0,0.0,0.0,0.5877526515909546,0.935483870967742,0.0,0.09541843813703345,0.4665128005813122
48201340101,Harris County,0.6275,1275,29.5841992,-95.176149,10.666666666666666,"Morgans Point, TX",12.0,0.0,0.0,0.6278767260356214,0.9032258064516129,0.0,0.07107815777373767,0.466438575523544
48201331603,Harris County,0.6769,4774,29.6267678,-95.3499492,10.666666666666666,"Morgans Point, TX",17.0,0.0,0.0,0.6773063838302982,0.8629032258064516,0.0,0.04302567730434519,0.46636545062145945
48201341700,Harris County,0.569,3205,29.6232275,-95.0105383,10.666666666666666,"Morgans Point, TX",6.0,0.0,0.0,0.5693416049629778,0.9516129032258065,0.0,0.09989080728259556,0.46627543318489484
48201212500,Harris County,0.718,3517,29.7520836,-95.2767055,10.666666666666666,"Morgans Point, TX",21.0,0.0,0.0,0.7184310586351811,0.8306451612903226,0.0,0.013624699273011322,0.46608533590495227
48201541603,Harris County,0.8274,7808,29.8430246,-95.6544993,10.666666666666666,"Morgans Point, TX",38.0,0.0,0.0,0.8278967380428257,0.6935483870967742,0.0,0.09505756889782348,0.4659392944316623
48201532302,Harris County,0.7517,3735,29.855131,-95.4952511,10.666666666666666,"Morgans Point, TX",27.0,0.0,0.0,0.7521512907744647,0.782258064516129,0.0,0.05503500642888818,0.46582630723006685
48201330303,Harris County,0.7001,4588,29.6263774,-95.4974893,10.666666666666666,"Morgans Point, TX",21.0,0.0,0.0,0.7005203121873124,0.8306451612903226,0.0,0.06384914860897982,0.46573455690418847
48201532600,Harris County,0.7966,7030,29.8916191,-95.4892092,10.666666666666666,"Morgans Point, TX",33.0,0.0,0.0,0.7970782469481689,0.7338709677419355,0.0,0.061083497853816934,0.46539311419241297
48201232801,Harris County,0.6272,2729,29.7880273,-95.1983573,10.666666666666666,"Morgans Point, TX",11.0,0.0,0.0,0.6275765459275565,0.9112903225806451,0.0,0.036667915730808534,0.4653268521255413
48201452101,Harris County,0.7346,6143,29.7267911,-95.5858055,10.666666666666666,"Morgans Point, TX",26.0,0.0,0.0,0.735041024614769,0.7903225806451613,0.0,0.07259674372810385,0.4648687559507894
48201342700,Harris County,0.6332,4699,29.6960655,-95.1188728,10.666666666666666,"Morgans Point, TX",13.0,0.0,0.0,0.6335801480888533,0.8951612903225806,0.0,0.06201606146742659,0.46482403767017283
48201350500,Harris County,0.6141,6767,29.5816669,-95.1957301,10.666666666666666,"Morgans Point, TX",11.0,0.0,0.0,0.6144686812087252,0.9112903225806451,0.0,0.06857217021670052,0.46458491815848113
48201452702,Harris County,0.7654,4341,29.6955682,-95.6307057,10.666666666666666,"Morgans Point, TX",31.0,0.0,0.0,0.7658595157094257,0.75,0.0,0.08719417204840568,0.4634772719176683
48201550303,Harris County,0.8259,4069,29.9765913,-95.4273556,10.666666666666666,"Morgans Point, TX",38.0,0.0,0.0,0.8263958375025015,0.6935483870967742,0.0,0.07453651165186832,0.4634369185449695
48167720507,Galveston County,0.0816,4960,29.4755707,-95.1410209,34.0,"Eagle Point, TX",9.0,0.0,1.0,0.08164898939363618,0.9274193548387096,0.0,0.10645946889024922,0.4633664501587287
48201534201,Harris County,0.8163,3465,29.9127214,-95.5480759,10.666666666666666,"Morgans Point, TX",37.0,0.0,0.0,0.8167900740444267,0.7016129032258065,0.0,0.07830138273210902,0.4633510314542808
48201451800,Harris County,0.7328,5740,29.7188585,-95.6342779,10.666666666666666,"Morgans Point, TX",27.0,0.0,0.0,0.7332399439663798,0.782258064516129,0.0,0.08664877323403085,0.4633142798681557
48201232403,Harris County,0.7081,4184,29.8090933,-95.2052647,10.666666666666666,"Morgans Point, TX",22.0,0.0,0.0,0.7085251150690414,0.8225806451612903,0.0,0.03701818042219909,0.4630335461113194
48167720400,Galveston County,0.099,9836,29.4830867,-95.1967697,34.0,"Eagle Point, TX",11.0,0.0,1.0,0.09905943566139684,0.9112903225806451,0.0,0.09723180077503915,0.46282810755011644
48201221302,Harris County,0.7577,3647,29.8523203,-95.3662381,10.666666666666666,"Morgans Point, TX",28.0,0.0,0.0,0.7581548929357615,0.7741935483870968,0.0,0.030234976391381344,0.4627280300359956
48201343700,Harris County,0.554,4005,29.6374126,-95.0618101,10.666666666666666,"Morgans Point, TX",5.0,0.0,0.0,0.5543325995597359,0.9596774193548387,0.0,0.08476093022506835,0.46267909869687923
48201530300,Harris County,0.7187,2605,29.8175261,-95.3887898,10.666666666666666,"Morgans Point, TX",23.0,0.0,0.0,0.7191314788873324,0.814516129032258,0.0,0.02366332742267498,0.4624606151181446
48167720504,Galveston County,0.1032,1680,29.4781666,-95.1708995,34.0,"Eagle Point, TX",12.0,0.0,1.0,0.10326195717430459,0.9032258064516129,0.0,0.10172654389500535,0.46211898347727576
48167720604,Galveston County,0.0575,2916,29.4650862,-95.1035399,34.0,"Eagle Point, TX",7.0,0.0,1.0,0.05753452071242746,0.9435483870967742,0.0,0.11500069005057331,0.4618249413478179
48201421700,Harris County,0.7152,4873,29.6869475,-95.4877251,10.666666666666666,"Morgans Point, TX",24.0,0.0,0.0,0.715629377626576,0.8064516129032258,0.0,0.049932916426336786,0.46161758880157416
48201350804,Harris County,0.1119,6310,29.5124533,-95.1497302,34.0,"Eagle Point, TX",13.0,0.0,1.0,0.11196718030818492,0.8951612903225806,0.0,0.09478913565538045,0.46161745475476773
48201221602,Harris County,0.7395,5411,29.8792764,-95.4010173,10.666666666666666,"Morgans Point, TX",27.0,0.0,0.0,0.739943966379828,0.782258064516129,0.0,0.042356869915647744,0.46089629626035183
48201532400,Harris County,0.7174,6207,29.8697003,-95.5046102,10.666666666666666,"Morgans Point, TX",25.0,0.0,0.0,0.7178306984190514,0.7983870967741935,0.0,0.05992581449558577,0.46085792000753206
48201452300,Harris County,0.7142,2443,29.7078193,-95.5654888,10.666666666666666,"Morgans Point, TX",25.0,0.0,0.0,0.7146287772663598,0.7983870967741935,0.0,0.06818680943401263,0.46072344315556724
48201533803,Harris County,0.7555,6602,29.9087981,-95.4517886,10.666666666666666,"Morgans Point, TX",30.0,0.0,0.0,0.755953572143286,0.7580645161290323,0.0,0.05825845864886871,0.46003127234658236
48201450803,Harris County,0.7441,5224,29.7530873,-95.5683386,10.666666666666666,"Morgans Point, TX",29.0,0.0,0.0,0.7445467280368221,0.7661290322580645,0.0,0.06679648731366483,0.45988237681983246
48201432006,Harris County,0.7101,2079,29.7345738,-95.49828,10.666666666666666,"Morgans Point, TX",24.0,0.0,0.0,0.7105263157894737,0.8064516129032258,0.0,0.04757375966063912,0.45985075457387375
48201350400,Harris County,0.6,6682,29.5956619,-95.2091822,10.666666666666666,"Morgans Point, TX",11.0,0.0,0.0,0.6003602161296778,0.9112903225806451,0.0,0.06263692281904955,0.4597588538950018
48201533903,Harris County,0.7833,4375,29.9218656,-95.4861431,10.666666666666666,"Morgans Point, TX",34.0,0.0,0.0,0.7837702621572944,0.7258064516129032,0.0,0.06767448958512626,0.4596404630895719
48201521300,Harris County,0.7372,6265,29.81656,-95.5118968,10.666666666666666,"Morgans Point, TX",28.0,0.0,0.0,0.7376425855513308,0.7741935483870968,0.0,0.05371893145135835,0.45892273332666406
48201422502,Harris County,0.6952,3487,29.6694937,-95.499711,10.666666666666666,"Morgans Point, TX",23.0,0.0,0.0,0.6956173704222535,0.814516129032258,0.0,0.05576131589925434,0.45861618142627886
48201423600,Harris County,0.6982,6950,29.6337489,-95.520956,10.666666666666666,"Morgans Point, TX",24.0,0.0,0.0,0.6986191715029019,0.8064516129032258,0.0,0.06742234140761717,0.4582634694626
48167721210,Galveston County,0.0266,6459,29.513747,-95.017292,34.0,"Eagle Point, TX",5.0,0.0,1.0,0.026615969581749048,0.9596774193548387,0.0,0.11886526987921424,0.4577745436688977
48201453902,Harris County,0.7382,3924,29.6784422,-95.622366,10.666666666666666,"Morgans Point, TX",30.0,0.0,0.0,0.7386431859115469,0.7580645161290323,0.0,0.08646742436281869,0.4576590530484556
48201222702,Harris County,0.7321,3832,29.9351531,-95.3408688,10.666666666666666,"Morgans Point, TX",28.0,0.0,0.0,0.7325395237142286,0.7741935483870968,0.0,0.055676522399415444,0.45758757387033916
48167721403,Galveston County,0.051,4974,29.5363733,-95.0462401,34.0,"Eagle Point, TX",8.0,0.0,1.0,0.051030618371022615,0.935483870967742,0.0,0.10775393741742584,0.45672974054337195
48201423301,Harris County,0.71,4738,29.6704175,-95.5186283,10.666666666666666,"Morgans Point, TX",26.0,0.0,0.0,0.7104262557534521,0.7903225806451613,0.0,0.060266212131236487,0.4562512721327076
48201252304,Harris County,0.5928,4040,29.7977616,-95.1590244,10.666666666666666,"Morgans Point, TX",11.0,0.0,0.0,0.5931558935361217,0.9112903225806451,0.0,0.048307333740232127,0.45616459820905325
48201542401,Harris County,0.8133,5078,29.7953916,-95.7245276,10.666666666666666,"Morgans Point, TX",41.0,0.0,0.0,0.8137882729637783,0.6693548387096775,0.0,0.11177642789014275,0.456120576291051
48167724300,Galveston County,0.3878,3123,29.3077042,-94.7803622,18.0,"Galveston Pier 21, TX",12.0,0.0,0.3142857142857143,0.3880328196918151,0.9032258064516129,0.0,0.21452937876715883,0.45597338286260136
48201311001,Harris County,0.6215,2756,29.7457725,-95.3037286,10.666666666666666,"Morgans Point, TX",13.0,0.0,0.0,0.6218731238743247,0.8951612903225806,0.0,0.007243124277755297,0.45583463668684715
48201240102,Harris County,0.7783,1829,29.9474154,-95.4104973,10.666666666666666,"Morgans Point, TX",35.0,0.0,0.0,0.7787672603562138,0.717741935483871,0.0,0.06387470653379076,0.45534022940540453
48201550406,Harris County,0.7647,3879,29.98688,-95.450271,10.666666666666666,"Morgans Point, TX",34.0,0.0,0.0,0.7651590954572745,0.7258064516129032,0.0,0.08022208382134302,0.4553118725031876
48201342100,Harris County,0.5603,4375,29.655812,-95.1424321,10.666666666666666,"Morgans Point, TX",8.0,0.0,0.0,0.5606363818290975,0.935483870967742,0.0,0.061877332180073956,0.45502380905705925
48201423402,Harris County,0.6796,4587,29.6485541,-95.5296515,10.666666666666666,"Morgans Point, TX",23.0,0.0,0.0,0.6800080048028817,0.814516129032258,0.0,0.0666518593930766,0.45502242608984955
48201432401,Harris County,0.7135,4411,29.7231758,-95.5432705,10.666666666666666,"Morgans Point, TX",27.0,0.0,0.0,0.7139283570142085,0.782258064516129,0.0,0.060873446522716534,0.4549432711113729
48201252201,Harris County,0.5796,5397,29.8265714,-95.1639591,10.666666666666666,"Morgans Point, TX",10.0,0.0,0.0,0.5799479687812688,0.9193548387096774,0.0,0.05009773896006464,0.4548006161432903
48201534002,Harris County,0.7748,5268,29.9082771,-95.5007246,10.666666666666666,"Morgans Point, TX",35.0,0.0,0.0,0.7752651590954573,0.717741935483871,0.0,0.06723309245213789,0.4546254376190123
48167721203,Galveston County,0.0255,3950,29.4976901,-95.0718544,34.0,"Eagle Point, TX",6.0,0.0,1.0,0.025515309185511308,0.9516129032258065,0.0,0.11185384307155108,0.45432384803055037
48201333802,Harris County,0.6334,6116,29.6121982,-95.2732798,10.666666666666666,"Morgans Point, TX",17.0,0.0,0.0,0.6337802681608965,0.8629032258064516,0.0,0.04989163815949819,0.4539942120061542
48201550800,Harris County,0.7854,3679,29.9509869,-95.4761029,10.666666666666666,"Morgans Point, TX",37.0,0.0,0.0,0.7858715229137483,0.7016129032258065,0.0,0.0735709508836833,0.4536024229302348
48201240400,Harris County,0.777,7976,29.9875102,-95.3732973,10.666666666666666,"Morgans Point, TX",36.0,0.0,0.0,0.7774664798879328,0.7096774193548387,0.0,0.07382857834102514,0.453526027606934
48167721209,Galveston County,0.0208,2745,29.4933816,-95.0540747,34.0,"Eagle Point, TX",6.0,0.0,1.0,0.020812487492495497,0.9516129032258065,0.0,0.11624988523656048,0.4533526057391466
48201432804,Harris County,0.6786,1873,29.7183288,-95.5067597,10.666666666666666,"Morgans Point, TX",23.0,0.0,0.0,0.6790074044426656,0.814516129032258,0.0,0.05112576440415643,0.45316963648289266
48167720601,Galveston County,0.0493,2713,29.434084,-95.0984185,34.0,"Eagle Point, TX",10.0,0.0,1.0,0.04932959775865519,0.9193548387096774,0.0,0.12437538614516187,0.45304286955501594
48201314301,Harris County,0.6507,1936,29.6791537,-95.4158615,10.666666666666666,"Morgans Point, TX",19.0,0.0,0.0,0.6510906543926356,0.8467741935483871,0.0,0.03511595055909532,0.4528710494382163
48201421801,Harris County,0.6681,1907,29.6785537,-95.4800376,10.666666666666666,"Morgans Point, TX",22.0,0.0,0.0,0.6685011006603963,0.8225806451612903,0.0,0.04942818301898454,0.4522673420484044
48201422602,Harris County,0.6729,2317,29.6870675,-95.4977289,10.666666666666666,"Morgans Point, TX",23.0,0.0,0.0,0.6733039823894338,0.814516129032258,0.0,0.05244276937472417,0.45159031036397995
48201522001,Harris County,0.758,1806,29.8297842,-95.5384479,10.666666666666666,"Morgans Point, TX",34.0,0.0,0.0,0.7584550730438263,0.7258064516129032,0.0,0.06230441064002881,0.45150889846102177
48201432501,Harris County,0.6944,3200,29.7243764,-95.534001,10.666666666666666,"Morgans Point, TX",26.0,0.0,0.0,0.6948168901340805,0.7903225806451613,0.0,0.058206512485199355,0.45136249248229243
48201531300,Harris County,0.7067,5233,29.8231943,-95.463003,10.666666666666666,"Morgans Point, TX",27.0,0.0,0.0,0.7071242745647389,0.782258064516129,0.0,0.04179400195012889,0.45099410191927325
48201522102,Harris County,0.724,4959,29.8157781,-95.5314944,10.666666666666666,"Morgans Point, TX",30.0,0.0,0.0,0.7244346607964779,0.7580645161290323,0.0,0.05894176148278545,0.4506439292259316
48201530400,Harris County,0.6524,3330,29.8261231,-95.3879776,10.666666666666666,"Morgans Point, TX",20.0,0.0,0.0,0.652791675005003,0.8387096774193549,0.0,0.025657131736668493,0.45001611890097415
48167720501,Galveston County,0.0631,4070,29.5019392,-95.1359539,34.0,"Eagle Point, TX",12.0,0.0,1.0,0.06313788272963779,0.9032258064516129,0.0,0.09981120928214104,0.4498902276825893
48201421101,Harris County,0.6603,2644,29.7222779,-95.4700803,10.666666666666666,"Morgans Point, TX",22.0,0.0,0.0,0.6606964178507104,0.8225806451612903,0.0,0.04073534011956215,0.4490566529155564
48201532301,Harris County,0.7173,4674,29.8587372,-95.5129694,10.666666666666666,"Morgans Point, TX",30.0,0.0,0.0,0.7177306383830299,0.7580645161290323,0.0,0.059934546267197776,0.44873200098033844
48201221502,Harris County,0.7149,3321,29.8672178,-95.4021729,10.666666666666666,"Morgans Point, TX",29.0,0.0,0.0,0.7153291975185111,0.7661290322580645,0.0,0.03907325193751963,0.4483447941267246
48201452202,Harris County,0.6474,3557,29.7227148,-95.5647321,10.666666666666666,"Morgans Point, TX",22.0,0.0,0.0,0.6477886732039223,0.8225806451612903,0.0,0.06690409252045776,0.44780120476160956
48201451903,Harris County,0.6906,3299,29.716624,-95.6095615,10.666666666666666,"Morgans Point, TX",28.0,0.0,0.0,0.6910146087652592,0.7741935483870968,0.0,0.0798310166089384,0.44754554880660063
48201452401,Harris County,0.6772,3393,29.7139369,-95.5795752,10.666666666666666,"Morgans Point, TX",26.0,0.0,0.0,0.677606563938363,0.7903225806451613,0.0,0.07162474402612215,0.4475412177776694
48167721206,Galveston County,0.0025,4765,29.5090996,-95.0530315,34.0,"Eagle Point, TX",6.0,0.0,1.0,0.0025015009005403244,0.9516129032258065,0.0,0.11265185682227326,0.4474995069201313
48201251702,Harris County,0.6892,3443,30.0157224,-95.0839049,10.666666666666666,"Morgans Point, TX",29.0,0.0,0.0,0.6896137682609567,0.7661290322580645,0.0,0.1072587862602567,0.447448718781732
48201522201,Harris County,0.7286,4629,29.8085325,-95.5398873,10.666666666666666,"Morgans Point, TX",32.0,0.0,0.0,0.7290374224534721,0.7419354838709677,0.0,0.06059422986872414,0.44735129488420433
48201250304,Harris County,0.6936,9198,29.947089,-95.2263045,10.666666666666666,"Morgans Point, TX",28.0,0.0,0.0,0.6940164098459076,0.7741935483870968,0.0,0.06610387863485796,0.4470733753333871
48201550102,Harris County,0.742,2513,29.9417695,-95.4293818,10.666666666666666,"Morgans Point, TX",34.0,0.0,0.0,0.7424454672803682,0.7258064516129032,0.0,0.06430145063292002,0.44690572073127344
48201350104,Harris County,0.5876,4654,29.5942512,-95.256143,10.666666666666666,"Morgans Point, TX",15.0,0.0,0.0,0.5879527716629979,0.8790322580645161,0.0,0.05706878533431833,0.445802387451686
48201551902,Harris County,0.7627,4731,29.9001734,-95.5905766,10.666666666666666,"Morgans Point, TX",38.0,0.0,0.0,0.7631578947368421,0.6935483870967742,0.0,0.08586920312696762,0.44559880486278164
48201521202,Harris County,0.7303,3275,29.8068871,-95.5146086,10.666666666666666,"Morgans Point, TX",33.0,0.0,0.0,0.7307384430658395,0.7338709677419355,0.0,0.053503057773325924,0.44473312901966505
48201232405,Harris County,0.6373,5917,29.8210792,-95.1921157,10.666666666666666,"Morgans Point, TX",21.0,0.0,0.0,0.6376826095657394,0.8306451612903226,0.0,0.042088747143084956,0.44470720597112706
48167720506,Galveston County,0.0199,5682,29.4883705,-95.1483745,34.0,"Eagle Point, TX",9.0,0.0,1.0,0.019911947168300984,0.9274193548387096,0.0,0.10177007419905389,0.4443763980220086
48201311300,Harris County,0.5878,4496,29.7097312,-95.2945706,10.666666666666666,"Morgans Point, TX",14.0,0.0,0.0,0.588152891735041,0.8870967741935484,0.0,0.017996978799884912,0.4443745976585653
48201341303,Harris County,0.5307,2952,29.5651387,-95.1087269,10.666666666666666,"Morgans Point, TX",10.0,0.0,0.0,0.5310186111667,0.9193548387096774,0.0,0.08837163779011395,0.44394919874192457
48167721211,Galveston County,0.0026,2846,29.5000007,-95.0157978,34.0,"Eagle Point, TX",8.0,0.0,1.0,0.002601560936561937,0.935483870967742,0.0,0.12226536472540578,0.44365216604383173
48201334003,Harris County,0.5883,5578,29.6051658,-95.2300861,10.666666666666666,"Morgans Point, TX",16.0,0.0,0.0,0.5886531919151492,0.8709677419354839,0.0,0.056924493572351555,0.4435787295124251
48201432102,Harris County,0.671,4243,29.7337526,-95.5079975,10.666666666666666,"Morgans Point, TX",26.0,0.0,0.0,0.6714028417050231,0.7903225806451613,0.0,0.05034703097316968,0.4435523298023722
48167723900,Galveston County,0.2514,2626,29.4855244,-94.577374,18.0,"Galveston Pier 21, TX",1.0,0.0,0.3142857142857143,0.25155093055833505,0.9919354838709677,0.0,0.23116614276705783,0.44330539574835376
48167720512,Galveston County,0.0211,2999,29.478908,-95.1224599,34.0,"Eagle Point, TX",10.0,0.0,1.0,0.02111266760056034,0.9193548387096774,0.0,0.10825565655788523,0.44296581754885983
48201253101,Harris County,0.565,6071,29.8111578,-94.9913885,10.666666666666666,"Morgans Point, TX",15.0,0.0,0.0,0.5653392035221132,0.8790322580645161,0.0,0.09597342522010656,0.4429087809979994
48167720505,Galveston County,0.0385,4035,29.4749995,-95.1625849,34.0,"Eagle Point, TX",12.0,0.0,1.0,0.038523113868320996,0.9032258064516129,0.0,0.10371048902218913,0.442895724998199
48201540602,Harris County,0.7663,7731,29.874683,-95.634718,10.666666666666666,"Morgans Point, TX",40.0,0.0,0.0,0.7667600560336202,0.6774193548387097,0.0,0.0932283450646387,0.44257665776816285
48201250201,Harris County,0.6874,6841,29.9501906,-95.2569333,10.666666666666666,"Morgans Point, TX",29.0,0.0,0.0,0.6878126876125675,0.7661290322580645,0.0,0.06379171259551257,0.44256168722074085
48201534001,Harris County,0.7438,3465,29.9064322,-95.483956,10.666666666666666,"Morgans Point, TX",36.0,0.0,0.0,0.7442465479287573,0.7096774193548387,0.0,0.06347448862206509,0.44252463904728534
48201422501,Harris County,0.6575,3333,29.6746648,-95.5011866,10.666666666666666,"Morgans Point, TX",25.0,0.0,0.0,0.6578947368421053,0.7983870967741935,0.0,0.05525044202584904,0.44240959428747456
48201331501,Harris County,0.5893,4355,29.634145,-95.3590655,10.666666666666666,"Morgans Point, TX",16.0,0.0,0.0,0.5896537922753653,0.8709677419354839,0.0,0.04107825841688341,0.4422942861049431
48201550305,Harris County,0.7266,3372,30.004621,-95.4359881,10.666666666666666,"Morgans Point, TX",35.0,0.0,0.0,0.7270362217330398,0.717741935483871,0.0,0.08399849639642724,0.441833296804716
48201450302,Harris County,0.7124,5990,29.7790403,-95.6007307,10.666666666666666,"Morgans Point, TX",33.0,0.0,0.0,0.7128276966179709,0.7338709677419355,0.0,0.07618353309375023,0.44162795261734694
48201333904,Harris County,0.5754,6995,29.6150432,-95.2482191,10.666666666666666,"Morgans Point, TX",15.0,0.0,0.0,0.5757454472683611,0.8790322580645161,0.0,0.05167648417891146,0.44160096001775423
48201422403,Harris County,0.6363,2599,29.6617735,-95.4967033,10.666666666666666,"Morgans Point, TX",23.0,0.0,0.0,0.6366820092055233,0.814516129032258,0.0,0.056423888754676396,0.441001830346802
48201451407,Harris County,0.6758,1460,29.739641,-95.6163322,10.666666666666666,"Morgans Point, TX",29.0,0.0,0.0,0.6762057234340604,0.7661290322580645,0.0,0.08072900723906414,0.44077332743154385
48201533804,Harris County,0.7133,6649,29.9144724,-95.4612176,10.666666666666666,"Morgans Point, TX",33.0,0.0,0.0,0.7137282369421654,0.7338709677419355,0.0,0.06134905744142512,0.4404146671493728
48201332500,Harris County,0.5766,3659,29.6647618,-95.3076091,10.666666666666666,"Morgans Point, TX",15.0,0.0,0.0,0.5769461677006203,0.8790322580645161,0.0,0.030715285546623772,0.4398650562842033
48201452703,Harris County,0.6688,3294,29.6970297,-95.6391055,10.666666666666666,"Morgans Point, TX",29.0,0.0,0.0,0.6692015209125475,0.7661290322580645,0.0,0.08940523713407106,0.43953968966459067
48201412902,Harris County,0.6338,2671,29.6862533,-95.445239,10.666666666666666,"Morgans Point, TX",23.0,0.0,0.0,0.6341805083049831,0.814516129032258,0.0,0.039806750787237145,0.43858966627989604
48201222505,Harris County,0.6668,3351,29.9203357,-95.4033164,10.666666666666666,"Morgans Point, TX",28.0,0.0,0.0,0.6672003201921153,0.7741935483870968,0.0,0.05485687556153748,0.43790384812991734
48201431205,Harris County,0.651,2617,29.7393055,-95.5184834,10.666666666666666,"Morgans Point, TX",26.0,0.0,0.0,0.6513908345007005,0.7903225806451613,0.0,0.05302021894683061,0.4378160464384415
48201533100,Harris County,0.6745,6308,29.8764494,-95.4563662,10.666666666666666,"Morgans Point, TX",29.0,0.0,0.0,0.6749049429657795,0.7661290322580645,0.0,0.050930543823207476,0.43740324694947397
48201551000,Harris County,0.7435,3652,29.9697315,-95.4917709,10.666666666666666,"Morgans Point, TX",39.0,0.0,0.0,0.7439463678206925,0.685483870967742,0.0,0.08116238907667674,0.436945310544198
48201250102,Harris County,0.6652,5257,29.9768873,-95.247633,10.666666666666666,"Morgans Point, TX",29.0,0.0,0.0,0.6655993596157695,0.7661290322580645,0.0,0.07294078627923621,0.43681259619007384
48201530102,Harris County,0.6501,3029,29.811042,-95.454602,10.666666666666666,"Morgans Point, TX",26.0,0.0,0.0,0.650490294176506,0.7903225806451613,0.0,0.03788344019822221,0.43603220646632235
48201451700,Harris County,0.658,4429,29.7324585,-95.633194,10.666666666666666,"Morgans Point, TX",29.0,0.0,0.0,0.6583950370222134,0.7661290322580645,0.0,0.08574304459763507,0.4359315252438468
48201221200,Harris County,0.6829,5609,29.8645953,-95.3740348,10.666666666666666,"Morgans Point, TX",30.0,0.0,0.0,0.683309985991595,0.7580645161290323,0.0,0.034782484687407515,0.4358905991049289
48201454000,Harris County,0.6703,4529,29.6946956,-95.6510084,10.666666666666666,"Morgans Point, TX",31.0,0.0,0.0,0.6707024214528717,0.75,0.0,0.09288362952911672,0.4354990893887732
48201453604,Harris County,0.6485,4130,29.6792631,-95.5813011,10.666666666666666,"Morgans Point, TX",28.0,0.0,0.0,0.6488893336001601,0.7741935483870968,0.0,0.0753252584260837,0.43445739043878545
48201555404,Harris County,0.8713,4163,30.0821798,-95.6173684,10.666666666666666,"Morgans Point, TX",58.0,0.0,0.0,0.8718230938563137,0.532258064516129,0.0,0.13203287959482107,0.43442763547121493
48201542402,Harris County,0.7381,5940,29.7927912,-95.7388598,10.666666666666666,"Morgans Point, TX",41.0,0.0,0.0,0.7385431258755253,0.6693548387096775,0.0,0.11576258019208975,0.4339456473947698
48201252902,Harris County,0.5397,6360,29.8153898,-95.0412885,10.666666666666666,"Morgans Point, TX",15.0,0.0,0.0,0.5400240144086451,0.8790322580645161,0.0,0.08227913607606446,0.43394479534955477
48201552701,Harris County,0.7695,3226,29.9705797,-95.5483846,10.666666666666666,"Morgans Point, TX",44.0,0.0,0.0,0.7699619771863118,0.6451612903225806,0.0,0.09137342341354304,0.43367432259402205
48201252100,Harris County,0.5994,3142,29.8850976,-95.1385243,10.666666666666666,"Morgans Point, TX",22.0,0.0,0.0,0.5997598559135482,0.8225806451612903,0.0,0.06621742056218619,0.43332389237867014
48201241502,Harris County,0.6498,2098,29.944954,-95.2964849,10.666666666666666,"Morgans Point, TX",28.0,0.0,0.0,0.6501901140684412,0.7741935483870968,0.0,0.05948560413919354,0.43326365915058074
48201541302,Harris County,0.7228,7836,29.8730288,-95.6763863,10.666666666666666,"Morgans Point, TX",39.0,0.0,0.0,0.7232339403642185,0.685483870967742,0.0,0.10405153259415517,0.43302049665900366
48201530900,Harris County,0.6565,4464,29.8359653,-95.4201472,10.666666666666666,"Morgans Point, TX",28.0,0.0,0.0,0.6568941364818891,0.7741935483870968,0.0,0.03425235212197008,0.43275154067289273
48201552401,Harris County,0.7239,5560,29.9314561,-95.5970688,10.666666666666666,"Morgans Point, TX",39.0,0.0,0.0,0.7243346007604563,0.685483870967742,0.0,0.09311557778431694,0.43225709929689116
48201233502,Harris County,0.5119,3127,29.7625516,-95.2458797,10.666666666666666,"Morgans Point, TX",10.0,0.0,0.0,0.5122073243946368,0.9193548387096774,0.0,0.02211019692621919,0.43167966862391616
48201432600,Harris County,0.6309,2062,29.7259349,-95.5106411,10.666666666666666,"Morgans Point, TX",26.0,0.0,0.0,0.6312787672603563,0.7903225806451613,0.0,0.05159081698351701,0.43163948607000696
48201455300,Harris County,0.7575,14668,29.7751464,-95.790629,10.666666666666666,"Morgans Point, TX",45.0,0.0,0.0,0.7579547728637183,0.6370967741935484,0.0,0.1301413782340838,0.43152960194058837
48201451904,Harris County,0.629,3451,29.7245785,-95.6117408,10.666666666666666,"Morgans Point, TX",27.0,0.0,0.0,0.6293776265759456,0.782258064516129,0.0,0.0800130894672154,0.4314920162743439
48201550307,Harris County,0.7056,2947,30.0031352,-95.4498177,10.666666666666666,"Morgans Point, TX",37.0,0.0,0.0,0.7060236141685011,0.7016129032258065,0.0,0.08503277828665971,0.43079423304695824
48201232305,Harris County,0.6201,10603,29.8754695,-95.2033898,10.666666666666666,"Morgans Point, TX",25.0,0.0,0.0,0.620472283370022,0.7983870967741935,0.0,0.05026334363764054,0.4306841484070287
48201221601,Harris County,0.6612,3277,29.8927029,-95.4068945,10.666666666666666,"Morgans Point, TX",30.0,0.0,0.0,0.6615969581749049,0.7580645161290323,0.0,0.047036303123996814,0.4306020726035808
48201520301,Harris County,0.6215,2208,29.7986856,-95.4719357,10.666666666666666,"Morgans Point, TX",25.0,0.0,0.0,0.6218731238743247,0.7983870967741935,0.0,0.041082686251027865,0.43018633481965823
48201550602,Harris County,0.6996,2711,29.944128,-95.4594405,10.666666666666666,"Morgans Point, TX",36.0,0.0,0.0,0.7000200120072043,0.7096774193548387,0.0,0.06910641455201326,0.42981987086381424
48201313000,Harris County,0.5791,3059,29.7200378,-95.3744784,10.666666666666666,"Morgans Point, TX",19.0,0.0,0.0,0.5794476686011607,0.8467741935483871,0.0,0.017259168935938173,0.42959247553845814
48201452001,Harris County,0.6448,4873,29.7323603,-95.6130668,10.666666666666666,"Morgans Point, TX",30.0,0.0,0.0,0.6451871122673605,0.7580645161290323,0.0,0.08004785558687702,0.42898027407760553
48201521900,Harris County,0.6813,6645,29.8211369,-95.5533755,10.666666666666666,"Morgans Point, TX",34.0,0.0,0.0,0.6817090254152492,0.7258064516129032,0.0,0.06541372238417095,0.42879601534686285
48201350201,Harris County,0.5294,3776,29.5947429,-95.225701,10.666666666666666,"Morgans Point, TX",15.0,0.0,0.0,0.529717830698419,0.8790322580645161,0.0,0.06052763967589777,0.4286777905964703
48201452701,Harris County,0.6179,4380,29.6963073,-95.618999,10.666666666666666,"Morgans Point, TX",27.0,0.0,0.0,0.6182709625775465,0.782258064516129,0.0,0.08390052498005411,0.428548760626108
48201541701,Harris County,0.695,6652,29.8204624,-95.6562593,10.666666666666666,"Morgans Point, TX",37.0,0.0,0.0,0.6954172503502101,0.7016129032258065,0.0,0.09376714805888403,0.4284857608786934
48201550304,Harris County,0.6965,1909,30.015153,-95.4353005,10.666666666666666,"Morgans Point, TX",37.0,0.0,0.0,0.6969181508905343,0.7016129032258065,0.0,0.08716838986650854,0.4282761552215531
48201240706,Harris County,0.6924,9675,29.9798489,-95.39976,10.666666666666666,"Morgans Point, TX",36.0,0.0,0.0,0.6928156894136482,0.7096774193548387,0.0,0.07303088885507435,0.42805102151605356
48201340501,Harris County,0.5028,3948,29.5691771,-95.1206675,10.666666666666666,"Morgans Point, TX",13.0,0.0,0.0,0.5031018611166701,0.8951612903225806,0.0,0.08505784144292738,0.427984729576068
48201334101,Harris County,0.5507,9367,29.6624999,-95.39349,10.666666666666666,"Morgans Point, TX",17.0,0.0,0.0,0.5510306183710226,0.8629032258064516,0.0,0.0357714905465263,0.4277573023078948
48201313201,Harris County,0.5439,1370,29.7064172,-95.3504938,10.666666666666666,"Morgans Point, TX",16.0,0.0,0.0,0.544226535921553,0.8709677419354839,0.0,0.017510425580264073,0.4263093259151375
48201454303,Harris County,0.6234,3796,29.7144662,-95.6519492,10.666666666666666,"Morgans Point, TX",29.0,0.0,0.0,0.6237742645587352,0.7661290322580645,0.0,0.09185272966972226,0.4261562620120122
48201330101,Harris County,0.5723,5626,29.6345193,-95.4242522,10.666666666666666,"Morgans Point, TX",21.0,0.0,0.0,0.5726435861516911,0.8306451612903226,0.0,0.04818730614997765,0.4258053548476019
48201432003,Harris County,0.5798,1712,29.7347013,-95.4870018,10.666666666666666,"Morgans Point, TX",22.0,0.0,0.0,0.580148088853312,0.8225806451612903,0.0,0.04440721686424288,0.42525934189080494
48201532502,Harris County,0.6296,5540,29.8863712,-95.4982807,10.666666666666666,"Morgans Point, TX",29.0,0.0,0.0,0.6299779867920753,0.7661290322580645,0.0,0.06186384414627674,0.4250184901296696
48201534102,Harris County,0.6659,4390,29.9122939,-95.5115352,10.666666666666666,"Morgans Point, TX",34.0,0.0,0.0,0.6662997798679209,0.7258064516129032,0.0,0.07035982934993322,0.42466785237924054
48201314302,Harris County,0.5562,1469,29.6847382,-95.4182205,10.666666666666666,"Morgans Point, TX",19.0,0.0,0.0,0.5565339203522114,0.8467741935483871,0.0,0.034265584913956065,0.4244189926615751
48201342500,Harris County,0.4816,5973,29.697306,-95.1317655,10.666666666666666,"Morgans Point, TX",11.0,0.0,0.0,0.48188913348008805,0.9112903225806451,0.0,0.058424898831978815,0.42379632670141787
48201252305,Harris County,0.4997,6751,29.8058566,-95.1497428,10.666666666666666,"Morgans Point, TX",13.0,0.0,0.0,0.5,0.8951612903225806,0.0,0.05154651580733417,0.42370303867750764
48201341002,Harris County,0.4782,4022,29.5503439,-95.1445157,10.666666666666666,"Morgans Point, TX",12.0,0.0,0.0,0.47848709225535324,0.9032258064516129,0.0,0.08538563988003339,0.42305243360009315
48201252901,Harris County,0.3837,2282,29.814116,-95.0735465,10.666666666666666,"Morgans Point, TX",0.0,0.0,0.0,0.38393035821492894,1.0,0.0,0.0732282867696734,0.422501936141446
48201551201,Harris County,0.7315,4990,29.9779481,-95.499204,10.666666666666666,"Morgans Point, TX",44.0,0.0,0.0,0.731939163498099,0.6451612903225806,0.0,0.08458063649819043,0.4215881997960229
48201340701,Harris County,0.457,4172,29.5584075,-95.1305252,10.666666666666666,"Morgans Point, TX",10.0,0.0,0.0,0.4572743646187713,0.9193548387096774,0.0,0.08582031910777667,0.4215707929093122
48201330301,Harris County,0.5593,8579,29.6404142,-95.4709368,10.666666666666666,"Morgans Point, TX",22.0,0.0,0.0,0.5596357814688814,0.8225806451612903,0.0,0.05518392435711697,0.42018332042476314
48201233003,Harris County,0.498,2734,29.793671,-95.1707528,10.666666666666666,"Morgans Point, TX",14.0,0.0,0.0,0.4982989793876326,0.8870967741935484,0.0,0.044745222113100565,0.42009324828566436
48201410102,Harris County,0.4925,3980,29.7591689,-95.3790614,10.666666666666666,"Morgans Point, TX",12.0,0.0,0.0,0.49279567740644387,0.9032258064516129,0.0,0.012833196088504322,0.4200897647662674
48201553602,Harris County,0.7302,2332,30.0293005,-95.4867693,10.666666666666666,"Morgans Point, TX",45.0,0.0,0.0,0.7306383830298179,0.6370967741935484,0.0,0.09728896530429688,0.4200494436974396
48201451004,Harris County,0.5966,2313,29.7387558,-95.5848866,10.666666666666666,"Morgans Point, TX",28.0,0.0,0.0,0.596958174904943,0.7741935483870968,0.0,0.07183560827098126,0.41852907781471005
48201240804,Harris County,0.6867,2899,30.0274141,-95.425315,10.666666666666666,"Morgans Point, TX",40.0,0.0,0.0,0.6871122673604163,0.6774193548387097,0.0,0.09006766373433482,0.4183662530331713
48201233002,Harris County,0.4753,4484,29.8017233,-95.1701831,10.666666666666666,"Morgans Point, TX",12.0,0.0,0.0,0.4755853512107265,0.9032258064516129,0.0,0.045578121514603075,0.41820115945016206
48201232901,Harris County,0.5338,4919,29.8003936,-95.1995606,10.666666666666666,"Morgans Point, TX",19.0,0.0,0.0,0.5341204722833701,0.8467741935483871,0.0,0.03747616493321496,0.4180160162428486
48201221301,Harris County,0.5919,4241,29.8524559,-95.3782561,10.666666666666666,"Morgans Point, TX",26.0,0.0,0.0,0.5922553532119271,0.7903225806451613,0.0,0.03158295201561375,0.41793167535868786
48201250701,Harris County,0.5092,7584,30.008984,-95.2300838,10.666666666666666,"Morgans Point, TX",18.0,0.0,0.0,0.5095057034220533,0.8548387096774194,0.0,0.08451520028103907,0.4177548439579457
48201240703,Harris County,0.6552,5843,30.0007605,-95.4126939,10.666666666666666,"Morgans Point, TX",36.0,0.0,0.0,0.6555933560136082,0.7096774193548387,0.0,0.08065093837137523,0.41764632644767163
48201540504,Harris County,0.666,3240,29.8464571,-95.6430845,10.666666666666666,"Morgans Point, TX",38.0,0.0,0.0,0.6663998399039425,0.6935483870967742,0.0,0.09226777171959628,0.4172112452721746
48201534003,Harris County,0.6712,2421,29.930164,-95.5124368,10.666666666666666,"Morgans Point, TX",38.0,0.0,0.0,0.6716029617770662,0.6935483870967742,0.0,0.07469694646752387,0.41701509930890457
48201522401,Harris County,0.6492,5553,29.7985786,-95.5493255,10.666666666666666,"Morgans Point, TX",35.0,0.0,0.0,0.6495897538523114,0.717741935483871,0.0,0.06249841290246505,0.41644934809110123
48167720301,Galveston County,0.448,2557,29.5213838,-95.2007405,10.666666666666666,"Morgans Point, TX",11.0,0.0,0.0,0.44826896137682615,0.9112903225806451,0.0,0.08525930245677513,0.41639371543291887
48201413203,Harris County,0.5221,2017,29.7032683,-95.425711,10.666666666666666,"Morgans Point, TX",18.0,0.0,0.0,0.5224134480688414,0.8548387096774194,0.0,0.0320289857135437,0.4163785458952326
48201310102,Harris County,0.4832,2502,29.759711,-95.3428956,10.666666666666666,"Morgans Point, TX",12.0,0.0,0.0,0.4834900940564339,0.9032258064516129,0.0,0.0025441006509860885,0.41626918021751264
48201333906,Harris County,0.4898,5677,29.6056656,-95.2580461,10.666666666666666,"Morgans Point, TX",15.0,0.0,0.0,0.49009405643386034,0.8790322580645161,0.0,0.05337849940907355,0.41607574429042027
48201422100,Harris County,0.5529,5443,29.6482654,-95.4870792,10.666666666666666,"Morgans Point, TX",23.0,0.0,0.0,0.5532319391634981,0.814516129032258,0.0,0.056889742007158586,0.4160133946594427
48201423201,Harris County,0.5646,2957,29.6609302,-95.5426618,10.666666666666666,"Morgans Point, TX",25.0,0.0,0.0,0.5649389633780268,0.7983870967741935,0.0,0.0677735390760544,0.4157751719532715
48201550306,Harris County,0.6568,4352,29.9912789,-95.4384252,10.666666666666666,"Morgans Point, TX",37.0,0.0,0.0,0.6571943165899541,0.7016129032258065,0.0,0.08018613997203644,0.4156607799419318
48201240802,Harris County,0.6545,8783,30.0219364,-95.3668122,10.666666666666666,"Morgans Point, TX",38.0,0.0,0.0,0.6548929357614569,0.6935483870967742,0.0,0.08473536140597467,0.4130059329980668
48201552702,Harris County,0.6716,5367,29.9812593,-95.5575315,10.666666666666666,"Morgans Point, TX",41.0,0.0,0.0,0.6720032019211527,0.6693548387096775,0.0,0.09571639445061451,0.4119790516343105
48201433300,Harris County,0.5857,4842,29.6983415,-95.5291351,10.666666666666666,"Morgans Point, TX",29.0,0.0,0.0,0.5860516309785871,0.7661290322580645,0.0,0.05920474564164204,0.4115746735351597
48201252800,Harris County,0.4691,6525,29.8576461,-95.0195754,10.666666666666666,"Morgans Point, TX",16.0,0.0,0.0,0.46938162897738644,0.8709677419354839,0.0,0.09205148356589919,0.411309959630451
48201343301,Harris County,0.425,5023,29.6841022,-95.0651043,10.666666666666666,"Morgans Point, TX",10.0,0.0,0.0,0.42525515309185513,0.9193548387096774,0.0,0.07778456163738705,0.4111614537041984
48201551502,Harris County,0.6463,4937,29.9383278,-95.5293345,10.666666666666666,"Morgans Point, TX",38.0,0.0,0.0,0.6466880128076846,0.6935483870967742,0.0,0.07996142177948569,0.41006706214928623
48201540200,Harris County,0.6164,1893,29.823358,-95.5697134,10.666666666666666,"Morgans Point, TX",34.0,0.0,0.0,0.6167700620372223,0.7258064516129032,0.0,0.07007811440786822,0.4097807655358245
48201253601,Harris County,0.4228,3784,29.7652425,-94.9963507,10.666666666666666,"Morgans Point, TX",11.0,0.0,0.0,0.42305383229937965,0.9112903225806451,0.0,0.09320338668633278,0.4096235851326407
48201543201,Harris County,0.5836,5728,29.7993972,-95.5724269,10.666666666666666,"Morgans Point, TX",30.0,0.0,0.0,0.5839503702221334,0.7580645161290323,0.0,0.06901505113898171,0.4095059710192479
48201533500,Harris County,0.5898,4206,29.8923877,-95.4196267,10.666666666666666,"Morgans Point, TX",30.0,0.0,0.0,0.5901540924554733,0.7580645161290323,0.0,0.04871173427896641,0.40933675600324837
48201550601,Harris County,0.6193,7513,29.9572629,-95.458552,10.666666666666666,"Morgans Point, TX",35.0,0.0,0.0,0.6196718030818491,0.717741935483871,0.0,0.07267795137838598,0.4084919167075546
48201522402,Harris County,0.589,3711,29.7986937,-95.5587071,10.666666666666666,"Morgans Point, TX",31.0,0.0,0.0,0.5893536121673004,0.75,0.0,0.06513009812981259,0.40831909346317136
48201334002,Harris County,0.4452,2276,29.6084085,-95.2143178,10.666666666666666,"Morgans Point, TX",13.0,0.0,0.0,0.4454672803682209,0.8951612903225806,0.0,0.05832225978210937,0.4080207971854514
48201542302,Harris County,0.6586,7531,29.8090556,-95.7433095,10.666666666666666,"Morgans Point, TX",42.0,0.0,0.0,0.658995397238343,0.6612903225806452,0.0,0.11760099481596986,0.4078458154272934
48201553002,Harris County,0.6505,4712,30.0121778,-95.4809464,10.666666666666666,"Morgans Point, TX",40.0,0.0,0.0,0.6508905343205924,0.6774193548387097,0.0,0.0915391682844145,0.40764688357623213
48201451003,Harris County,0.5597,4384,29.744056,-95.5864149,10.666666666666666,"Morgans Point, TX",28.0,0.0,0.0,0.5600360216129677,0.7741935483870968,0.0,0.0721134824363282,0.40748021924365213
48201455000,Harris County,0.631,3529,29.7535126,-95.7603533,10.666666666666666,"Morgans Point, TX",39.0,0.0,0.0,0.6313788272963778,0.685483870967742,0.0,0.12147646561723635,0.40720645604095956
48201431203,Harris County,0.5332,2387,29.74153,-95.5088059,10.666666666666666,"Morgans Point, TX",24.0,0.0,0.0,0.5335201120672404,0.8064516129032258,0.0,0.050191332631122874,0.4070106507542521
48201422702,Harris County,0.5469,3088,29.698989,-95.5093677,10.666666666666666,"Morgans Point, TX",26.0,0.0,0.0,0.5472283370022014,0.7903225806451613,0.0,0.05386085594863235,0.406651360889072
48167725500,Galveston County,0.1906,1055,29.2753211,-94.8191357,18.0,"Galveston Pier 21, TX",8.0,0.0,0.3142857142857143,0.19071442865719432,0.935483870967742,0.0,0.2143869089231201,0.4064410379226501
48201323801,Harris County,0.4496,3959,29.6743814,-95.1891936,10.666666666666666,"Morgans Point, TX",14.0,0.0,0.0,0.44986992195317194,0.8870967741935484,0.0,0.047427298358061684,0.4058327386798222
48201454200,Harris County,0.5681,4413,29.7051834,-95.6694725,10.666666666666666,"Morgans Point, TX",31.0,0.0,0.0,0.5684410646387833,0.75,0.0,0.09730752781442518,0.4052630721730775
48201553700,Harris County,0.6305,4415,30.0172559,-95.510313,10.666666666666666,"Morgans Point, TX",39.0,0.0,0.0,0.6308785271162698,0.685483870967742,0.0,0.09712435744938264,0.4046211551701418
48167726102,Galveston County,0.1182,1351,29.1603748,-95.0432919,18.0,"Galveston Pier 21, TX",0.0,0.0,0.3142857142857143,0.11827096257754653,1.0,0.0,0.21188401653962047,0.4038125475700831
48201341101,Harris County,0.3953,1961,29.5394197,-95.1349929,10.666666666666666,"Morgans Point, TX",10.0,0.0,0.0,0.3955373223934361,0.9193548387096774,0.0,0.08988511842392187,0.4034561601733262
48201551501,Harris County,0.6294,3296,29.9460826,-95.558878,10.666666666666666,"Morgans Point, TX",39.0,0.0,0.0,0.629777866720032,0.685483870967742,0.0,0.08776747147763121,0.4033552684540953
48201540102,Harris County,0.607,5985,29.8685925,-95.5812725,10.666666666666666,"Morgans Point, TX",36.0,0.0,0.0,0.6073644186511907,0.7096774193548387,0.0,0.07855899825065256,0.4029684512268741
48201541703,Harris County,0.6092,3016,29.8023949,-95.6658103,10.666666666666666,"Morgans Point, TX",37.0,0.0,0.0,0.6095657394436662,0.7016129032258065,0.0,0.09543755881632628,0.40289734868247445
48201313102,Harris County,0.4884,1727,29.7137231,-95.3916512,10.666666666666666,"Morgans Point, TX",19.0,0.0,0.0,0.4886932159295578,0.8467741935483871,0.0,0.02223921772077949,0.40286414461546144
48201541301,Harris County,0.5984,5567,29.8719383,-95.6528696,10.666666666666666,"Morgans Point, TX",36.0,0.0,0.0,0.5987592555533321,0.7096774193548387,0.0,0.09766911834039822,0.4022979143064911
48201330802,Harris County,0.4835,10478,29.5951606,-95.3870003,10.666666666666666,"Morgans Point, TX",20.0,0.0,0.0,0.4837902741644987,0.8387096774193549,0.0,0.05546037848506983,0.40229602332366304
48203020401,Harrison County,0.8795,4371,32.5898779,-94.4109278,10.666666666666666,"Morgans Point, TX",107.0,0.0,0.0,0.880028016810086,0.13709677419354838,0.0,0.9619030937512708,0.4013277466762174
48201451603,Harris County,0.5587,3685,29.7594273,-95.633117,10.666666666666666,"Morgans Point, TX",31.0,0.0,0.0,0.5590354212527516,0.75,0.0,0.08519943811648727,0.40123057018747416
48201240803,Harris County,0.676,2562,30.0304915,-95.4173916,10.666666666666666,"Morgans Point, TX",46.0,0.0,0.0,0.6764058435061038,0.6290322580645161,0.0,0.09038759622600946,0.4006701900937869
48201553804,Harris County,0.677,5732,30.0387788,-95.532343,10.666666666666666,"Morgans Point, TX",47.0,0.0,0.0,0.6774064438663199,0.6209677419354839,0.0,0.10643347724928241,0.40015560346546936
48167723800,Galveston County,0.1493,4419,29.3314807,-94.9436304,18.0,"Galveston Pier 21, TX",4.0,0.0,0.3142857142857143,0.14938963378026815,0.967741935483871,0.0,0.17732333364724448,0.4000146612868234
48201550902,Harris County,0.6051,4104,29.9607733,-95.4895385,10.666666666666666,"Morgans Point, TX",37.0,0.0,0.0,0.60546327796678,0.7016129032258065,0.0,0.07838149267221481,0.3999610036249974
48201241101,Harris County,0.6127,5197,30.0624648,-95.3891185,10.666666666666666,"Morgans Point, TX",39.0,0.0,0.0,0.6130678407044227,0.685483870967742,0.0,0.09883354770199322,0.39944886827184867
48201541401,Harris County,0.6034,4604,29.8574106,-95.6506938,10.666666666666666,"Morgans Point, TX",38.0,0.0,0.0,0.6037622573544127,0.6935483870967742,0.0,0.09544361482662747,0.3987375548180188
48201432200,Harris County,0.5275,3600,29.7329622,-95.5301033,10.666666666666666,"Morgans Point, TX",27.0,0.0,0.0,0.5278166900140084,0.782258064516129,0.0,0.056601237329052555,0.3986825500919465
48201543008,Harris County,0.6307,5429,29.8869772,-95.6893703,10.666666666666666,"Morgans Point, TX",42.0,0.0,0.0,0.6310786471883131,0.6612903225806452,0.0,0.10914344529440534,0.39862503546012795
48201322702,Harris County,0.4091,3795,29.7060332,-95.1668094,10.666666666666666,"Morgans Point, TX",12.0,0.0,0.0,0.40934560736441866,0.9032258064516129,0.0,0.04807184704019711,0.3985786088488291
48201240905,Harris County,0.575,5517,30.0122091,-95.3164752,10.666666666666666,"Morgans Point, TX",34.0,0.0,0.0,0.5753452071242745,0.7258064516129032,0.0,0.08093552216367468,0.3984390498375208
48201542108,Harris County,0.6369,5064,29.8757415,-95.6968466,10.666666666666666,"Morgans Point, TX",43.0,0.0,0.0,0.6372823694216531,0.6532258064516129,0.0,0.10982851003965714,0.39813530376594547
48201321101,Harris County,0.4044,3489,29.617103,-95.2057141,10.666666666666666,"Morgans Point, TX",12.0,0.0,0.0,0.4046427856714028,0.9032258064516129,0.0,0.05737851620437927,0.3980984292573426
48201241202,Harris County,0.6218,4772,30.0506762,-95.3998062,10.666666666666666,"Morgans Point, TX",41.0,0.0,0.0,0.6221733039823895,0.6693548387096775,0.0,0.09561102163860727,0.39701954497148084
48201552200,Harris County,0.6741,8189,29.9523563,-95.6385056,10.666666666666666,"Morgans Point, TX",48.0,0.0,0.0,0.6745047028216931,0.6129032258064516,0.0,0.10668699794819654,0.39689107838326304
48201323702,Harris County,0.4408,3053,29.6453195,-95.1766173,10.666666666666666,"Morgans Point, TX",17.0,0.0,0.0,0.44106463878327,0.8629032258064516,0.0,0.056179144300098946,0.3968082738069264
48201251600,Harris County,0.5624,6842,30.1007294,-95.112658,10.666666666666666,"Morgans Point, TX",35.0,0.0,0.0,0.5627376425855514,0.717741935483871,0.0,0.12574132553119524,0.3967180059739462
48201350601,Harris County,0.3997,4329,29.5545735,-95.1718691,10.666666666666666,"Morgans Point, TX",13.0,0.0,0.0,0.39993996397838705,0.8951612903225806,0.0,0.0797398845431233,0.39650436474460266
48201320902,Harris County,0.402,3280,29.6477918,-95.2317334,10.666666666666666,"Morgans Point, TX",12.0,0.0,0.0,0.40224134480688417,0.9032258064516129,0.0,0.04486752414416232,0.3961268977919653
48201541802,Harris County,0.5906,3818,29.7918917,-95.7000975,10.666666666666666,"Morgans Point, TX",38.0,0.0,0.0,0.5909545727436463,0.6935483870967742,0.0,0.10474087261827307,0.39582497521395343
48201313202,Harris County,0.4526,2618,29.7071865,-95.3693828,10.666666666666666,"Morgans Point, TX",18.0,0.0,0.0,0.45287172303382034,0.8548387096774194,0.0,0.019664821551749773,0.3942796119685469
48201252303,Harris County,0.3934,5031,29.7936799,-95.1468291,10.666666666666666,"Morgans Point, TX",12.0,0.0,0.0,0.3936361817090255,0.9032258064516129,0.0,0.0514006310313228,0.3941986595513237
48201341501,Harris County,0.3606,6414,29.5779743,-95.038054,10.666666666666666,"Morgans Point, TX",10.0,0.0,0.0,0.36081648989393633,0.9193548387096774,0.0,0.100905953943414,0.3941419939754255
48201452103,Harris County,0.5234,1688,29.7315502,-95.5754462,10.666666666666666,"Morgans Point, TX",29.0,0.0,0.0,0.5237142285371222,0.7661290322580645,0.0,0.06944807697634034,0.39389778593619007
48201232600,Harris County,0.4101,2678,29.7844995,-95.2495802,10.666666666666666,"Morgans Point, TX",13.0,0.0,0.0,0.4103462077246348,0.8951612903225806,0.0,0.0223081900255595,0.3938830684167206
48201411802,Harris County,0.449,2161,29.7281886,-95.4187689,10.666666666666666,"Morgans Point, TX",18.0,0.0,0.0,0.44926956173704224,0.8548387096774194,0.0,0.0263309047438734,0.3938655718987259
48201550404,Harris County,0.5772,6646,29.9698614,-95.4555684,10.666666666666666,"Morgans Point, TX",36.0,0.0,0.0,0.5775465279167501,0.7096774193548387,0.0,0.07589027177923173,0.3937562113593998
48203020604,Harrison County,0.7565,4440,32.44979,-94.4991147,10.666666666666666,"Morgans Point, TX",93.0,0.0,0.0,0.756954172503502,0.25,0.0,0.911100740190223,0.3931963257700729
48201350603,Harris County,0.3463,4509,29.5345772,-95.171547,10.666666666666666,"Morgans Point, TX",8.0,0.0,0.0,0.3465079047428457,0.935483870967742,0.0,0.08534236754530204,0.3931317694677065
48201542105,Harris County,0.6031,8418,29.8519801,-95.7109415,10.666666666666666,"Morgans Point, TX",41.0,0.0,0.0,0.6034620772463478,0.6693548387096775,0.0,0.11132185146800738,0.3929772599336084
48201251701,Harris County,0.5227,3400,30.036491,-95.103554,10.666666666666666,"Morgans Point, TX",31.0,0.0,0.0,0.523013808284971,0.75,0.0,0.1092466172562641,0.3928288042111177
48201553403,Harris County,0.6132,8636,30.0590538,-95.4624926,10.666666666666666,"Morgans Point, TX",42.0,0.0,0.0,0.6135681408845307,0.6612903225806452,0.0,0.10337589956782861,0.3927951289963356
48201511600,Harris County,0.4466,3554,29.8030113,-95.3770418,10.666666666666666,"Morgans Point, TX",18.0,0.0,0.0,0.44686812087252353,0.8548387096774194,0.0,0.01791067350242147,0.39230311651522504
48201531400,Harris County,0.5019,2113,29.8302031,-95.4709951,10.666666666666666,"Morgans Point, TX",26.0,0.0,0.0,0.5022013207924755,0.7903225806451613,0.0,0.04489260827923961,0.39224643125921493
48201454600,Harris County,0.5909,5683,29.7804684,-95.7356985,10.666666666666666,"Morgans Point, TX",40.0,0.0,0.0,0.591254752851711,0.6774193548387097,0.0,0.11458258192121465,0.3920604904992477
48167726000,Galveston County,0.0789,1381,29.2523177,-94.9240727,18.0,"Galveston Pier 21, TX",0.0,0.0,0.3142857142857143,0.07894736842105263,1.0,0.0,0.20160061204551444,0.3909871288737244
48201341001,Harris County,0.3782,4056,29.5520045,-95.1364907,10.666666666666666,"Morgans Point, TX",13.0,0.0,0.0,0.37842705623374023,0.8951612903225806,0.0,0.08636175442476972,0.39071267940937326
48201553300,Harris County,0.6256,3857,30.0258952,-95.4347051,10.666666666666666,"Morgans Point, TX",44.0,0.0,0.0,0.6259755853512108,0.6451612903225806,0.0,0.09043314361598849,0.39038437706373624
48201341800,Harris County,0.3177,2187,29.6339494,-95.0245468,10.666666666666666,"Morgans Point, TX",6.0,0.0,0.0,0.3178907344406644,0.9516129032258065,0.0,0.09475153375444194,0.3903262446753854
48201532800,Harris County,0.5,2120,29.8714664,-95.4714738,10.666666666666666,"Morgans Point, TX",27.0,0.0,0.0,0.5003001801080649,0.782258064516129,0.0,0.052897168009124265,0.3900571901881706
48201520200,Harris County,0.5031,3095,29.789358,-95.476561,10.666666666666666,"Morgans Point, TX",27.0,0.0,0.0,0.5034020412247349,0.782258064516129,0.0,0.04158963544652406,0.38985699526691153
48167725700,Galveston County,0.1187,2314,29.2665918,-94.8465954,18.0,"Galveston Pier 21, TX",6.0,0.0,0.3142857142857143,0.1187712627576546,0.9516129032258065,0.0,0.21136030261851688,0.38939413719974714
48201451100,Harris County,0.516,4479,29.7560155,-95.5807553,10.666666666666666,"Morgans Point, TX",30.0,0.0,0.0,0.516309785871523,0.7580645161290323,0.0,0.07030120844669535,0.3893424114448361
48201413301,Harris County,0.4717,5057,29.6908538,-95.4217495,10.666666666666666,"Morgans Point, TX",23.0,0.0,0.0,0.4719831899139484,0.814516129032258,0.0,0.03363852822817535,0.38931364850667943
48203020501,Harrison County,0.8105,3454,32.5343414,-94.3508509,10.666666666666666,"Morgans Point, TX",103.0,0.0,0.0,0.8109865919551731,0.16935483870967738,0.0,0.9491101809731327,0.3890134472967684
48201451401,Harris County,0.5198,3547,29.7503672,-95.6123667,10.666666666666666,"Morgans Point, TX",31.0,0.0,0.0,0.5201120672403443,0.75,0.0,0.07936780956432195,0.3889704011285355
48201221702,Harris County,0.5124,3003,29.8877924,-95.3825019,10.666666666666666,"Morgans Point, TX",29.0,0.0,0.0,0.5127076245747448,0.7661290322580645,0.0,0.04275703139935542,0.3879267001897783
48201253201,Harris County,0.4006,6002,29.7988564,-94.9323333,10.666666666666666,"Morgans Point, TX",18.0,0.0,0.0,0.40084050430258156,0.8548387096774194,0.0,0.11208670991109039,0.38791243518510937
48201553102,Harris County,0.5839,4669,30.0151924,-95.4595253,10.666666666666666,"Morgans Point, TX",40.0,0.0,0.0,0.5842505503301981,0.6774193548387097,0.0,0.08976635386875642,0.387477606937548
48201410706,Harris County,0.4067,1703,29.7361984,-95.3850116,10.666666666666666,"Morgans Point, TX",15.0,0.0,0.0,0.40694416649989995,0.8790322580645161,0.0,0.01649571802802847,0.38744249917212764
48201241103,Harris County,0.5331,3957,30.0474108,-95.3807767,10.666666666666666,"Morgans Point, TX",34.0,0.0,0.0,0.5334200520312188,0.7258064516129032,0.0,0.09357185599542164,0.38712513669277876
48201341102,Harris County,0.3392,2271,29.5472894,-95.1182423,10.666666666666666,"Morgans Point, TX",10.0,0.0,0.0,0.3394036421853112,0.9193548387096774,0.0,0.0908716554574026,0.3867147098142368
48201540800,Harris County,0.566,6461,29.8880933,-95.6022229,10.666666666666666,"Morgans Point, TX",38.0,0.0,0.0,0.5663398038823294,0.6935483870967742,0.0,0.08678074551307031,0.3866445318450381
48201552604,Harris County,0.6351,3571,29.9641416,-95.5739305,10.666666666666666,"Morgans Point, TX",47.0,0.0,0.0,0.6354812887732639,0.6209677419354839,0.0,0.09494425327381223,0.3864291345400055
48201251402,Harris County,0.4767,6952,30.0743768,-95.2031065,10.666666666666666,"Morgans Point, TX",28.0,0.0,0.0,0.47698619171502904,0.7741935483870968,0.0,0.1073025592629699,0.3860841779569347
48201330901,Harris County,0.4471,10866,29.617472,-95.3983444,10.666666666666666,"Morgans Point, TX",22.0,0.0,0.0,0.4473684210526316,0.8225806451612903,0.0,0.049665507845640236,0.3859512706487406
48201552004,Harris County,0.5845,3441,29.9095372,-95.5949663,10.666666666666666,"Morgans Point, TX",41.0,0.0,0.0,0.5848509105463279,0.6693548387096775,0.0,0.08855758264129375,0.385117483040931
48201341600,Harris County,0.3116,7194,29.5919704,-95.0201976,10.666666666666666,"Morgans Point, TX",8.0,0.0,0.0,0.311787072243346,0.935483870967742,0.0,0.10254168668603122,0.3844354516319295
48167726101,Galveston County,0.0539,2021,29.2104388,-94.973165,18.0,"Galveston Pier 21, TX",0.0,0.0,0.3142857142857143,0.053932359415649396,1.0,0.0,0.20583763191811977,0.38390632815936393
48201541403,Harris County,0.5766,3247,29.8548135,-95.6651534,10.666666666666666,"Morgans Point, TX",41.0,0.0,0.0,0.5769461677006203,0.6693548387096775,0.0,0.09908329856059235,0.3837986317791486
48201553201,Harris County,0.5776,2700,30.0236878,-95.4502063,10.666666666666666,"Morgans Point, TX",41.0,0.0,0.0,0.5779467680608366,0.6693548387096775,0.0,0.09129919964212074,0.3833204019953663
48201341302,Harris County,0.3105,3305,29.5532621,-95.1036441,10.666666666666666,"Morgans Point, TX",8.0,0.0,0.0,0.31068641184710827,0.935483870967742,0.0,0.09219184927738612,0.38307026977219366
48201532504,Harris County,0.5442,4335,29.8940267,-95.5084176,10.666666666666666,"Morgans Point, TX",36.0,0.0,0.0,0.5445267160296178,0.7096774193548387,0.0,0.06568862031544923,0.3828301026468819
48201412901,Harris County,0.4223,1914,29.6850348,-95.452935,10.666666666666666,"Morgans Point, TX",20.0,0.0,0.0,0.4225535321192716,0.8387096774193549,0.0,0.04181836904171374,0.3825607997657593
48201422302,Harris County,0.4385,1936,29.6490268,-95.4971327,10.666666666666666,"Morgans Point, TX",23.0,0.0,0.0,0.4387632579547729,0.814516129032258,0.0,0.05897892375421641,0.3818817084715309
48201342900,Harris County,0.3143,7306,29.6716312,-95.1049703,10.666666666666666,"Morgans Point, TX",8.0,0.0,0.0,0.3144886932159296,0.935483870967742,0.0,0.06872879989586389,0.3818646492446879
48201100001,Harris County,0.4511,5256,29.7547559,-95.3621919,10.666666666666666,"Morgans Point, TX",23.0,0.0,0.0,0.45137082249349614,0.814516129032258,0.0,0.008244865758356293,0.38059057203356184
48201431206,Harris County,0.4347,1862,29.7408525,-95.5140448,10.666666666666666,"Morgans Point, TX",23.0,0.0,0.0,0.43496097658595156,0.814516129032258,0.0,0.05170029277937673,0.38001316096340054
48201350801,Harris County,0.3247,5212,29.5249126,-95.1752215,10.666666666666666,"Morgans Point, TX",11.0,0.0,0.0,0.3248949369621773,0.9112903225806451,0.0,0.0875546419058684,0.37961104205343355
48201314001,Harris County,0.3903,2855,29.699002,-95.3923379,10.666666666666666,"Morgans Point, TX",17.0,0.0,0.0,0.39053432059235543,0.8629032258064516,0.0,0.02578607727234486,0.3786098716468766
48201350202,Harris County,0.3709,4854,29.5954032,-95.2383815,10.666666666666666,"Morgans Point, TX",16.0,0.0,0.0,0.3711226736041625,0.8709677419354839,0.0,0.05870282727392367,0.3784974073892863
48201541801,Harris County,0.5394,3301,29.7956969,-95.7120202,10.666666666666666,"Morgans Point, TX",39.0,0.0,0.0,0.5397238343005804,0.685483870967742,0.0,0.10824192002056401,0.3783865035825531
48201541901,Harris County,0.5142,2892,29.8067448,-95.6962227,10.666666666666666,"Morgans Point, TX",36.0,0.0,0.0,0.5145087052231339,0.7096774193548387,0.0,0.10421250750622724,0.3776770881240145
48201314005,Harris County,0.4171,2993,29.6836581,-95.3970225,10.666666666666666,"Morgans Point, TX",21.0,0.0,0.0,0.4173504102461477,0.8306451612903226,0.0,0.03052562454120105,0.3774512339150612
48201331502,Harris County,0.3877,5010,29.6305535,-95.3733149,10.666666666666666,"Morgans Point, TX",18.0,0.0,0.0,0.3879327596557935,0.8548387096774194,0.0,0.04321275568582986,0.37715271636854686
48201450301,Harris County,0.4813,2467,29.7751728,-95.5943455,10.666666666666666,"Morgans Point, TX",31.0,0.0,0.0,0.48158895337202323,0.75,0.0,0.074284051049171,0.37690509111652404
48201420300,Harris County,0.4085,3490,29.6705847,-95.454883,10.666666666666666,"Morgans Point, TX",21.0,0.0,0.0,0.40874524714828897,0.8306451612903226,0.0,0.045145745934385625,0.37633169712502207
48201542202,Harris County,0.5594,8625,29.8524543,-95.7477262,10.666666666666666,"Morgans Point, TX",43.0,0.0,0.0,0.559735841504903,0.6532258064516129,0.0,0.12149390997236073,0.3760378853841908
48201531500,Harris County,0.4551,2638,29.8369083,-95.476414,10.666666666666666,"Morgans Point, TX",27.0,0.0,0.0,0.45537322393436064,0.782258064516129,0.0,0.04732613726330082,0.376022000261477
48201554001,Harris County,0.5316,3445,30.0103797,-95.5250906,10.666666666666666,"Morgans Point, TX",39.0,0.0,0.0,0.5319191514908945,0.685483870967742,0.0,0.09751958723713441,0.37497286546130437
48203020402,Harrison County,0.9363,6295,32.5138826,-94.4168614,10.666666666666666,"Morgans Point, TX",124.0,0.0,0.0,0.9368621172703623,0.0,0.0,0.9374682535889041,0.3748054605399991
48201454305,Harris County,0.4679,3260,29.7269102,-95.6489919,10.666666666666666,"Morgans Point, TX",31.0,0.0,0.0,0.46818090854512706,0.75,0.0,0.0904270267642466,0.3744969752399628
48201541500,Harris County,0.5432,5744,29.8567279,-95.6796231,10.666666666666666,"Morgans Point, TX",41.0,0.0,0.0,0.5435261156694017,0.6693548387096775,0.0,0.10319994236724034,0.3741842805504478
48201312700,Harris County,0.3789,2198,29.7267574,-95.3682096,10.666666666666666,"Morgans Point, TX",17.0,0.0,0.0,0.37912747648589157,0.8629032258064516,0.0,0.014433303578352454,0.37405254104553814
48201452204,Harris County,0.4498,2309,29.7330201,-95.5683818,10.666666666666666,"Morgans Point, TX",28.0,0.0,0.0,0.4500700420252151,0.7741935483870968,0.0,0.06738780778782477,0.37401785790247605
48201532503,Harris County,0.5145,5734,29.8914228,-95.5153015,10.666666666666666,"Morgans Point, TX",36.0,0.0,0.0,0.5148088853311987,0.7096774193548387,0.0,0.06665369521561065,0.3740112609273723
48201432303,Harris County,0.4669,2268,29.7330116,-95.5517775,10.666666666666666,"Morgans Point, TX",30.0,0.0,0.0,0.46718030818491096,0.7580645161290323,0.0,0.06270306740120095,0.37384375403430303
48201431304,Harris County,0.4313,3247,29.7460547,-95.4980367,10.666666666666666,"Morgans Point, TX",25.0,0.0,0.0,0.43155893536121676,0.7983870967741935,0.0,0.04697257603762769,0.3736810672443858
48201540903,Harris County,0.5433,3780,29.9059343,-95.6255423,10.666666666666666,"Morgans Point, TX",41.0,0.0,0.0,0.5436261757054233,0.6693548387096775,0.0,0.0954114373004056,0.3734354480545708
48201552103,Harris County,0.5574,3617,29.9382426,-95.6248007,10.666666666666666,"Morgans Point, TX",43.0,0.0,0.0,0.5577346407844707,0.6532258064516129,0.0,0.10083944114000495,0.37337207828482555
48201532101,Harris County,0.4859,4283,29.8440369,-95.4780006,10.666666666666666,"Morgans Point, TX",32.0,0.0,0.0,0.4861917150290174,0.7419354838709677,0.0,0.0489354293119617,0.37333170260119164
48201542103,Harris County,0.5435,9086,29.8572378,-95.6965551,10.666666666666666,"Morgans Point, TX",42.0,0.0,0.0,0.5438262957774664,0.6612903225806452,0.0,0.10785776659944289,0.37232076216737775
48201333905,Harris County,0.3615,3264,29.6191775,-95.2599372,10.666666666666666,"Morgans Point, TX",17.0,0.0,0.0,0.3617170302181309,0.8629032258064516,0.0,0.049068207790339935,0.3722928975864087
48201542003,Harris County,0.517,3779,29.811598,-95.7114603,10.666666666666666,"Morgans Point, TX",39.0,0.0,0.0,0.5173103862317391,0.685483870967742,0.0,0.10873577336199264,0.37171185449604355
48201423303,Harris County,0.4035,1330,29.6601449,-95.51088,10.666666666666666,"Morgans Point, TX",23.0,0.0,0.0,0.4037422453472084,0.814516129032258,0.0,0.0600913587789584,0.37148664819173577
48201521600,Harris County,0.482,3060,29.8431718,-95.5325591,10.666666666666666,"Morgans Point, TX",33.0,0.0,0.0,0.4822893736241745,0.7338709677419355,0.0,0.06245386534144695,0.3710934889439777
48201240704,Harris County,0.505,4545,30.0129474,-95.4218273,10.666666666666666,"Morgans Point, TX",37.0,0.0,0.0,0.5053031819091455,0.7016129032258065,0.0,0.0852428056612423,0.3705991061066098
48201341204,Harris County,0.2657,3470,29.5527678,-95.0756935,10.666666666666666,"Morgans Point, TX",8.0,0.0,0.0,0.2658595157094257,0.935483870967742,0.0,0.09793525576521743,0.370196541579672
48201440102,Harris County,0.4432,4683,29.639988,-95.5394412,10.666666666666666,"Morgans Point, TX",29.0,0.0,0.0,0.44346607964778867,0.7661290322580645,0.0,0.07052830426607463,0.3699313639983634
48201552502,Harris County,0.5231,6528,29.9554541,-95.5726421,10.666666666666666,"Morgans Point, TX",40.0,0.0,0.0,0.5234140484290575,0.6774193548387097,0.0,0.0927300809720628,0.3695230290775364
48201534101,Harris County,0.504,2911,29.9170973,-95.5375312,10.666666666666666,"Morgans Point, TX",37.0,0.0,0.0,0.5043025815489294,0.7016129032258065,0.0,0.07690404187408646,0.3694650496198294
48201551300,Harris County,0.5107,3945,29.9502616,-95.5079947,10.666666666666666,"Morgans Point, TX",38.0,0.0,0.0,0.5110066039623775,0.6935483870967742,0.0,0.07880974136182513,0.369247471453928
48201413000,Harris County,0.3862,3457,29.6974479,-95.4423158,10.666666666666666,"Morgans Point, TX",21.0,0.0,0.0,0.3864318591154693,0.8306451612903226,0.0,0.037026588995328305,0.3688257650212704
48201250901,Harris County,0.396,3723,30.0439916,-95.1642092,10.666666666666666,"Morgans Point, TX",25.0,0.0,0.0,0.39623774264558737,0.7983870967741935,0.0,0.10243234509061425,0.3686306863349957
48203020106,Harrison County,0.5698,3286,32.4619463,-94.0797066,10.666666666666666,"Morgans Point, TX",82.0,0.0,0.0,0.5701420852511507,0.33870967741935487,0.0,0.9517526320814134,0.36783079200929303
48201541005,Harris County,0.5313,4405,29.9119752,-95.6324988,10.666666666666666,"Morgans Point, TX",42.0,0.0,0.0,0.5316189713828298,0.6612903225806452,0.0,0.09810989599410141,0.36768377778845257
48201251800,Harris County,0.3578,1656,29.9733747,-95.0333022,10.666666666666666,"Morgans Point, TX",21.0,0.0,0.0,0.3580148088853312,0.8306451612903226,0.0,0.10766344504613624,0.36736433555730974
48201451502,Harris County,0.4218,2260,29.7596259,-95.6143903,10.666666666666666,"Morgans Point, TX",28.0,0.0,0.0,0.4220532319391635,0.7741935483870968,0.0,0.0798638383249498,0.36686041793037305
48201314003,Harris County,0.3628,2322,29.6919314,-95.3978089,10.666666666666666,"Morgans Point, TX",19.0,0.0,0.0,0.36301781068641187,0.8467741935483871,0.0,0.028559375297937853,0.36579353880023346
48201451902,Harris County,0.4111,2643,29.7225162,-95.5987045,10.666666666666666,"Morgans Point, TX",27.0,0.0,0.0,0.41134680808485097,0.782258064516129,0.0,0.0764491673870387,0.36572637851899786
48201555101,Harris County,0.5414,4490,30.0789393,-95.4883887,10.666666666666666,"Morgans Point, TX",45.0,0.0,0.0,0.5417250350210127,0.6370967741935484,0.0,0.11221654550615533,0.3648681973149838
48201430700,Harris County,0.4142,3919,29.7770812,-95.5388154,10.666666666666666,"Morgans Point, TX",27.0,0.0,0.0,0.41444866920152096,0.782258064516129,0.0,0.0585518491853331,0.3648672050338283
48201454801,Harris County,0.5127,4201,29.7707516,-95.7433909,10.666666666666666,"Morgans Point, TX",42.0,0.0,0.0,0.5130078046828097,0.6612903225806452,0.0,0.11664903528614771,0.36395434170765123
48201550407,Harris County,0.4594,5129,29.9779675,-95.4575753,10.666666666666666,"Morgans Point, TX",34.0,0.0,0.0,0.45967580548328996,0.7258064516129032,0.0,0.07851271506643319,0.3634959486355013
48201241105,Harris County,0.4707,5816,30.0439159,-95.3652759,10.666666666666666,"Morgans Point, TX",36.0,0.0,0.0,0.4709825895537323,0.7096774193548387,0.0,0.09184624978547717,0.363382627651119
48201350102,Harris County,0.3,4933,29.5644702,-95.2310779,10.666666666666666,"Morgans Point, TX",14.0,0.0,0.0,0.3001801080648389,0.8870967741935484,0.0,0.06881373755987545,0.36306443843350367
48201312502,Harris County,0.3823,1946,29.7361643,-95.3764282,10.666666666666666,"Morgans Point, TX",22.0,0.0,0.0,0.3825295177106264,0.8225806451612903,0.0,0.014364191388215906,0.3629694680003966
48201343302,Harris County,0.2552,4649,29.6705855,-95.0618749,10.666666666666666,"Morgans Point, TX",9.0,0.0,0.0,0.25535321192715627,0.9274193548387096,0.0,0.08017104722297858,0.3628488747520576
48201250500,Harris County,0.366,5862,29.9929597,-95.1954273,10.666666666666666,"Morgans Point, TX",24.0,0.0,0.0,0.36621973183910345,0.8064516129032258,0.0,0.08348453966529068,0.3601498573892278
48201451301,Harris County,0.4045,4012,29.7407161,-95.5987278,10.666666666666666,"Morgans Point, TX",29.0,0.0,0.0,0.4047428457074245,0.7661290322580645,0.0,0.07570092769959232,0.35883165615960594
48201454902,Harris County,0.4151,8533,29.7493175,-95.7410644,10.666666666666666,"Morgans Point, TX",32.0,0.0,0.0,0.41534920952571547,0.7419354838709677,0.0,0.11602229911111257,0.3587876379301162
48201431902,Harris County,0.3672,2810,29.7364815,-95.4641258,10.666666666666666,"Morgans Point, TX",23.0,0.0,0.0,0.3674204522713629,0.814516129032258,0.0,0.03790170424039962,0.3583711448151262
48201451006,Harris County,0.4038,2390,29.743152,-95.5786091,10.666666666666666,"Morgans Point, TX",29.0,0.0,0.0,0.4040424254552732,0.7661290322580645,0.0,0.06992050586586038,0.3580434879005873
48201550700,Harris County,0.4714,5048,29.9427007,-95.496592,10.666666666666666,"Morgans Point, TX",38.0,0.0,0.0,0.4716830098058835,0.6935483870967742,0.0,0.07483864771542073,0.35705328384233936
48201250101,Harris County,0.3769,4612,29.9610718,-95.2772815,10.666666666666666,"Morgans Point, TX",26.0,0.0,0.0,0.3771262757654593,0.7903225806451613,0.0,0.06569617008167405,0.3568042739313535
48201540601,Harris County,0.4488,4042,29.862197,-95.6324332,10.666666666666666,"Morgans Point, TX",36.0,0.0,0.0,0.449069441664999,0.7096774193548387,0.0,0.0910912084861624,0.3567331791545676
48201252002,Harris County,0.3294,5682,29.8906515,-95.1693923,10.666666666666666,"Morgans Point, TX",20.0,0.0,0.0,0.32959775865519314,0.8387096774193549,0.0,0.060647267789937294,0.3565569576013581
48201342002,Harris County,0.2633,4074,29.6430472,-95.1519622,10.666666666666666,"Morgans Point, TX",12.0,0.0,0.0,0.2634580748449069,0.9032258064516129,0.0,0.062086031390206395,0.35621376752797657
48201431303,Harris County,0.3714,1274,29.7405491,-95.4988604,10.666666666666666,"Morgans Point, TX",25.0,0.0,0.0,0.37162297378427056,0.7983870967741935,0.0,0.04742493975314084,0.3557455151428533
48201341400,Harris County,0.249,5873,29.5917747,-95.0695211,10.666666666666666,"Morgans Point, TX",12.0,0.0,0.0,0.2491494896938163,0.9032258064516129,0.0,0.0909931746756028,0.35481190631118903
48201552002,Harris County,0.4801,1338,29.9132313,-95.6088331,10.666666666666666,"Morgans Point, TX",41.0,0.0,0.0,0.4803882329397639,0.6693548387096775,0.0,0.09253961707299813,0.3541768832021322
48201310101,Harris County,0.3158,2764,29.7525284,-95.3436349,10.666666666666666,"Morgans Point, TX",17.0,0.0,0.0,0.3159895937562538,0.8629032258064516,0.0,0.0035954070327069224,0.3540273865720823
48201410705,Harris County,0.3416,1103,29.7366033,-95.3940763,10.666666666666666,"Morgans Point, TX",21.0,0.0,0.0,0.3418050830498299,0.8306451612903226,0.0,0.018775149255366594,0.35361258822758246
48201451605,Harris County,0.4003,3291,29.7474047,-95.6270511,10.666666666666666,"Morgans Point, TX",31.0,0.0,0.0,0.40054032419451674,0.75,0.0,0.0835952041996388,0.3535216176783189
48201543100,Harris County,0.5742,3236,29.9626481,-95.8506413,10.666666666666666,"Morgans Point, TX",56.0,0.0,0.0,0.5745447268361017,0.5483870967741935,0.0,0.16106527920117208,0.3529860750032057
48201552301,Harris County,0.513,4402,29.9567545,-95.6135219,10.666666666666666,"Morgans Point, TX",46.0,0.0,0.0,0.5133079847908746,0.6290322580645161,0.0,0.1018644177220251,0.3528885146288197
48201431803,Harris County,0.3322,2298,29.745855,-95.4654037,10.666666666666666,"Morgans Point, TX",21.0,0.0,0.0,0.3323994396637983,0.8306451612903226,0.0,0.037743980197436085,0.3526877783059799
48201240904,Harris County,0.43,9399,30.0122897,-95.2792805,10.666666666666666,"Morgans Point, TX",35.0,0.0,0.0,0.4302581548929358,0.717741935483871,0.0,0.08208243820689756,0.35260827093373176
48201552303,Harris County,0.4732,2549,29.9588406,-95.589254,10.666666666666666,"Morgans Point, TX",41.0,0.0,0.0,0.4734840904542726,0.6693548387096775,0.0,0.09699196576026183,0.3525508753252112
48201554202,Harris County,0.5346,3543,30.0061995,-95.5751032,10.666666666666666,"Morgans Point, TX",49.0,0.0,0.0,0.5349209525715429,0.6048387096774194,0.0,0.10515282846401675,0.35244318152109033
48201531200,Harris County,0.3621,3375,29.8271285,-95.4528622,10.666666666666666,"Morgans Point, TX",25.0,0.0,0.0,0.36231739043426053,0.7983870967741935,0.0,0.03992535196710964,0.3522038813592472
48201251903,Harris County,0.3624,4204,29.958112,-95.116828,10.666666666666666,"Morgans Point, TX",27.0,0.0,0.0,0.3626175705423254,0.782258064516129,0.0,0.08688840114847131,0.3521515306323834
48201210600,Harris County,0.3533,5821,29.8070404,-95.3653598,10.666666666666666,"Morgans Point, TX",23.0,0.0,0.0,0.3535121072643586,0.814516129032258,0.0,0.016786272981368984,0.35208709818712186
48201431204,Harris County,0.3496,2853,29.745188,-95.5037723,10.666666666666666,"Morgans Point, TX",24.0,0.0,0.0,0.349809885931559,0.8064516129032258,0.0,0.04862765945816021,0.35174121559625143
48201552003,Harris County,0.4384,4679,29.9248033,-95.5937346,10.666666666666666,"Morgans Point, TX",37.0,0.0,0.0,0.4386631979187513,0.7016129032258065,0.0,0.09107032860924462,0.35118986320429174
48201542600,Harris County,0.4647,7370,29.7937905,-95.7891972,10.666666666666666,"Morgans Point, TX",42.0,0.0,0.0,0.4649789873924355,0.6612903225806452,0.0,0.13007682207646676,0.3508884751995709
48201343100,Harris County,0.2113,4058,29.6588158,-95.0784324,10.666666666666666,"Morgans Point, TX",9.0,0.0,0.0,0.2114268561136682,0.9274193548387096,0.0,0.07736548303380454,0.3493904115890938
48201542800,Harris County,0.4965,8449,29.8239522,-95.8152033,10.666666666666666,"Morgans Point, TX",47.0,0.0,0.0,0.4967980788473084,0.6209677419354839,0.0,0.138550292087302,0.3491847754435679
48201451606,Harris County,0.3767,6517,29.7444334,-95.6370778,10.666666666666666,"Morgans Point, TX",30.0,0.0,0.0,0.37692615569341603,0.7580645161290323,0.0,0.08650498606344433,0.3491477001530789
48201430200,Harris County,0.3811,1475,29.7759823,-95.4847472,10.666666666666666,"Morgans Point, TX",29.0,0.0,0.0,0.38132879727836705,0.7661290322580645,0.0,0.043186864385178075,0.34855603529944723
48201451404,Harris County,0.3757,4078,29.7505376,-95.621921,10.666666666666666,"Morgans Point, TX",30.0,0.0,0.0,0.37592555533319993,0.7580645161290323,0.0,0.08208494808980013,0.34840551624764965
48201240903,Harris County,0.4305,7185,30.0272748,-95.3003066,10.666666666666666,"Morgans Point, TX",37.0,0.0,0.0,0.43075845507304383,0.7016129032258065,0.0,0.0861803600350806,0.3483294434931632
48201551601,Harris County,0.4445,3246,29.9298646,-95.5565503,10.666666666666666,"Morgans Point, TX",39.0,0.0,0.0,0.4447668601160697,0.685483870967742,0.0,0.08373850952911867,0.3474490702780554
48203020302,Harrison County,0.6887,2383,32.6059387,-94.3517182,10.666666666666666,"Morgans Point, TX",106.0,0.0,0.0,0.6891134680808485,0.14516129032258063,0.0,0.9715303102993034,0.3474354585509591
48201542700,Harris County,0.4893,4108,29.7925692,-95.8132146,10.666666666666666,"Morgans Point, TX",47.0,0.0,0.0,0.4895937562537523,0.6209677419354839,0.0,0.13686712042109395,0.34685516149888024
48201323602,Harris County,0.2423,4818,29.6399305,-95.1873105,10.666666666666666,"Morgans Point, TX",13.0,0.0,0.0,0.24244546728036823,0.8951612903225806,0.0,0.05515267509593245,0.3467972947904779
48201431101,Harris County,0.3596,4952,29.7441598,-95.5356583,10.666666666666666,"Morgans Point, TX",28.0,0.0,0.0,0.35981588953372023,0.7741935483870968,0.0,0.05770135561708917,0.345972966937954
48201511004,Harris County,0.3348,1988,29.7950372,-95.4256842,10.666666666666666,"Morgans Point, TX",24.0,0.0,0.0,0.3350010006003602,0.8064516129032258,0.0,0.028242915482349196,0.3452600755993107
48201342001,Harris County,0.1912,6404,29.6406328,-95.1261843,10.666666666666666,"Morgans Point, TX",8.0,0.0,0.0,0.191314788873324,0.935483870967742,0.0,0.0684997938600932,0.3448895773383291
48201454302,Harris County,0.3572,6064,29.715347,-95.6704755,10.666666666666666,"Morgans Point, TX",30.0,0.0,0.0,0.3574144486692016,0.7580645161290323,0.0,0.09701906121535213,0.34434559556100536
48201251000,Harris County,0.325,3015,30.0346082,-95.1886074,10.666666666666666,"Morgans Point, TX",26.0,0.0,0.0,0.3251951170702422,0.7903225806451613,0.0,0.09667521060154721,0.34432283037477573
48201450801,Harris County,0.3654,1724,29.75982,-95.5680076,10.666666666666666,"Morgans Point, TX",30.0,0.0,0.0,0.3656193716229738,0.7580645161290323,0.0,0.06664929719547442,0.3437700960451493
48203020105,Harrison County,0.5943,1903,32.6289692,-94.1086821,10.666666666666666,"Morgans Point, TX",97.0,0.0,0.0,0.5946567940764459,0.217741935483871,0.0,1.0,0.3437196188680951
48201253102,Harris County,0.2152,6576,29.8287723,-94.9611742,10.666666666666666,"Morgans Point, TX",13.0,0.0,0.0,0.21532919751851112,0.8951612903225806,0.0,0.1055040630015505,0.3436975526524826
48201554807,Harris County,0.5013,6667,30.0325647,-95.5932037,10.666666666666666,"Morgans Point, TX",49.0,0.0,0.0,0.5016009605763458,0.6048387096774194,0.0,0.11506695666416666,0.34343859674254623
48201552602,Harris County,0.4824,7162,29.9754278,-95.5770636,10.666666666666666,"Morgans Point, TX",46.0,0.0,0.0,0.48268961376826097,0.6290322580645161,0.0,0.09816518257671285,0.3433330798075044
48201552101,Harris County,0.4505,4457,29.9234939,-95.6188028,10.666666666666666,"Morgans Point, TX",42.0,0.0,0.0,0.45077046227736645,0.6612903225806452,0.0,0.0967378312869957,0.34329201858610303
48201241201,Harris County,0.4596,3314,30.0384045,-95.3889323,10.666666666666666,"Morgans Point, TX",43.0,0.0,0.0,0.45987592555533324,0.6532258064516129,0.0,0.09105420989004304,0.34303594059108816
48201520700,Harris County,0.3271,4485,29.7993191,-95.4967336,10.666666666666666,"Morgans Point, TX",25.0,0.0,0.0,0.327296377826696,0.7983870967741935,0.0,0.04793955512304746,0.34249899789257165
48201333600,Harris County,0.2754,3673,29.6589549,-95.2992029,10.666666666666666,"Morgans Point, TX",18.0,0.0,0.0,0.2755653392035221,0.8548387096774194,0.0,0.0330935826122869,0.34243057292551116
48167720100,Galveston County,0.2117,5701,29.5430634,-95.2097728,10.666666666666666,"Morgans Point, TX",12.0,0.0,0.0,0.21182709625775467,0.9032258064516129,0.0,0.07772212576392826,0.3422880833892031
48201451604,Harris County,0.3603,3614,29.7681348,-95.632999,10.666666666666666,"Morgans Point, TX",31.0,0.0,0.0,0.36051630978587157,0.75,0.0,0.08518978246563452,0.3416738711823249
48201431804,Harris County,0.3041,2011,29.7479826,-95.4590542,10.666666666666666,"Morgans Point, TX",22.0,0.0,0.0,0.30428256954172506,0.8225806451612903,0.0,0.03586263560670371,0.3416452279715749
48201542106,Harris County,0.4635,8350,29.8721091,-95.7107909,10.666666666666666,"Morgans Point, TX",45.0,0.0,0.0,0.46377826696017616,0.6370967741935484,0.0,0.11319173889361508,0.34158168623547885
48201556000,Harris County,0.731,11421,30.0771931,-95.8554199,10.666666666666666,"Morgans Point, TX",81.0,0.0,0.0,0.7314388633179908,0.3467741935483871,0.0,0.18068197511548487,0.3415321145714619
48201240707,Harris County,0.3783,5433,29.9793584,-95.4147413,10.666666666666666,"Morgans Point, TX",33.0,0.0,0.0,0.3785271162697619,0.7338709677419355,0.0,0.0741451973206498,0.34113394493557414
48201454400,Harris County,0.3353,1081,29.7454505,-95.6690868,10.666666666666666,"Morgans Point, TX",29.0,0.0,0.0,0.3355013007804683,0.7661290322580645,0.0,0.09558992317277484,0.3400480922288373
48201240906,Harris County,0.394,7766,30.0238653,-95.3170674,10.666666666666666,"Morgans Point, TX",36.0,0.0,0.0,0.3942365419251551,0.7096774193548387,0.0,0.08475091367967492,0.3396492797519656
48201430101,Harris County,0.3357,3214,29.7802489,-95.4638738,10.666666666666666,"Morgans Point, TX",27.0,0.0,0.0,0.33590154092455476,0.782258064516129,0.0,0.037479806309628924,0.339195862263168
48201410704,Harris County,0.2695,1869,29.7422384,-95.38543,10.666666666666666,"Morgans Point, TX",18.0,0.0,0.0,0.269661797078247,0.8548387096774194,0.0,0.015793223728335165,0.33892947439953347
48201511001,Harris County,0.3023,3041,29.7994395,-95.4435741,10.666666666666666,"Morgans Point, TX",23.0,0.0,0.0,0.30248148889333604,0.814516129032258,0.0,0.03351373707789309,0.3384506590854675
48201555200,Harris County,0.4735,12448,30.0968234,-95.4685384,10.666666666666666,"Morgans Point, TX",48.0,0.0,0.0,0.4737842705623374,0.6129032258064516,0.0,0.11558422032351816,0.3375646709429885
48201541402,Harris County,0.4303,2821,29.8537562,-95.6574109,10.666666666666666,"Morgans Point, TX",42.0,0.0,0.0,0.43055833500100066,0.6612903225806452,0.0,0.09687894129895736,0.3372424914043895
48201340202,Harris County,0.1725,8375,29.6133268,-95.1398275,10.666666666666666,"Morgans Point, TX",9.0,0.0,0.0,0.17260356213728237,0.9274193548387096,0.0,0.07099965399574706,0.3371068404923723
48201542001,Harris County,0.393,4528,29.8209048,-95.7145336,10.666666666666666,"Morgans Point, TX",38.0,0.0,0.0,0.393235941564939,0.6935483870967742,0.0,0.11009164255710592,0.33704446285422457
48201312902,Harris County,0.2546,2250,29.7146857,-95.3646164,10.666666666666666,"Morgans Point, TX",17.0,0.0,0.0,0.25475285171102663,0.8629032258064516,0.0,0.016862406741395317,0.336983063929383
48201314401,Harris County,0.2732,1599,29.6965548,-95.4043924,10.666666666666666,"Morgans Point, TX",20.0,0.0,0.0,0.2733640184110466,0.8387096774193549,0.0,0.028735579834483643,0.33649566673256875
48201431600,Harris County,0.3167,3324,29.764816,-95.4842774,10.666666666666666,"Morgans Point, TX",26.0,0.0,0.0,0.31689013408044825,0.7903225806451613,0.0,0.04280782458452478,0.3364445968761353
48201451405,Harris County,0.3347,2600,29.7412332,-95.6211734,10.666666666666666,"Morgans Point, TX",30.0,0.0,0.0,0.3349009405643386,0.7580645161290323,0.0,0.0820600632052558,0.33609564332853686
48201521502,Harris County,0.3406,2893,29.8277109,-95.515963,10.666666666666666,"Morgans Point, TX",30.0,0.0,0.0,0.3408044826896138,0.7580645161290323,0.0,0.05609548308735339,0.33527024795432914
48201552902,Harris County,0.4403,5613,29.9945434,-95.5178223,10.666666666666666,"Morgans Point, TX",44.0,0.0,0.0,0.44056433860316196,0.6451612903225806,0.0,0.09207202973443977,0.33492489165116673
48201540700,Harris County,0.3854,5145,29.857098,-95.6131462,10.666666666666666,"Morgans Point, TX",37.0,0.0,0.0,0.3856313788272964,0.7016129032258065,0.0,0.08536692578240078,0.33470997719417095
48201553405,Harris County,0.4264,6641,30.0550828,-95.447725,10.666666666666666,"Morgans Point, TX",43.0,0.0,0.0,0.4266559935961577,0.6532258064516129,0.0,0.10069604395089557,0.33403414440942075
48201420600,Harris County,0.281,2409,29.6611026,-95.47013,10.666666666666666,"Morgans Point, TX",23.0,0.0,0.0,0.28116870122073245,0.814516129032258,0.0,0.05048055497097254,0.33375350457299435
48203020202,Harrison County,0.4791,3117,32.6410887,-94.415099,10.666666666666666,"Morgans Point, TX",86.0,0.0,0.0,0.47938763257954775,0.30645161290322576,0.0,0.9777816267687742,0.33352993632170946
48201312000,Harris County,0.275,3587,29.7152475,-95.3523898,10.666666666666666,"Morgans Point, TX",21.0,0.0,0.0,0.2751650990594357,0.8306451612903226,0.0,0.015010055217916693,0.33324408362671915
48201410300,Harris County,0.2713,3552,29.7564318,-95.4041075,10.666666666666666,"Morgans Point, TX",21.0,0.0,0.0,0.27146287772663596,0.8306451612903226,0.0,0.020010723009232057,0.3326334840060108
48201240705,Harris County,0.3543,3984,30.0147192,-95.4097904,10.666666666666666,"Morgans Point, TX",34.0,0.0,0.0,0.35451270762457476,0.7258064516129032,0.0,0.08481969226587482,0.3325777169978309
48201554701,Harris County,0.4268,3181,30.0029583,-95.5883784,10.666666666666666,"Morgans Point, TX",44.0,0.0,0.0,0.42705623374024415,0.6451612903225806,0.0,0.10689218098624045,0.3323544753174715
48201542902,Harris County,0.4406,28999,29.8387065,-95.800019,10.666666666666666,"Morgans Point, TX",47.0,0.0,0.0,0.4408645187112267,0.6209677419354839,0.0,0.13508250356179566,0.3320579285501927
48201541204,Harris County,0.4108,5805,29.88497,-95.6594957,10.666666666666666,"Morgans Point, TX",42.0,0.0,0.0,0.4110466279767861,0.6612903225806452,0.0,0.10103861710297769,0.33180494687752715
48201534204,Harris County,0.3966,4246,29.8833074,-95.5366596,10.666666666666666,"Morgans Point, TX",39.0,0.0,0.0,0.39683810286171706,0.685483870967742,0.0,0.06996658806871292,0.331693250955709
48201552102,Harris County,0.3978,5676,29.9380579,-95.6157981,10.666666666666666,"Morgans Point, TX",41.0,0.0,0.0,0.3980388232939764,0.6693548387096775,0.0,0.09870524869001397,0.3300886234700976
48201313901,Harris County,0.2286,2903,29.6945254,-95.3831759,10.666666666666666,"Morgans Point, TX",17.0,0.0,0.0,0.22873724234540727,0.8629032258064516,0.0,0.02531273883712058,0.3300234143292697
48201451501,Harris County,0.3223,3473,29.7601723,-95.6223627,10.666666666666666,"Morgans Point, TX",31.0,0.0,0.0,0.3224934960976586,0.75,0.0,0.08213395777143893,0.32996144460644145
48201552901,Harris County,0.3922,4678,29.9937663,-95.5061963,10.666666666666666,"Morgans Point, TX",40.0,0.0,0.0,0.3924354612767661,0.6774193548387097,0.0,0.0899974566606626,0.329956190500709
48201314402,Harris County,0.2179,2095,29.6886576,-95.4100413,10.666666666666666,"Morgans Point, TX",16.0,0.0,0.0,0.21803081849109468,0.8709677419354839,0.0,0.03170949947050004,0.3298705180750236
48201543006,Harris County,0.4051,17397,29.9089598,-95.708362,10.666666666666666,"Morgans Point, TX",43.0,0.0,0.0,0.40534320592355416,0.6532258064516129,0.0,0.11693282882839495,0.3292639865953896
48201250403,Harris County,0.2966,3525,30.0011721,-95.1425237,10.666666666666666,"Morgans Point, TX",29.0,0.0,0.0,0.29677806684010405,0.7661290322580645,0.0,0.09341213125793336,0.3282133428552439
48201432703,Harris County,0.2789,1989,29.7288262,-95.472348,10.666666666666666,"Morgans Point, TX",25.0,0.0,0.0,0.27906744046427856,0.7983870967741935,0.0,0.0407594474105069,0.3273123059125923
48201232202,Harris County,0.2736,5460,29.9203668,-95.2654855,10.666666666666666,"Morgans Point, TX",25.0,0.0,0.0,0.2737642585551331,0.7983870967741935,0.0,0.05374006442172557,0.32701941304097054
48201431901,Harris County,0.3165,2526,29.7295833,-95.4646225,10.666666666666666,"Morgans Point, TX",30.0,0.0,0.0,0.3166900140084051,0.7580645161290323,0.0,0.03856747568631415,0.3262831066098626
48201341502,Harris County,0.1384,4321,29.5614395,-95.0375896,10.666666666666666,"Morgans Point, TX",11.0,0.0,0.0,0.13848308985391236,0.9112903225806451,0.0,0.1042928606601914,0.32536130979638633
48201542304,Harris County,0.3927,5827,29.8239135,-95.725545,10.666666666666666,"Morgans Point, TX",43.0,0.0,0.0,0.39293576145687414,0.6532258064516129,0.0,0.11335153065441321,0.3251836234379874
48201251200,Harris County,0.2993,6537,30.0577974,-95.223459,10.666666666666666,"Morgans Point, TX",31.0,0.0,0.0,0.29947968781268763,0.75,0.0,0.10032890976570871,0.32487679732037716
48201250406,Harris County,0.3372,4773,29.9849665,-95.1866776,10.666666666666666,"Morgans Point, TX",35.0,0.0,0.0,0.33740244146487897,0.717741935483871,0.0,0.08231857299226504,0.32477517038385145
48201251902,Harris County,0.2088,7676,29.9082834,-95.0972575,10.666666666666666,"Morgans Point, TX",19.0,0.0,0.0,0.2089253552131279,0.8467741935483871,0.0,0.08018170978979773,0.3247280356074343
48201422000,Harris County,0.2492,2235,29.6620014,-95.4846575,10.666666666666666,"Morgans Point, TX",23.0,0.0,0.0,0.24934960976585954,0.814516129032258,0.0,0.05357669035146214,0.32451739067458146
48201241002,Harris County,0.3641,5439,30.0560607,-95.3374648,10.666666666666666,"Morgans Point, TX",39.0,0.0,0.0,0.3643185911546928,0.685483870967742,0.0,0.09528415616356557,0.324469154253087
48201342801,Harris County,0.1302,5172,29.6860043,-95.102856,10.666666666666666,"Morgans Point, TX",9.0,0.0,0.0,0.1302781669001401,0.9274193548387096,0.0,0.06744666489532453,0.3240539230111874
48201542107,Harris County,0.357,3729,29.8722427,-95.6878599,10.666666666666666,"Morgans Point, TX",39.0,0.0,0.0,0.3572143285971583,0.685483870967742,0.0,0.10703419509474496,0.3235128793789446
48201241001,Harris County,0.3455,3952,30.0351908,-95.3443265,10.666666666666666,"Morgans Point, TX",37.0,0.0,0.0,0.3457074244546728,0.7016129032258065,0.0,0.08851225104674874,0.32304732340881864
48201350300,Harris County,0.1586,6299,29.5828801,-95.2248554,10.666666666666666,"Morgans Point, TX",13.0,0.0,0.0,0.15869521713027818,0.8951612903225806,0.0,0.06409154003582115,0.32256610623943976
48201452102,Harris County,0.2855,2007,29.7347268,-95.5783081,10.666666666666666,"Morgans Point, TX",29.0,0.0,0.0,0.285671402841705,0.7661290322580645,0.0,0.07012080646567688,0.3225522111764985
48201342802,Harris County,0.1485,3116,29.6973737,-95.1005422,10.666666666666666,"Morgans Point, TX",12.0,0.0,0.0,0.14858915349209526,0.9032258064516129,0.0,0.06682457973346724,0.3222269459564591
48201413206,Harris County,0.2385,2521,29.6983131,-95.4189449,10.666666666666666,"Morgans Point, TX",22.0,0.0,0.0,0.23864318591154693,0.8225806451612903,0.0,0.031453310813456536,0.3215124804031968
48201511400,Harris County,0.2268,2739,29.7957877,-95.383124,10.666666666666666,"Morgans Point, TX",20.0,0.0,0.0,0.22693616169701822,0.8387096774193549,0.0,0.017683943773134248,0.3214621461122253
48201411002,Harris County,0.2559,1983,29.7405008,-95.4146969,10.666666666666666,"Morgans Point, TX",24.0,0.0,0.0,0.2560536321793076,0.8064516129032258,0.0,0.023898793434351587,0.3211414528681952
48201410703,Harris County,0.2327,2451,29.7413902,-95.3937139,10.666666666666666,"Morgans Point, TX",21.0,0.0,0.0,0.23283970382229338,0.8306451612903226,0.0,0.018104414195492066,0.32085590095333405
48201552402,Harris County,0.4075,2765,29.9448636,-95.5965247,10.666666666666666,"Morgans Point, TX",46.0,0.0,0.0,0.4077446467880728,0.6290322580645161,0.0,0.09565279851368526,0.32059835130714515
48201450401,Harris County,0.3081,1656,29.7732999,-95.6099354,10.666666666666666,"Morgans Point, TX",33.0,0.0,0.0,0.30828497098258956,0.7338709677419355,0.0,0.0786855817951373,0.3205153397968712
48201413204,Harris County,0.2259,964,29.6991945,-95.4246003,10.666666666666666,"Morgans Point, TX",21.0,0.0,0.0,0.22603562137282368,0.8306451612903226,0.0,0.032550919681213084,0.3202593267670652
48201450600,Harris County,0.3066,4943,29.7709259,-95.6163028,10.666666666666666,"Morgans Point, TX",33.0,0.0,0.0,0.30678407044226536,0.7338709677419355,0.0,0.08046434251581869,0.3202429457068421
48201430102,Harris County,0.271,2512,29.7763851,-95.4703505,10.666666666666666,"Morgans Point, TX",27.0,0.0,0.0,0.27116269761857115,0.782258064516129,0.0,0.03912810729861077,0.3199390393702711
48201423500,Harris County,0.2329,2163,29.6509447,-95.5411795,10.666666666666666,"Morgans Point, TX",24.0,0.0,0.0,0.2330398238943366,0.8064516129032258,0.0,0.06902855740211326,0.31875028677948003
48201551901,Harris County,0.3239,2521,29.9034698,-95.5860688,10.666666666666666,"Morgans Point, TX",36.0,0.0,0.0,0.32409445667400444,0.7096774193548387,0.0,0.08535266370676063,0.31866682917932904
48201510400,Harris County,0.2731,3769,29.784318,-95.3924239,10.666666666666666,"Morgans Point, TX",27.0,0.0,0.0,0.27326395837502504,0.782258064516129,0.0,0.018143129242382365,0.31847091979158443
48201531100,Harris County,0.2959,3507,29.8245117,-95.4376743,10.666666666666666,"Morgans Point, TX",31.0,0.0,0.0,0.29607764658795277,0.75,0.0,0.03581920211989308,0.31740521418837514
48201553500,Harris County,0.3388,6892,30.037378,-95.4753518,10.666666666666666,"Morgans Point, TX",39.0,0.0,0.0,0.33900340204122476,0.685483870967742,0.0,0.09825511661896728,0.31717169356458674
48201510202,Harris County,0.2454,5263,29.7710447,-95.3873012,10.666666666666666,"Morgans Point, TX",24.0,0.0,0.0,0.24554732839703824,0.8064516129032258,0.0,0.015472950348926325,0.31714697742497183
48201451406,Harris County,0.2763,2377,29.7417968,-95.6111916,10.666666666666666,"Morgans Point, TX",31.0,0.0,0.0,0.2764658795277166,0.75,0.0,0.07921004700225483,0.31586076855854045
48201250305,Harris County,0.237,5569,29.9688045,-95.2133443,10.666666666666666,"Morgans Point, TX",26.0,0.0,0.0,0.23714228537122273,0.7903225806451613,0.0,0.07412350529172479,0.3156518103340877
48201530200,Harris County,0.2493,3707,29.8161831,-95.424873,10.666666666666666,"Morgans Point, TX",26.0,0.0,0.0,0.24944966980188113,0.7903225806451613,0.0,0.03127080317079127,0.31505875545119183
48201340800,Harris County,0.1045,5436,29.5814929,-95.1438192,10.666666666666666,"Morgans Point, TX",10.0,0.0,0.0,0.10456273764258556,0.9193548387096774,0.0,0.07761327964471286,0.31493660087015013
48201412202,Harris County,0.1931,3768,29.7057466,-95.4136689,10.666666666666666,"Morgans Point, TX",19.0,0.0,0.0,0.19321592955773464,0.8467741935483871,0.0,0.028767783072481973,0.3148738152390847
48201343200,Harris County,0.0858,4740,29.6581158,-95.0553648,10.666666666666666,"Morgans Point, TX",8.0,0.0,0.0,0.08585151090654393,0.935483870967742,0.0,0.08345173312538864,0.3147457878748246
48201450804,Harris County,0.2206,1878,29.7526509,-95.5599479,10.666666666666666,"Morgans Point, TX",24.0,0.0,0.0,0.2207324394636782,0.8064516129032258,0.0,0.06441390194344969,0.3145966059044162
48201552802,Harris County,0.3644,4215,29.9759575,-95.5301385,10.666666666666666,"Morgans Point, TX",43.0,0.0,0.0,0.36461877126275766,0.6532258064516129,0.0,0.08932309798856528,0.3142856831131677
48201411100,Harris County,0.2167,3669,29.7503923,-95.4140675,10.666666666666666,"Morgans Point, TX",22.0,0.0,0.0,0.21683009805883532,0.8225806451612903,0.0,0.023050023253440077,0.3141282252913817
48201431505,Harris County,0.2174,1316,29.754609,-95.4842534,10.666666666666666,"Morgans Point, TX",23.0,0.0,0.0,0.2175305183109866,0.814516129032258,0.0,0.042840581373811804,0.31389805234035456
48201350103,Harris County,0.1608,7685,29.5711616,-95.2453882,10.666666666666666,"Morgans Point, TX",17.0,0.0,0.0,0.16089653792275366,0.8629032258064516,0.0,0.06524241215107004,0.31366417033386856
48201555501,Harris County,0.4428,6109,30.074519,-95.6557622,10.666666666666666,"Morgans Point, TX",55.0,0.0,0.0,0.44306583950370226,0.5564516129032258,0.0,0.13713774660372377,0.3135690103824508
48201314004,Harris County,0.1878,1755,29.6872016,-95.397622,10.666666666666666,"Morgans Point, TX",19.0,0.0,0.0,0.18791274764858915,0.8467741935483871,0.0,0.029716500412676063,0.31337773240036043
48201340600,Harris County,0.106,2522,29.5758631,-95.1312524,10.666666666666666,"Morgans Point, TX",11.0,0.0,0.0,0.10606363818290974,0.9112903225806451,0.0,0.08139271275944154,0.31334545950501064
48201542500,Harris County,0.3408,3863,29.7936124,-95.7642913,10.666666666666666,"Morgans Point, TX",42.0,0.0,0.0,0.341004602761657,0.6612903225806452,0.0,0.1230022860060073,0.3129887062032914
48201553001,Harris County,0.359,5771,30.0019366,-95.4947839,10.666666666666666,"Morgans Point, TX",43.0,0.0,0.0,0.35921552931759054,0.6532258064516129,0.0,0.09053625107553995,0.312786025838315
48201980200,Harris County,0.0802,9090,29.7663846,-95.3513042,10.666666666666666,"Morgans Point, TX",5.0,0.0,0.0,0.0802481488893336,0.9596774193548387,0.0,0.0051293574315982235,0.3124906062164115
48201411902,Harris County,0.2034,2035,29.7266021,-95.3929645,10.666666666666666,"Morgans Point, TX",21.0,0.0,0.0,0.2035221132679608,0.8306451612903226,0.0,0.020022175293938068,0.3122523998968788
48201251401,Harris County,0.2192,3065,30.0808776,-95.1912368,10.666666666666666,"Morgans Point, TX",27.0,0.0,0.0,0.21933159895937565,0.782258064516129,0.0,0.1104539571006378,0.3115222947527152
48201431801,Harris County,0.2499,3465,29.743985,-95.4725696,10.666666666666666,"Morgans Point, TX",28.0,0.0,0.0,0.25005003001801085,0.7741935483870968,0.0,0.039849416104746564,0.3112580151320069
48201510701,Harris County,0.1669,2265,29.762792,-95.4038229,10.666666666666666,"Morgans Point, TX",17.0,0.0,0.0,0.16700020012007205,0.8629032258064516,0.0,0.019877795958912724,0.31095880737384834
48201431403,Harris County,0.2237,1840,29.7442275,-95.478412,10.666666666666666,"Morgans Point, TX",25.0,0.0,0.0,0.22383430058034823,0.7983870967741935,0.0,0.04148855677425955,0.31081527488378846
48201554805,Harris County,0.4247,9361,30.0311806,-95.583542,10.666666666666666,"Morgans Point, TX",53.0,0.0,0.0,0.4249549729837903,0.5725806451612903,0.0,0.11296058258123565,0.3105567437016477
48201412201,Harris County,0.1952,2247,29.7092496,-95.4082503,10.666666666666666,"Morgans Point, TX",21.0,0.0,0.0,0.19531719031418854,0.8306451612903226,0.0,0.026842376219593164,0.31047294310331264
48201542201,Harris County,0.3584,7237,29.8702618,-95.726161,10.666666666666666,"Morgans Point, TX",45.0,0.0,0.0,0.3586151691014609,0.6370967741935484,0.0,0.11716695295622007,0.31043027828412484
48201340302,Harris County,0.1116,6607,29.5997387,-95.1142661,10.666666666666666,"Morgans Point, TX",13.0,0.0,0.0,0.11166700020012008,0.8951612903225806,0.0,0.07941713751037133,0.30999020090784735
48201551202,Harris County,0.3594,3697,29.9708756,-95.506244,10.666666666666666,"Morgans Point, TX",44.0,0.0,0.0,0.359615769461677,0.6451612903225806,0.0,0.08384423989522037,0.3098175419247993
48201420400,Harris County,0.213,3187,29.6575147,-95.4559003,10.666666666666666,"Morgans Point, TX",25.0,0.0,0.0,0.21312787672603561,0.7983870967741935,0.0,0.04820344004412922,0.3082748360544817
48201250405,Harris County,0.1902,10214,29.9888114,-95.1692973,10.666666666666666,"Morgans Point, TX",24.0,0.0,0.0,0.19031418851310788,0.8064516129032258,0.0,0.08588866939618808,0.3076186073645189
48201410801,Harris County,0.1874,2305,29.7364644,-95.4049911,10.666666666666666,"Morgans Point, TX",21.0,0.0,0.0,0.1875125075045027,0.8306451612903226,0.0,0.021676935249827937,0.3076149941634304
48201552801,Harris County,0.3141,4975,29.9862036,-95.5368629,10.666666666666666,"Morgans Point, TX",40.0,0.0,0.0,0.31428857314388636,0.6774193548387097,0.0,0.09313959714688842,0.3068263381094677
48201340203,Harris County,0.0423,4534,29.6056093,-95.0982475,10.666666666666666,"Morgans Point, TX",6.0,0.0,0.0,0.04232539523714229,0.9516129032258065,0.0,0.08172463869574152,0.3063539534084588
48201250702,Harris County,0.2272,4110,30.0032624,-95.1784012,10.666666666666666,"Morgans Point, TX",30.0,0.0,0.0,0.22733640184110468,0.7580645161290323,0.0,0.08871631688444138,0.3044919070794852
48201413205,Harris County,0.1734,1566,29.7031646,-95.420566,10.666666666666666,"Morgans Point, TX",21.0,0.0,0.0,0.1735041024614769,0.8306451612903226,0.0,0.030852014838917533,0.3043299806094316
48201542901,Harris County,0.2946,9577,29.8147304,-95.7618657,10.666666666666666,"Morgans Point, TX",40.0,0.0,0.0,0.2947768661196718,0.6774193548387097,0.0,0.12308750857899628,0.3039676171454141
48201540904,Harris County,0.2952,4790,29.8896332,-95.6337961,10.666666666666666,"Morgans Point, TX",39.0,0.0,0.0,0.2953772263358015,0.685483870967742,0.0,0.09501996834319919,0.30376032602538294
48201430500,Harris County,0.2204,2320,29.7798455,-95.5191678,10.666666666666666,"Morgans Point, TX",28.0,0.0,0.0,0.220532319391635,0.7741935483870968,0.0,0.05307140122121882,0.30372490045574135
48201554908,Harris County,0.3403,7642,30.0886061,-95.5465971,10.666666666666666,"Morgans Point, TX",46.0,0.0,0.0,0.34050430258154896,0.6290322580645161,0.0,0.1225164789514056,0.30311261608896006
48201411503,Harris County,0.1624,3235,29.7345889,-95.4240654,10.666666666666666,"Morgans Point, TX",20.0,0.0,0.0,0.16249749849909945,0.8387096774193549,0.0,0.027014111549510254,0.3030635639304873
48201450900,Harris County,0.2214,3034,29.7420701,-95.5651151,10.666666666666666,"Morgans Point, TX",29.0,0.0,0.0,0.22153291975185113,0.7661290322580645,0.0,0.06612222379358233,0.3029108079823329
48201450100,Harris County,0.2372,2009,29.7772428,-95.5669287,10.666666666666666,"Morgans Point, TX",31.0,0.0,0.0,0.23734240544326596,0.75,0.0,0.06653800097727262,0.30285652173070704
48201421802,Harris County,0.1914,2063,29.685661,-95.4808616,10.666666666666666,"Morgans Point, TX",25.0,0.0,0.0,0.1915149089453672,0.7983870967741935,0.0,0.048427500470625155,0.3018133517629307
48201340702,Harris County,0.0835,3436,29.569193,-95.1406139,10.666666666666666,"Morgans Point, TX",13.0,0.0,0.0,0.08355013007804683,0.8951612903225806,0.0,0.08125814292821244,0.3017392404130095
48201251100,Harris County,0.2893,6839,30.0354861,-95.236521,10.666666666666666,"Morgans Point, TX",39.0,0.0,0.0,0.2894736842105263,0.685483870967742,0.0,0.09224885955629558,0.30171215250911004
48201554201,Harris County,0.342,6812,30.0021659,-95.5646443,10.666666666666666,"Morgans Point, TX",46.0,0.0,0.0,0.3422053231939164,0.6290322580645161,0.0,0.10220931412374627,0.30159220578990437
48201543011,Harris County,0.3209,5559,29.8886309,-95.708718,10.666666666666666,"Morgans Point, TX",44.0,0.0,0.0,0.32109265559335604,0.6451612903225806,0.0,0.11446650155425805,0.30132283393020676
48201410601,Harris County,0.1444,3928,29.74453,-95.3777657,10.666666666666666,"Morgans Point, TX",18.0,0.0,0.0,0.14448669201520914,0.8548387096774194,0.0,0.013485248424271887,0.3011461453502158
48201411801,Harris County,0.1864,3686,29.7264326,-95.4380232,10.666666666666666,"Morgans Point, TX",24.0,0.0,0.0,0.1865119071442866,0.8064516129032258,0.0,0.031647867907367386,0.3010538428049904
48201312601,Harris County,0.1495,3698,29.7217905,-95.3845987,10.666666666666666,"Morgans Point, TX",19.0,0.0,0.0,0.14958975385231138,0.8467741935483871,0.0,0.018995995336885167,0.300808783753898
48201542104,Harris County,0.301,8007,29.837111,-95.7106044,10.666666666666666,"Morgans Point, TX",42.0,0.0,0.0,0.301180708425055,0.6612903225806452,0.0,0.11004720039736773,0.29974602934144684
48201413100,Harris County,0.1479,3099,29.6983955,-95.4327891,10.666666666666666,"Morgans Point, TX",20.0,0.0,0.0,0.1479887932759656,0.8387096774193549,0.0,0.03459825741497356,0.29946936695009346
48201510100,Harris County,0.1149,2794,29.7693835,-95.3710269,10.666666666666666,"Morgans Point, TX",15.0,0.0,0.0,0.11496898138883331,0.8790322580645161,0.0,0.01082245608918491,0.2992826174449233
48201411504,Harris County,0.157,2178,29.7353929,-95.4329529,10.666666666666666,"Morgans Point, TX",21.0,0.0,0.0,0.15709425655393236,0.8306451612903226,0.0,0.02936080690827504,0.299257906044104
48201534205,Harris County,0.2707,4140,29.8939622,-95.5409747,10.666666666666666,"Morgans Point, TX",37.0,0.0,0.0,0.27086251751050633,0.7016129032258065,0.0,0.07297425218561417,0.2990400514394552
48201541902,Harris County,0.2823,4567,29.825727,-95.6982359,10.666666666666666,"Morgans Point, TX",40.0,0.0,0.0,0.2824694816890134,0.6774193548387097,0.0,0.10582345256499823,0.2985489962148168
48201541006,Harris County,0.3283,7014,29.9282187,-95.6804977,10.666666666666666,"Morgans Point, TX",46.0,0.0,0.0,0.32849709825895534,0.6290322580645161,0.0,0.1126307416396499,0.2985218810610064
48201412700,Harris County,0.176,3178,29.7135,-95.453667,10.666666666666666,"Morgans Point, TX",24.0,0.0,0.0,0.17610566339803882,0.8064516129032258,0.0,0.037373610827128735,0.29850454397309223
48201430900,Harris County,0.2387,5264,29.7579315,-95.5432078,10.666666666666666,"Morgans Point, TX",33.0,0.0,0.0,0.23884330598359016,0.7338709677419355,0.0,0.0595924398196101,0.2977735260996187
48201551703,Harris County,0.277,8558,29.9152568,-95.5627546,10.666666666666666,"Morgans Point, TX",39.0,0.0,0.0,0.27716629977986795,0.685483870967742,0.0,0.08211063042063502,0.29700611426634643
48201510902,Harris County,0.1366,4277,29.7861896,-95.434341,10.666666666666666,"Morgans Point, TX",20.0,0.0,0.0,0.1366820092055233,0.8387096774193549,0.0,0.029659135581390498,0.2955834195456025
48201250306,Harris County,0.2016,3438,29.968714,-95.2072885,10.666666666666666,"Morgans Point, TX",30.0,0.0,0.0,0.20172103261957175,0.7580645161290323,0.0,0.07486139146699756,0.29542180377128097
48201241302,Harris County,0.2416,8254,30.0584637,-95.4162491,10.666666666666666,"Morgans Point, TX",36.0,0.0,0.0,0.24174504702821695,0.7096774193548387,0.0,0.09916509318794847,0.2953432492337116
48201455104,Harris County,0.2892,3176,29.7712949,-95.7603187,10.666666666666666,"Morgans Point, TX",43.0,0.0,0.0,0.28937362417450474,0.6532258064516129,0.0,0.12147416760091563,0.29492724594792685
48201350604,Harris County,0.0392,3306,29.5414881,-95.184377,10.666666666666666,"Morgans Point, TX",11.0,0.0,0.0,0.03922353412047228,0.9112903225806451,0.0,0.08153313698971339,0.2933074707093065
48201553801,Harris County,0.2813,2523,30.0430149,-95.5102012,10.666666666666666,"Morgans Point, TX",42.0,0.0,0.0,0.28146888132879727,0.6612903225806452,0.0,0.10439988668586618,0.29326774984141935
48201980000,Harris County,0.0678,13,29.6471554,-95.2762041,10.666666666666666,"Morgans Point, TX",13.0,0.0,0.0,0.0678407044226536,0.8951612903225806,0.0,0.03881174137549284,0.2927817725611196
48201310200,Harris County,0.0621,2057,29.7434743,-95.3511272,10.666666666666666,"Morgans Point, TX",11.0,0.0,0.0,0.062137282369421655,0.9112903225806451,0.0,0.007120284257822864,0.2927403099108023
48201410602,Harris County,0.1082,2508,29.7493804,-95.3778889,10.666666666666666,"Morgans Point, TX",17.0,0.0,0.0,0.10826495897538524,0.8629032258064516,0.0,0.013013319113271608,0.29265178734587816
48201555102,Harris County,0.3183,5696,30.077085,-95.4518284,10.666666666666666,"Morgans Point, TX",47.0,0.0,0.0,0.3184910946567941,0.6209677419354839,0.0,0.1079023771694074,0.29262788869462414
48201411700,Harris County,0.1488,3150,29.7245732,-95.4533877,10.666666666666666,"Morgans Point, TX",23.0,0.0,0.0,0.1488893336001601,0.814516129032258,0.0,0.03598029893271625,0.29261966868299705
48201511301,Harris County,0.1605,4616,29.7972613,-95.4054495,10.666666666666666,"Morgans Point, TX",24.0,0.0,0.0,0.1605963578146888,0.8064516129032258,0.0,0.02332866982297393,0.29244725819767176
48201250303,Harris County,0.1627,3475,29.9421382,-95.2416308,10.666666666666666,"Morgans Point, TX",26.0,0.0,0.0,0.16279767860716432,0.7903225806451613,0.0,0.06283790435181141,0.29221986821087875
48201431401,Harris County,0.1442,2437,29.744466,-95.4839917,10.666666666666666,"Morgans Point, TX",23.0,0.0,0.0,0.1442865719431659,0.814516129032258,0.0,0.043055602058711555,0.2919463704984983
48201542203,Harris County,0.2874,10790,29.8583282,-95.7371666,10.666666666666666,"Morgans Point, TX",44.0,0.0,0.0,0.28757254352611566,0.6451612903225806,0.0,0.11907137669322573,0.2917272878239314
48201542004,Harris County,0.2261,3328,29.8044932,-95.7125097,10.666666666666666,"Morgans Point, TX",36.0,0.0,0.0,0.22623574144486694,0.7096774193548387,0.0,0.10871050662708076,0.29164499890261975
48201340400,Harris County,0.0139,1079,29.5814459,-95.112162,10.666666666666666,"Morgans Point, TX",9.0,0.0,0.0,0.013908345007004202,0.9274193548387096,0.0,0.08390650057476047,0.29078896001119015
48201252001,Harris County,0.1633,7775,29.9421567,-95.1870929,10.666666666666666,"Morgans Point, TX",27.0,0.0,0.0,0.16339803882329398,0.782258064516129,0.0,0.07027058840656851,0.2907238898424837
48201251300,Harris County,0.1602,6844,30.0542151,-95.1976783,10.666666666666666,"Morgans Point, TX",28.0,0.0,0.0,0.160296177706624,0.7741935483870968,0.0,0.10162563157878836,0.29050948098599505
48201410900,Harris County,0.1054,3238,29.7328602,-95.3980506,10.666666666666666,"Morgans Point, TX",18.0,0.0,0.0,0.10546327796678007,0.8548387096774194,0.0,0.02031388434463562,0.2901219847277234
48201980700,Harris County,0.1413,1604,29.762179,-95.365248,10.666666666666666,"Morgans Point, TX",22.0,0.0,0.0,0.14138483089853915,0.8225806451612903,0.0,0.008886625548312972,0.29007830537278007
48201313101,Harris County,0.0956,2586,29.7062143,-95.3820336,10.666666666666666,"Morgans Point, TX",17.0,0.0,0.0,0.095657394436662,0.8629032258064516,0.0,0.022074592114804094,0.28977564528441446
48201412500,Harris County,0.124,1535,29.7086859,-95.4354835,10.666666666666666,"Morgans Point, TX",21.0,0.0,0.0,0.12407444466680008,0.8306451612903226,0.0,0.03344674890275555,0.2897605566774124
48201554907,Harris County,0.3206,4245,30.0770221,-95.5344217,10.666666666666666,"Morgans Point, TX",49.0,0.0,0.0,0.32079247548529116,0.6048387096774194,0.0,0.11749998252846133,0.28943935380165925
48201430800,Harris County,0.1534,6552,29.77607,-95.5529434,10.666666666666666,"Morgans Point, TX",26.0,0.0,0.0,0.15349209525715432,0.7903225806451613,0.0,0.06253655312133673,0.2893980580828283
48201431302,Harris County,0.1489,4834,29.7436384,-95.4905071,10.666666666666666,"Morgans Point, TX",25.0,0.0,0.0,0.14898939363618172,0.7983870967741935,0.0,0.04493150080971155,0.28870609720408374
48201510302,Harris County,0.11,3179,29.7868983,-95.3824843,10.666666666666666,"Morgans Point, TX",19.0,0.0,0.0,0.11006603962377427,0.8467741935483871,0.0,0.015958079749993005,0.2886478779266477
48201531600,Harris County,0.1654,2639,29.838057,-95.4534791,10.666666666666666,"Morgans Point, TX",27.0,0.0,0.0,0.16549929957974785,0.782258064516129,0.0,0.042047123945269126,0.28853192162328994
48203020301,Harrison County,0.6258,4762,32.5291857,-94.3179082,10.666666666666666,"Morgans Point, TX",122.0,0.0,0.0,0.626175705423254,0.016129032258064502,0.0,0.950210858954442,0.2877125071998397
48201511100,Harris County,0.134,4105,29.8081903,-95.427545,10.666666666666666,"Morgans Point, TX",23.0,0.0,0.0,0.1340804482689614,0.814516129032258,0.0,0.030570060087178143,0.2876359791990836
48201540502,Harris County,0.251,4682,29.846971,-95.6308828,10.666666666666666,"Morgans Point, TX",40.0,0.0,0.0,0.25115069041424853,0.6774193548387097,0.0,0.08900925882217206,0.2874719394581047
48201541009,Harris County,0.2775,4603,29.9123378,-95.6592289,10.666666666666666,"Morgans Point, TX",44.0,0.0,0.0,0.277666599959976,0.6451612903225806,0.0,0.10483712171120763,0.2873320792558878
48201411200,Harris County,0.1252,1662,29.7556182,-95.4252556,10.666666666666666,"Morgans Point, TX",22.0,0.0,0.0,0.12527516509905945,0.8225806451612903,0.0,0.026039950830249216,0.2869607381611298
48201232203,Harris County,0.1785,5936,29.9240272,-95.2283317,10.666666666666666,"Morgans Point, TX",30.0,0.0,0.0,0.17860716429857915,0.7580645161290323,0.0,0.05909057125061725,0.28691056125334513
48201450500,Harris County,0.1684,2993,29.7786592,-95.6346705,10.666666666666666,"Morgans Point, TX",30.0,0.0,0.0,0.16850110066039625,0.7580645161290323,0.0,0.0858194535976524,0.2865516303965938
48201432004,Harris County,0.1085,2128,29.7346838,-95.4762155,10.666666666666666,"Morgans Point, TX",21.0,0.0,0.0,0.10856513908345007,0.8306451612903226,0.0,0.04139466235586739,0.28590255634771855
48201343601,Harris County,0.0,1,29.7154848,-95.0709877,10.666666666666666,"Morgans Point, TX",9.0,0.0,0.0,0.0,0.9274193548387096,0.0,0.0734666764591639,0.2855724740975293
48203020104,Harrison County,0.3493,3273,32.5976067,-94.2281631,10.666666666666666,"Morgans Point, TX",90.0,0.0,0.0,0.3495097058234941,0.27419354838709675,0.0,0.9792778053555887,0.28503875679873614
48201340301,Harris County,0.0126,3336,29.5935324,-95.1253776,10.666666666666666,"Morgans Point, TX",11.0,0.0,0.0,0.012607564538723234,0.9112903225806451,0.0,0.07843957974268227,0.28501332411007874
48201412000,Harris County,0.1344,3918,29.7215371,-95.4107135,10.666666666666666,"Morgans Point, TX",24.0,0.0,0.0,0.13448068841304783,0.8064516129032258,0.0,0.02522551701499293,0.2848022420963814
48201241104,Harris County,0.1672,9303,30.0555703,-95.3649226,10.666666666666666,"Morgans Point, TX",31.0,0.0,0.0,0.16730038022813687,0.75,0.0,0.09563746118620282,0.2847538601870613
48201551705,Harris County,0.2022,5635,29.9183115,-95.5761904,10.666666666666666,"Morgans Point, TX",35.0,0.0,0.0,0.2023213928357014,0.717741935483871,0.0,0.08577569898314046,0.2845965683941858
48201411400,Harris County,0.1397,2719,29.744645,-95.4330815,10.666666666666666,"Morgans Point, TX",25.0,0.0,0.0,0.1397838703221933,0.7983870967741935,0.0,0.028703442428920492,0.28432163437180813
48201431404,Harris County,0.1266,2146,29.7436083,-95.481055,10.666666666666666,"Morgans Point, TX",24.0,0.0,0.0,0.126676005603362,0.8064516129032258,0.0,0.04226185017835786,0.2841644705698121
48201553101,Harris County,0.2302,3560,30.0214429,-95.4664935,10.666666666666666,"Morgans Point, TX",39.0,0.0,0.0,0.23033820292175305,0.685483870967742,0.0,0.09245220061885193,0.28399184222873375
48201350700,Harris County,0.0224,2230,29.5268563,-95.1859865,10.666666666666666,"Morgans Point, TX",13.0,0.0,0.0,0.022413448068841307,0.8951612903225806,0.0,0.08552109529948006,0.2838245310473746
48201541004,Harris County,0.2558,5456,29.9232994,-95.640396,10.666666666666666,"Morgans Point, TX",43.0,0.0,0.0,0.255953572143286,0.6532258064516129,0.0,0.10192414237656336,0.282946227816126
48201410502,Harris County,0.0712,3067,29.7491,-95.3850823,10.666666666666666,"Morgans Point, TX",17.0,0.0,0.0,0.07124274564738843,0.8629032258064516,0.0,0.015019150028007822,0.28174570643895275
48203020502,Harrison County,0.6271,4216,32.4934079,-94.3676641,10.666666666666666,"Morgans Point, TX",124.0,0.0,0.0,0.6274764858915349,0.0,0.0,0.9349028473273792,0.2817332305001984
48201454802,Harris County,0.206,4697,29.7637449,-95.7442006,10.666666666666666,"Morgans Point, TX",38.0,0.0,0.0,0.2061236742045227,0.6935483870967742,0.0,0.11684531800193088,0.28158615019058214
48201551400,Harris County,0.3212,6138,29.9625309,-95.5216718,10.666666666666666,"Morgans Point, TX",51.0,0.0,0.0,0.32139283570142085,0.5887096774193548,0.0,0.08439136392147717,0.2814698903283804
48201510301,Harris County,0.0593,3467,29.7824771,-95.377939,10.666666666666666,"Morgans Point, TX",16.0,0.0,0.0,0.05933560136081649,0.8709677419354839,0.0,0.014137549099566117,0.2805047578988467
48201313902,Harris County,0.0533,2719,29.6832036,-95.3862954,10.666666666666666,"Morgans Point, TX",16.0,0.0,0.0,0.05333199919951971,0.8709677419354839,0.0,0.028892404472280923,0.2801791627877292
48201541604,Harris County,0.2294,9967,29.835942,-95.6796105,10.666666666666666,"Morgans Point, TX",41.0,0.0,0.0,0.22953772263358016,0.6693548387096775,0.0,0.10137062978992925,0.2798048313819702
48201410101,Harris County,0.0962,1963,29.7548997,-95.3821568,10.666666666666666,"Morgans Point, TX",21.0,0.0,0.0,0.09625775465279167,0.8306451612903226,0.0,0.013840324452382247,0.2794549072281725
48201555304,Harris County,0.2805,9655,30.1260677,-95.5366034,10.666666666666666,"Morgans Point, TX",49.0,0.0,0.0,0.2806684010406244,0.6048387096774194,0.0,0.1320195140041703,0.27885408461583017
48201312501,Harris County,0.0779,2428,29.7431037,-95.3699612,10.666666666666666,"Morgans Point, TX",19.0,0.0,0.0,0.0779467680608365,0.8467741935483871,0.0,0.011645580072138456,0.2785808464899809
48201511003,Harris County,0.1114,2333,29.7954445,-95.4339739,10.666666666666666,"Morgans Point, TX",24.0,0.0,0.0,0.11146688012807685,0.8064516129032258,0.0,0.030492528080013497,0.2784248007173921
48201411003,Harris County,0.0728,1694,29.7346933,-95.4146908,10.666666666666666,"Morgans Point, TX",19.0,0.0,0.0,0.07284370622373425,0.8467741935483871,0.0,0.02447280748680844,0.2783326506803172
48201540901,Harris County,0.2354,2962,29.8894857,-95.6244446,10.666666666666666,"Morgans Point, TX",42.0,0.0,0.0,0.23554132479487694,0.6612903225806452,0.0,0.09261019737857269,0.27831051395051387
48201511302,Harris County,0.0968,4422,29.7973995,-95.3935238,10.666666666666666,"Morgans Point, TX",22.0,0.0,0.0,0.09685811486892136,0.8225806451612903,0.0,0.020425949106443082,0.27787422291970776
48201520100,Harris County,0.1133,2719,29.7922757,-95.4604356,10.666666666666666,"Morgans Point, TX",25.0,0.0,0.0,0.1133680208124875,0.7983870967741935,0.0,0.03735498655928771,0.27726203393193305
48201454504,Harris County,0.1394,5015,29.7582959,-95.693914,10.666666666666666,"Morgans Point, TX",31.0,0.0,0.0,0.1394836902141285,0.75,0.0,0.1025234122374923,0.27709744828798777
48201542305,Harris County,0.2307,4602,29.8249634,-95.7395737,10.666666666666666,"Morgans Point, TX",43.0,0.0,0.0,0.2308385031018611,0.6532258064516129,0.0,0.11734408053252533,0.2769537009192947
48201250802,Harris County,0.1079,4655,30.0225516,-95.1622602,10.666666666666666,"Morgans Point, TX",27.0,0.0,0.0,0.1079647788673204,0.782258064516129,0.0,0.0964710201721591,0.2767139550322507
48201250408,Harris County,0.0833,10049,29.9554647,-95.194833,10.666666666666666,"Morgans Point, TX",23.0,0.0,0.0,0.0833500100060036,0.814516129032258,0.0,0.072767737890308,0.2766366155005093
48201250801,Harris County,0.0748,3519,30.0140464,-95.1517558,10.666666666666666,"Morgans Point, TX",23.0,0.0,0.0,0.07484490694416651,0.814516129032258,0.0,0.09555507624630762,0.2763638184175581
48201553401,Harris County,0.1867,3971,30.0424343,-95.4426933,10.666666666666666,"Morgans Point, TX",37.0,0.0,0.0,0.18681208725235143,0.7016129032258065,0.0,0.0963059090990507,0.27615808805335246
48201510201,Harris County,0.0512,2331,29.7644379,-95.3879622,10.666666666666666,"Morgans Point, TX",17.0,0.0,0.0,0.051230738443065846,0.8629032258064516,0.0,0.015385880628339076,0.27577877733768913
48201552304,Harris County,0.2609,2029,29.9619098,-95.5989319,10.666666666666666,"Morgans Point, TX",47.0,0.0,0.0,0.26105663398038825,0.6209677419354839,0.0,0.09973290736881989,0.2745806035116436
48201542303,Harris County,0.2157,3236,29.8128248,-95.7272176,10.666666666666666,"Morgans Point, TX",42.0,0.0,0.0,0.21582949769861917,0.6612903225806452,0.0,0.11323309261784617,0.2744592553455639
48201510500,Harris County,0.0684,4389,29.7842247,-95.4037969,10.666666666666666,"Morgans Point, TX",20.0,0.0,0.0,0.06844106463878327,0.8387096774193549,0.0,0.02115639244908418,0.2742608618623498
48201510803,Harris County,0.0496,2230,29.7607793,-95.4191067,10.666666666666666,"Morgans Point, TX",18.0,0.0,0.0,0.049629777866720036,0.8548387096774194,0.0,0.024226478302561555,0.273763194093498
48201543202,Harris County,0.1277,3624,29.8098912,-95.605573,10.666666666666666,"Morgans Point, TX",30.0,0.0,0.0,0.12777666599959978,0.7580645161290323,0.0,0.07893226359794055,0.27364558099838365
48201421000,Harris County,0.0669,2761,29.713242,-95.4654299,10.666666666666666,"Morgans Point, TX",21.0,0.0,0.0,0.06694016409845908,0.8306451612903226,0.0,0.04049515665220491,0.273325113281855
48201411901,Harris County,0.0646,1978,29.7289065,-95.4018496,10.666666666666666,"Morgans Point, TX",20.0,0.0,0.0,0.06463878326996199,0.8387096774193549,0.0,0.021857541134570974,0.27319029232025216
48201251505,Harris County,0.117,3811,30.0563112,-95.1716075,10.666666666666666,"Morgans Point, TX",30.0,0.0,0.0,0.11707024214528719,0.7580645161290323,0.0,0.10515710056825488,0.27305613753912134
48201412600,Harris County,0.0504,3657,29.7149457,-95.4441139,10.666666666666666,"Morgans Point, TX",19.0,0.0,0.0,0.05043025815489294,0.8467741935483871,0.0,0.034696628155190624,0.27263099832650306
48201554809,Harris County,0.3287,10245,30.0537697,-95.5753629,10.666666666666666,"Morgans Point, TX",57.0,0.0,0.0,0.3288973384030418,0.5403225806451613,0.0,0.11739762863282743,0.2725057385777437
48201541206,Harris County,0.2275,4879,29.8864369,-95.676694,10.666666666666666,"Morgans Point, TX",44.0,0.0,0.0,0.22763658194916953,0.6451612903225806,0.0,0.10573535930390889,0.27241289761191595
48201411507,Harris County,0.1059,2068,29.7381671,-95.4385028,10.666666666666666,"Morgans Point, TX",26.0,0.0,0.0,0.10596357814688813,0.7903225806451613,0.0,0.03065767886938828,0.27195161552455366
48201411506,Harris County,0.1035,2837,29.7330676,-95.4394595,10.666666666666666,"Morgans Point, TX",26.0,0.0,0.0,0.10356213728236942,0.7903225806451613,0.0,0.031354142584545164,0.2713008296367137
48201551704,Harris County,0.1747,3746,29.9004533,-95.5761553,10.666666666666666,"Morgans Point, TX",37.0,0.0,0.0,0.17480488292975785,0.7016129032258065,0.0,0.08244423648820608,0.2711697594954899
48201421900,Harris County,0.072,2833,29.6713977,-95.4847512,10.666666666666666,"Morgans Point, TX",23.0,0.0,0.0,0.07204322593556134,0.814516129032258,0.0,0.051832502473362595,0.27115105673768203
48201455103,Harris County,0.1775,4064,29.7629255,-95.7590016,10.666666666666666,"Morgans Point, TX",39.0,0.0,0.0,0.17760656393836302,0.685483870967742,0.0,0.1210608802803151,0.271033218499863
48201510802,Harris County,0.0136,2408,29.7713829,-95.4386021,10.666666666666666,"Morgans Point, TX",15.0,0.0,0.0,0.013608164898939363,0.8790322580645161,0.0,0.029955924187713243,0.27078771930780793
48201410201,Harris County,0.0489,1928,29.7592653,-95.3906778,10.666666666666666,"Morgans Point, TX",19.0,0.0,0.0,0.04892935761456874,0.8467741935483871,0.0,0.016138552100426497,0.27032492055892937
48201410501,Harris County,0.0644,1696,29.7491032,-95.3923612,10.666666666666666,"Morgans Point, TX",21.0,0.0,0.0,0.06443866319791876,0.8306451612903226,0.0,0.01703856765000017,0.27022900411147244
48201420700,Harris County,0.046,2488,29.6722815,-95.4691967,10.666666666666666,"Morgans Point, TX",20.0,0.0,0.0,0.04602761656994197,0.8387096774193549,0.0,0.048026353595879034,0.2702238235563769
48201431702,Harris County,0.0972,2669,29.7567464,-95.4704788,10.666666666666666,"Morgans Point, TX",26.0,0.0,0.0,0.09725835501300781,0.7903225806451613,0.0,0.03888928736032886,0.27016320943348354
48201451302,Harris County,0.1072,3486,29.7481455,-95.5965344,10.666666666666666,"Morgans Point, TX",29.0,0.0,0.0,0.10726435861516911,0.7661290322580645,0.0,0.07489995610875957,0.269508012872846
48201511202,Harris County,0.0665,3399,29.8042125,-95.4172883,10.666666666666666,"Morgans Point, TX",22.0,0.0,0.0,0.06653992395437262,0.8225806451612903,0.0,0.027382343602385006,0.26947440509493736
48201454901,Harris County,0.1643,2607,29.7532214,-95.7296887,10.666666666666666,"Morgans Point, TX",38.0,0.0,0.0,0.1643986391835101,0.6935483870967742,0.0,0.11274423165149504,0.26865853104923476
48201543009,Harris County,0.2127,5104,29.8876004,-95.7004083,10.666666666666666,"Morgans Point, TX",44.0,0.0,0.0,0.2128276966179708,0.6451612903225806,0.0,0.11213958401339484,0.2686106544835049
48201250404,Harris County,0.041,4842,29.9895398,-95.1527245,10.666666666666666,"Morgans Point, TX",22.0,0.0,0.0,0.04102461476886132,0.8225806451612903,0.0,0.08862644440293432,0.2679442224193389
48201455200,Harris County,0.198,4268,29.7799704,-95.7650418,10.666666666666666,"Morgans Point, TX",43.0,0.0,0.0,0.19811887132279368,0.6532258064516129,0.0,0.12292211675291038,0.267695615007613
48201531000,Harris County,0.1221,4672,29.8251751,-95.4199886,10.666666666666666,"Morgans Point, TX",30.0,0.0,0.0,0.12217330398238944,0.7580645161290323,0.0,0.031888710270433905,0.26726021706046993
48201555403,Harris County,0.3909,5192,30.1119553,-95.6321573,10.666666666666666,"Morgans Point, TX",68.0,0.0,0.0,0.3911346808084851,0.4516129032258065,0.0,0.14234363511840237,0.26705863872212776
48201431002,Harris County,0.1432,3046,29.7528957,-95.5501778,10.666666666666666,"Morgans Point, TX",34.0,0.0,0.0,0.14328597158294978,0.7258064516129032,0.0,0.06162936307531122,0.266890663266287
48201450402,Harris County,0.104,2040,29.7820395,-95.6142151,10.666666666666666,"Morgans Point, TX",30.0,0.0,0.0,0.10406243746247748,0.7580645161290323,0.0,0.08008976232820614,0.2666470623102735
48201411001,Harris County,0.0329,2215,29.7402797,-95.4243669,10.666666666666666,"Morgans Point, TX",19.0,0.0,0.0,0.032919751851110665,0.8467741935483871,0.0,0.02658092069596733,0.266566275689446
48201431504,Harris County,0.075,2372,29.7538102,-95.4905097,10.666666666666666,"Morgans Point, TX",25.0,0.0,0.0,0.07504502701620973,0.7983870967741935,0.0,0.044634236436368796,0.26649306078075785
48201411301,Harris County,0.0946,2097,29.7530335,-95.4529919,10.666666666666666,"Morgans Point, TX",27.0,0.0,0.0,0.09465679407644588,0.782258064516129,0.0,0.03398300583658542,0.26647275816143096
48201554804,Harris County,0.2763,4391,30.0615711,-95.5594272,10.666666666666666,"Morgans Point, TX",53.0,0.0,0.0,0.2764658795277166,0.5725806451612903,0.0,0.11690196550942872,0.26640415395764494
48201541404,Harris County,0.1454,3033,29.8636612,-95.6577721,10.666666666666666,"Morgans Point, TX",36.0,0.0,0.0,0.14548729237542526,0.7096774193548387,0.0,0.09802282768661726,0.26635169628774097
48201541205,Harris County,0.1991,3506,29.894142,-95.6624018,10.666666666666666,"Morgans Point, TX",43.0,0.0,0.0,0.19921953171903142,0.6532258064516129,0.0,0.10301493090967216,0.2660350945421605
48201450200,Harris County,0.1347,5864,29.7792596,-95.5795765,10.666666666666666,"Morgans Point, TX",34.0,0.0,0.0,0.13478086852111265,0.7258064516129032,0.0,0.07018169271993814,0.2651943653121986
48201241301,Harris County,0.1936,4568,30.0845763,-95.4264834,10.666666666666666,"Morgans Point, TX",43.0,0.0,0.0,0.19371622973784272,0.6532258064516129,0.0,0.10818983192788102,0.2649015940496248
48201412400,Harris County,0.0081,4481,29.7161946,-95.4352661,10.666666666666666,"Morgans Point, TX",17.0,0.0,0.0,0.00810486291775065,0.8629032258064516,0.0,0.03224271290698506,0.2645266979079592
48201410802,Harris County,0.0599,1466,29.7406837,-95.4050252,10.666666666666666,"Morgans Point, TX",23.0,0.0,0.0,0.059935961576946174,0.814516129032258,0.0,0.021237645911069185,0.2644593917738682
48201555600,Harris County,0.323,6911,30.058696,-95.7296478,10.666666666666666,"Morgans Point, TX",61.0,0.0,0.0,0.32319391634980993,0.5080645161290323,0.0,0.14860886697077388,0.26423841644073004
48201553601,Harris County,0.1934,5080,30.028144,-95.497809,10.666666666666666,"Morgans Point, TX",43.0,0.0,0.0,0.1935161096657995,0.6532258064516129,0.0,0.0984243395748433,0.2638650087927081
48201411302,Harris County,0.053,2426,29.7439794,-95.4530532,10.666666666666666,"Morgans Point, TX",23.0,0.0,0.0,0.05303181909145487,0.814516129032258,0.0,0.03434938285459321,0.2636993227225732
48201541702,Harris County,0.1283,2556,29.7874536,-95.6688113,10.666666666666666,"Morgans Point, TX",35.0,0.0,0.0,0.12837702621572944,0.717741935483871,0.0,0.0957350531638791,0.26340919382626804
48201412300,Harris County,0.0286,6919,29.7157544,-95.4241774,10.666666666666666,"Morgans Point, TX",20.0,0.0,0.0,0.028617170302181312,0.8387096774193549,0.0,0.02950198854357666,0.26314825317081847
48201511502,Harris County,0.054,5541,29.8086883,-95.3903678,10.666666666666666,"Morgans Point, TX",23.0,0.0,0.0,0.054032419451671004,0.814516129032258,0.0,0.02195288200922376,0.26275985274610103
48201555305,Harris County,0.2734,12079,30.147498,-95.5291406,10.666666666666666,"Morgans Point, TX",55.0,0.0,0.0,0.27356413848308986,0.5564516129032258,0.0,0.13747483181905173,0.26275220859779985
48201554904,Harris County,0.1754,4008,30.070044,-95.5211691,10.666666666666666,"Morgans Point, TX",42.0,0.0,0.0,0.17550530318190916,0.6612903225806452,0.0,0.1136738799124964,0.26240607572001595
48201431001,Harris County,0.0867,2291,29.7422707,-95.5481493,10.666666666666666,"Morgans Point, TX",29.0,0.0,0.0,0.08675205123073845,0.7661290322580645,0.0,0.06130417981040757,0.2619947430276816
48201510602,Harris County,0.0258,4233,29.774322,-95.4175569,10.666666666666666,"Morgans Point, TX",20.0,0.0,0.0,0.025815489293576147,0.8387096774193549,0.0,0.024145830390045746,0.2617721330528838
48201410401,Harris County,0.0587,3600,29.7475136,-95.4063924,10.666666666666666,"Morgans Point, TX",24.0,0.0,0.0,0.05873524114468682,0.8064516129032258,0.0,0.021057989045329722,0.26166185511890677
48201312602,Harris County,0.0108,2353,29.725801,-95.3830479,10.666666666666666,"Morgans Point, TX",18.0,0.0,0.0,0.010806483890334201,0.8548387096774194,0.0,0.017836643080553702,0.26147722237838145
48201410202,Harris County,0.0189,3753,29.7550071,-95.3918669,10.666666666666666,"Morgans Point, TX",19.0,0.0,0.0,0.01891134680808485,0.8467741935483871,0.0,0.01658126654450791,0.2613637887613924
48201510801,Harris County,0.0567,4110,29.7666964,-95.4167219,10.666666666666666,"Morgans Point, TX",24.0,0.0,0.0,0.056734040424254555,0.8064516129032258,0.0,0.023610334882966655,0.2613167294865407
48201553404,Harris County,0.1596,3671,30.0460218,-95.462355,10.666666666666666,"Morgans Point, TX",40.0,0.0,0.0,0.1596958174904943,0.6774193548387097,0.0,0.09938832146261967,0.26107338384502315
48201410402,Harris County,0.0411,2931,29.7474979,-95.398717,10.666666666666666,"Morgans Point, TX",22.0,0.0,0.0,0.04112467480488293,0.8225806451612903,0.0,0.018920803046492445,0.2610036762945012
48201411505,Harris County,0.0445,3152,29.7355709,-95.4447356,10.666666666666666,"Morgans Point, TX",23.0,0.0,0.0,0.04452671602961777,0.814516129032258,0.0,0.032587034970478435,0.26097155701561053
48201431506,Harris County,0.0564,2738,29.7562729,-95.4799066,10.666666666666666,"Morgans Point, TX",25.0,0.0,0.0,0.056433860316189716,0.7983870967741935,0.0,0.04157930160012321,0.2606042172871273
48201554906,Harris County,0.1798,4242,30.0530825,-95.5008906,10.666666666666666,"Morgans Point, TX",43.0,0.0,0.0,0.17990794476686012,0.6532258064516129,0.0,0.10606449973993749,0.2605465753395356
48201413302,Harris County,0.0334,3717,29.685316,-95.4330005,10.666666666666666,"Morgans Point, TX",22.0,0.0,0.0,0.033420052031218735,0.8225806451612903,0.0,0.03725753405515324,0.26052596256326804
48201522500,Harris County,0.0673,5321,29.7899543,-95.501186,10.666666666666666,"Morgans Point, TX",27.0,0.0,0.0,0.06734040424254553,0.782258064516129,0.0,0.04850028870639478,0.2597295694982418
48201555301,Harris County,0.2145,4586,30.1234693,-95.5170643,10.666666666666666,"Morgans Point, TX",49.0,0.0,0.0,0.21462877726635982,0.6048387096774194,0.0,0.12887713223374692,0.25872795930650844
48201454700,Harris County,0.1291,6973,29.7652693,-95.7249311,10.666666666666666,"Morgans Point, TX",38.0,0.0,0.0,0.12917750650390233,0.6935483870967742,0.0,0.11135965945601904,0.25795373402580485
48201431503,Harris County,0.0376,2340,29.7528951,-95.4981534,10.666666666666666,"Morgans Point, TX",24.0,0.0,0.0,0.03762257354412648,0.8064516129032258,0.0,0.04682534862619761,0.25790479079682543
48201420900,Harris County,0.0375,6147,29.6973396,-95.469108,10.666666666666666,"Morgans Point, TX",24.0,0.0,0.0,0.037522513508104864,0.8064516129032258,0.0,0.043645279372384015,0.2575567658606376
48201555401,Harris County,0.2685,2619,30.1074172,-95.6076922,10.666666666666666,"Morgans Point, TX",57.0,0.0,0.0,0.26866119671803085,0.5403225806451613,0.0,0.1370586750061467,0.2564010007095723
48201420800,Harris County,0.0148,2515,29.684459,-95.4692251,10.666666666666666,"Morgans Point, TX",22.0,0.0,0.0,0.01480888533119872,0.8225806451612903,0.0,0.04578674382479919,0.2557955335302266
48201555505,Harris County,0.2163,10277,30.0146297,-95.6149184,10.666666666666666,"Morgans Point, TX",50.0,0.0,0.0,0.21642985791474886,0.5967741935483871,0.0,0.11487501407425871,0.25544871684636666
48201430300,Harris County,0.0429,4383,29.7726912,-95.4980795,10.666666666666666,"Morgans Point, TX",26.0,0.0,0.0,0.042925755453271965,0.7903225806451613,0.0,0.046869033617050485,0.254661404191235
48201451200,Harris County,0.0495,2511,29.7548337,-95.5970018,10.666666666666666,"Morgans Point, TX",28.0,0.0,0.0,0.04952971783069842,0.7741935483870968,0.0,0.07493875624102495,0.254610855489441
48201252003,Harris County,0.0609,10659,29.9630637,-95.1583943,10.666666666666666,"Morgans Point, TX",30.0,0.0,0.0,0.060936561937162306,0.7580645161290323,0.0,0.080584354866216,0.25375875890648
48201543010,Harris County,0.1529,4930,29.8879039,-95.7149188,10.666666666666666,"Morgans Point, TX",43.0,0.0,0.0,0.15299179507704624,0.6532258064516129,0.0,0.11603070739504978,0.25346835119810274
48201555503,Harris County,0.2293,13599,30.0371605,-95.6531192,10.666666666666666,"Morgans Point, TX",53.0,0.0,0.0,0.22943766259755854,0.5725806451612903,0.0,0.1277811243931954,0.2533836047669742
48201454503,Harris County,0.1148,2875,29.7716569,-95.7090582,10.666666666666666,"Morgans Point, TX",38.0,0.0,0.0,0.1148689213528117,0.6935483870967742,0.0,0.10688049958001622,0.25321324249287736
48201511501,Harris County,0.0357,3309,29.8083233,-95.4058178,10.666666666666666,"Morgans Point, TX",25.0,0.0,0.0,0.03572143285971583,0.7983870967741935,0.0,0.02533335718177458,0.25276589460835025
48201554103,Harris County,0.169,5329,30.0103359,-95.5551434,10.666666666666666,"Morgans Point, TX",45.0,0.0,0.0,0.16910146087652594,0.6370967741935484,0.0,0.10257163799267455,0.25211663432028975
48201510601,Harris County,0.0028,3439,29.7738473,-95.403195,10.666666666666666,"Morgans Point, TX",21.0,0.0,0.0,0.0028016810086051633,0.8306451612903226,0.0,0.020092831865985993,0.2520433358762769
48201510901,Harris County,0.0006,5608,29.780896,-95.4210644,10.666666666666666,"Morgans Point, TX",21.0,0.0,0.0,0.0006003602161296778,0.8306451612903226,0.0,0.02556270724990674,0.25192992717692636
48201554600,Harris County,0.1555,4639,30.003665,-95.618923,10.666666666666666,"Morgans Point, TX",44.0,0.0,0.0,0.15559335601360816,0.6451612903225806,0.0,0.11315247841378454,0.2515416417422351
48201251904,Harris County,0.0486,6969,29.9373826,-95.1037491,10.666666666666666,"Morgans Point, TX",30.0,0.0,0.0,0.048629177506503904,0.7580645161290323,0.0,0.08477545535729585,0.2504856536263904
48201554902,Harris County,0.2122,10906,30.0975632,-95.520548,10.666666666666666,"Morgans Point, TX",52.0,0.0,0.0,0.21232739643786272,0.5806451612903225,0.0,0.12161366934105201,0.25005313425256076
48201543005,Harris County,0.1823,8212,29.9346572,-95.773155,10.666666666666666,"Morgans Point, TX",49.0,0.0,0.0,0.18240944566740044,0.6048387096774194,0.0,0.13719962206263628,0.24989440880970956
48201241400,Harris County,0.1833,10239,30.0851921,-95.4057872,10.666666666666666,"Morgans Point, TX",48.0,0.0,0.0,0.18341004602761657,0.6129032258064516,0.0,0.10704610212419956,0.2495985917626404
48201510702,Harris County,0.0001,2039,29.7682184,-95.4037047,10.666666666666666,"Morgans Point, TX",22.0,0.0,0.0,0.00010006003602161298,0.8225806451612903,0.0,0.01996057126704638,0.2488002686858982
48201553803,Harris County,0.1644,4515,30.0369524,-95.5207019,10.666666666666666,"Morgans Point, TX",46.0,0.0,0.0,0.16449869921953172,0.6290322580645161,0.0,0.10417990783158666,0.24847727796837302
48201251501,Harris County,0.0135,5716,30.0980671,-95.1595942,10.666666666666666,"Morgans Point, TX",28.0,0.0,0.0,0.013508104862917751,0.7741935483870968,0.0,0.11905612148667041,0.24821610812367137
48201431701,Harris County,0.0231,1895,29.762256,-95.4622848,10.666666666666666,"Morgans Point, TX",26.0,0.0,0.0,0.023113868320992596,0.7903225806451613,0.0,0.03652861324658979,0.2476837960145051
48201554302,Harris County,0.1691,4286,29.974321,-95.6143116,10.666666666666666,"Morgans Point, TX",47.0,0.0,0.0,0.16920152091254753,0.6209677419354839,0.0,0.1057034663459215,0.24762112548900156
48201511201,Harris County,0.0022,2857,29.7960562,-95.4162184,10.666666666666666,"Morgans Point, TX",23.0,0.0,0.0,0.0022013207924754855,0.814516129032258,0.0,0.025897485970408567,0.2476049835444609
48201541100,Harris County,0.1461,7920,29.9007008,-95.6518575,10.666666666666666,"Morgans Point, TX",44.0,0.0,0.0,0.14618771262757657,0.6451612903225806,0.0,0.10123260511789145,0.2475279613968363
48201541203,Harris County,0.1041,2460,29.8888536,-95.6490812,10.666666666666666,"Morgans Point, TX",39.0,0.0,0.0,0.1041624974984991,0.685483870967742,0.0,0.09884640740827692,0.24677855128070003
48201251504,Harris County,0.0116,5100,30.0658735,-95.1752915,10.666666666666666,"Morgans Point, TX",28.0,0.0,0.0,0.011606964178507104,0.7741935483870968,0.0,0.10758974338143251,0.24649912810782437
48201450700,Harris County,0.0075,6347,29.7667791,-95.5828997,10.666666666666666,"Morgans Point, TX",26.0,0.0,0.0,0.007504502701620973,0.7903225806451613,0.0,0.07091096430093703,0.24643922143412836
48201412800,Harris County,0.0018,5147,29.6981361,-95.4532887,10.666666666666666,"Morgans Point, TX",24.0,0.0,0.0,0.0018010806483890335,0.8064516129032258,0.0,0.03957301823226066,0.2464331098887105
48201454502,Harris County,0.0236,2202,29.7447248,-95.7173589,10.666666666666666,"Morgans Point, TX",30.0,0.0,0.0,0.023614168501100662,0.7580645161290323,0.0,0.10933816955479518,0.24543742234451937
48201251503,Harris County,0.0284,2790,30.0726664,-95.1832132,10.666666666666666,"Morgans Point, TX",31.0,0.0,0.0,0.028417050230138085,0.75,0.0,0.10877011649061889,0.24440212671810327
48201554404,Harris County,0.1398,4658,29.977581,-95.640576,10.666666666666666,"Morgans Point, TX",45.0,0.0,0.0,0.13988393035821495,0.6370967741935484,0.0,0.1121383354390121,0.2443080449094302
48203020201,Harrison County,0.2792,3556,32.6685555,-94.6123171,10.666666666666666,"Morgans Point, TX",98.0,0.0,0.0,0.27936762057234343,0.20967741935483875,0.0,0.973578869381725,0.24407139891632712
48201430600,Harris County,0.0826,3834,29.7647541,-95.5317578,10.666666666666666,"Morgans Point, TX",36.0,0.0,0.0,0.08264958975385232,0.7096774193548387,0.0,0.05633048095790275,0.2433311508283976
48201411600,Harris County,0.016,2758,29.735475,-95.453745,10.666666666666666,"Morgans Point, TX",27.0,0.0,0.0,0.016009605763458074,0.782258064516129,0.0,0.035087416862323306,0.24298904277010844
48201551800,Harris County,0.0726,3769,29.8862932,-95.5645662,10.666666666666666,"Morgans Point, TX",36.0,0.0,0.0,0.07264358615169102,0.7096774193548387,0.0,0.07717920193449157,0.2424142218454081
48201454505,Harris County,0.0306,2733,29.7801047,-95.703999,10.666666666666666,"Morgans Point, TX",32.0,0.0,0.0,0.03061837102261357,0.7419354838709677,0.0,0.10556012839907235,0.24232216930798162
48201554301,Harris County,0.1338,7742,29.9890785,-95.5943404,10.666666666666666,"Morgans Point, TX",45.0,0.0,0.0,0.13388032819691817,0.6370967741935484,0.0,0.10480716558507672,0.24177384727564766
48201250902,Harris County,0.0034,5709,30.047138,-95.1440815,10.666666666666666,"Morgans Point, TX",29.0,0.0,0.0,0.0034020412247348407,0.7661290322580645,0.0,0.10603348345336935,0.24146267039017674
48201553901,Harris County,0.1802,6332,30.0319375,-95.5416941,10.666666666666666,"Morgans Point, TX",51.0,0.0,0.0,0.18030818491094658,0.5887096774193548,0.0,0.10602273248253793,0.2413076319473442
48201531700,Harris County,0.0524,3934,29.8357787,-95.435762,10.666666666666666,"Morgans Point, TX",33.0,0.0,0.0,0.0524314588753252,0.7338709677419355,0.0,0.03756894606216004,0.2396476225913942
48203020605,Harrison County,0.4597,6049,32.5429735,-94.5727345,10.666666666666666,"Morgans Point, TX",121.0,0.0,0.0,0.45997598559135483,0.024193548387096753,0.0,0.9357735088770867,0.23882821108124414
48201555002,Harris County,0.131,5351,30.062073,-95.4871411,10.666666666666666,"Morgans Point, TX",46.0,0.0,0.0,0.131078647188313,0.6290322580645161,0.0,0.10701781506974438,0.23873505308282314
48201551702,Harris County,0.0695,4360,29.9018874,-95.5603739,10.666666666666666,"Morgans Point, TX",38.0,0.0,0.0,0.06954172503502103,0.6935483870967742,0.0,0.07898101275702327,0.23682513491524088
48201554104,Harris County,0.1247,4189,30.0216841,-95.5602832,10.666666666666666,"Morgans Point, TX",46.0,0.0,0.0,0.12477486491895139,0.6290322580645161,0.0,0.10640603899176092,0.23678274079421632
48201554408,Harris County,0.1584,9967,30.003513,-95.6730825,10.666666666666666,"Morgans Point, TX",51.0,0.0,0.0,0.15849509705823497,0.5887096774193548,0.0,0.12467169023325922,0.23662860136660283
48201430400,Harris County,0.0209,3114,29.7565146,-95.5154397,10.666666666666666,"Morgans Point, TX",32.0,0.0,0.0,0.02091254752851711,0.7419354838709677,0.0,0.051694544891994605,0.2340238639090449
48201554406,Harris County,0.1426,4780,30.0135715,-95.714333,10.666666666666666,"Morgans Point, TX",51.0,0.0,0.0,0.1426856113668201,0.5887096774193548,0.0,0.13594635216574824,0.2330132218524273
48203020103,Harrison County,0.3646,4720,32.4156519,-94.2526547,10.666666666666666,"Morgans Point, TX",111.0,0.0,0.0,0.3648188913348009,0.10483870967741937,0.0,0.9206173902066723,0.23295901932433333
48201554808,Harris County,0.1739,3166,30.0372701,-95.5754111,10.666666666666666,"Morgans Point, TX",54.0,0.0,0.0,0.17400440264158495,0.564516129032258,0.0,0.11308194468878294,0.2328643539710312
48201543007,Harris County,0.1007,20431,29.947897,-95.7035418,10.666666666666666,"Morgans Point, TX",46.0,0.0,0.0,0.10076045627376426,0.6290322580645161,0.0,0.12150228670873266,0.23108804297235735
48201554405,Harris County,0.1083,8856,29.9862557,-95.7131058,10.666666666666666,"Morgans Point, TX",48.0,0.0,0.0,0.10836501901140684,0.6129032258064516,0.0,0.13046175338860996,0.22942664878421853
48201555703,Harris County,0.1814,6646,30.0004953,-95.7489515,10.666666666666666,"Morgans Point, TX",58.0,0.0,0.0,0.18150890534320593,0.532258064516129,0.0,0.14153548733596819,0.22828363969139728
48201542002,Harris County,0.0545,2241,29.8273234,-95.7109839,10.666666666666666,"Morgans Point, TX",41.0,0.0,0.0,0.05453271963177907,0.6693548387096775,0.0,0.10948547620915437,0.2281148151233524
48201555001,Harris County,0.0846,2288,30.067281,-95.460054,10.666666666666666,"Morgans Point, TX",45.0,0.0,0.0,0.08465079047428457,0.6370967741935484,0.0,0.1056522975086022,0.2270894991512101
48201540101,Harris County,0.0132,6140,29.8383069,-95.5863003,10.666666666666666,"Morgans Point, TX",35.0,0.0,0.0,0.013207924754852912,0.717741935483871,0.0,0.07607148932396698,0.22689210700401388
48201250407,Harris County,0.0016,9719,29.9707487,-95.1906465,10.666666666666666,"Morgans Point, TX",34.0,0.0,0.0,0.0016009605763458077,0.7258064516129032,0.0,0.07769791306157238,0.22599201496293195
48203020606,Harrison County,0.2703,5974,32.5571776,-94.6672546,10.666666666666666,"Morgans Point, TX",103.0,0.0,0.0,0.27046227736641987,0.16935483870967738,0.0,0.9346862295672818,0.22541375777955736
48201541008,Harris County,0.0605,2579,29.9245088,-95.6618455,10.666666666666666,"Morgans Point, TX",43.0,0.0,0.0,0.060536321793075845,0.6532258064516129,0.0,0.10740037601269616,0.22486867607467623
48201455102,Harris County,0.0444,2825,29.7662531,-95.7712394,10.666666666666666,"Morgans Point, TX",42.0,0.0,0.0,0.04442665599359616,0.6612903225806452,0.0,0.12455480027414506,0.22417057359968692
48201556100,Harris County,0.0666,3821,30.021634,-95.5443711,10.666666666666666,"Morgans Point, TX",44.0,0.0,0.0,0.06663998399039425,0.6451612903225806,0.0,0.10369037257773243,0.2239094195516657
48201554905,Harris County,0.118,7231,30.0607645,-95.5315089,10.666666666666666,"Morgans Point, TX",51.0,0.0,0.0,0.1180708425055033,0.5887096774193548,0.0,0.11246451322880043,0.22328060730033744
48201554407,Harris County,0.0874,5934,29.9887021,-95.6857695,10.666666666666666,"Morgans Point, TX",48.0,0.0,0.0,0.08745247148288975,0.6129032258064516,0.0,0.12456293727863618,0.22256300291466602
48201555504,Harris County,0.1249,7233,30.0274335,-95.6238958,10.666666666666666,"Morgans Point, TX",53.0,0.0,0.0,0.1249749849909946,0.5725806451612903,0.0,0.11966595883813402,0.22123328492949887
48201554702,Harris County,0.0776,4808,30.005473,-95.601681,10.666666666666666,"Morgans Point, TX",47.0,0.0,0.0,0.07764658795277167,0.6209677419354839,0.0,0.11009682105391413,0.22059398107186806
48201554409,Harris County,0.0985,7167,29.9713163,-95.6695965,10.666666666666666,"Morgans Point, TX",50.0,0.0,0.0,0.09855913548128878,0.5967741935483871,0.0,0.11749716624059617,0.22034971533296238
48201554002,Harris County,0.0633,4159,30.0017798,-95.5417573,10.666666666666666,"Morgans Point, TX",45.0,0.0,0.0,0.063338002801681,0.6370967741935484,0.0,0.09801830175216324,0.21993226327378515
48201541007,Harris County,0.089,6825,29.9381563,-95.6709551,10.666666666666666,"Morgans Point, TX",49.0,0.0,0.0,0.08905343205923553,0.6048387096774194,0.0,0.11188634769449282,0.21935627729044577
48201541207,Harris County,0.0117,4288,29.9020348,-95.6764308,10.666666666666666,"Morgans Point, TX",41.0,0.0,0.0,0.011707024214528718,0.6693548387096775,0.0,0.10772426112294796,0.21509098498955664
48201554502,Harris County,0.0613,5865,29.9897522,-95.6389888,10.666666666666666,"Morgans Point, TX",48.0,0.0,0.0,0.061336802081248754,0.6129032258064516,0.0,0.11432713927366059,0.21370472229367615
48201554410,Harris County,0.066,3597,29.9597961,-95.653965,10.666666666666666,"Morgans Point, TX",49.0,0.0,0.0,0.06603962377426456,0.6048387096774194,0.0,0.11168626477028214,0.2124321265125334
48201555701,Harris County,0.14,11826,30.009967,-95.740363,10.666666666666666,"Morgans Point, TX",60.0,0.0,0.0,0.14008405043025818,0.5161290322580645,0.0,0.14124899209229075,0.21098882401572586
48201543004,Harris County,0.0466,13165,29.956583,-95.7461191,10.666666666666666,"Morgans Point, TX",51.0,0.0,0.0,0.04662797678607165,0.5887096774193548,0.0,0.13347332321102665,0.20394862858273058
48201554803,Harris County,0.0448,7044,30.0786071,-95.5810113,10.666666666666666,"Morgans Point, TX",51.0,0.0,0.0,0.04482689613768261,0.5887096774193548,0.0,0.12497084919591829,0.20255805698670304
48201554806,Harris County,0.0406,1846,30.059152,-95.5981573,10.666666666666666,"Morgans Point, TX",54.0,0.0,0.0,0.04062437462477486,0.564516129032258,0.0,0.12271894407532971,0.19381404550464282
48201555303,Harris County,0.0999,14028,30.1348325,-95.5687953,10.666666666666666,"Morgans Point, TX",63.0,0.0,0.0,0.09995997598559136,0.49193548387096775,0.0,0.13882083457403452,0.1914507214143712
48201555704,Harris County,0.0272,8099,30.0131548,-95.7659789,10.666666666666666,"Morgans Point, TX",58.0,0.0,0.0,0.027216329797878726,0.532258064516129,0.0,0.14786170438515944,0.18262848873271825
48201554501,Harris County,0.0514,6010,30.0099953,-95.6608637,10.666666666666666,"Morgans Point, TX",60.0,0.0,0.0,0.05143085851510907,0.5161290322580645,0.0,0.12336952680942839,0.1826049199128949
48203020603,Harrison County,0.2253,7299,32.4850783,-94.5884512,10.666666666666666,"Morgans Point, TX",119.0,0.0,0.0,0.22543526115669402,0.040322580645161255,0.0,0.9162822876943786,0.17135558130999445
