tract_id,COUNTY,svi,population,lat,lon,flood_days,nearest_station,elevation_m,infra_count,storm_count,river_dist_mi,low_lying_norm,flood_days_norm,stormwater_norm,riverine_norm,compound_flood_norm,svi_norm,infrastructure_norm,coverage_norm,score
48167722600,Galveston County,0.931,2702,29.3892824,-94.9619207,34.0,"Eagle Point, TX",4.0,0.0,0.0,,0.9506172839506173,1.0,0.0,0.0,0.9753086419753088,0.9315589353612168,0.0,0.664523444075274,0.7848089139047814
48167721902,Galveston County,0.9184,6306,29.4376953,-94.9821525,34.0,"Eagle Point, TX",3.0,0.0,0.0,,0.962962962962963,1.0,0.0,0.0,0.9814814814814815,0.9189513708224936,0.0,0.5977835633780416,0.777130434251219
48167722800,Galveston County,0.9469,3035,29.3657666,-94.9646367,34.0,"Eagle Point, TX",11.0,0.0,0.0,,0.8641975308641976,1.0,0.0,0.0,0.9320987654320989,0.9474684810886532,0.0,0.6868821379822968,0.7723732025692701
48167723700,Galveston County,0.8599,2727,29.3437883,-94.9829223,34.0,"Eagle Point, TX",3.0,0.0,0.0,,0.962962962962963,1.0,0.0,0.0,0.9814814814814815,0.86041624974985,0.0,0.696072736565337,0.7693988152481555
48167722200,Galveston County,0.8798,2842,29.390097,-94.9014714,34.0,"Eagle Point, TX",6.0,0.0,0.0,,0.9259259259259259,1.0,0.0,0.0,0.962962962962963,0.880328196918151,0.0,0.7182913515171564,0.7692609275604942
48167722300,Galveston County,0.8436,7283,29.390119,-94.9240602,34.0,"Eagle Point, TX",11.0,0.0,0.0,,0.8641975308641976,1.0,0.0,0.0,0.9320987654320989,0.844106463878327,0.0,0.6974182790128853,0.7424182115092312
48167721701,Galveston County,0.8861,2998,29.5086936,-94.9851915,34.0,"Eagle Point, TX",12.0,0.0,0.0,,0.8518518518518519,1.0,0.0,0.0,0.9259259259259259,0.8866319791875126,0.0,0.5301851569536791,0.7356747761182884
48167721702,Galveston County,0.8776,2814,29.5056966,-94.9942414,34.0,"Eagle Point, TX",13.0,0.0,0.0,,0.8395061728395061,1.0,0.0,0.0,0.9197530864197531,0.8781268761256755,0.0,0.5235789645598266,0.7296848481825742
48167721102,Galveston County,0.7791,6299,29.4731586,-95.0380543,34.0,"Eagle Point, TX",8.0,0.0,0.0,,0.9012345679012346,1.0,0.0,0.0,0.9506172839506173,0.7795677406443867,0.0,0.5121445221298896,0.7128625521840828
48167723000,Galveston County,0.7439,4137,29.3738302,-94.9866832,34.0,"Eagle Point, TX",10.0,0.0,0.0,,0.8765432098765432,1.0,0.0,0.0,0.9382716049382717,0.7443466079647789,0.0,0.6599773289965125,0.7115239375113072
48167722900,Galveston County,0.7589,2637,29.3632862,-94.9801192,34.0,"Eagle Point, TX",15.0,0.0,0.0,,0.8148148148148149,1.0,0.0,0.0,0.9074074074074074,0.7593556133680208,0.0,0.676794690527233,0.7038194863964629
48167723100,Galveston County,0.6883,3821,29.3910239,-95.0164301,34.0,"Eagle Point, TX",7.0,0.0,0.0,,0.9135802469135803,1.0,0.0,0.0,0.9567901234567902,0.6887132279367622,0.0,0.6171095489145393,0.6988804788280382
48201341201,Harris County,0.7499,4840,29.5257658,-95.1129325,34.0,"Eagle Point, TX",6.0,0.0,0.0,,0.9259259259259259,1.0,0.0,0.0,0.962962962962963,0.7503502101260757,0.0,0.3926644637488678,0.6977048427460428
48167722002,Galveston County,0.5616,3433,29.4013196,-94.9310115,34.0,"Eagle Point, TX",1.0,0.0,0.0,,0.9876543209876543,1.0,0.0,0.0,0.9938271604938271,0.5619371622973784,0.0,0.6801162084528677,0.6838149917567226
48167720900,Galveston County,0.7561,4775,29.4517166,-95.0562379,34.0,"Eagle Point, TX",19.0,0.0,0.0,,0.7654320987654322,1.0,0.0,0.0,0.8827160493827161,0.7565539323594157,0.0,0.5186710148608357,0.6760555034161305
48167722700,Galveston County,0.6186,5334,29.3867309,-94.9893812,34.0,"Eagle Point, TX",10.0,0.0,0.0,,0.8765432098765432,1.0,0.0,0.0,0.9382716049382717,0.6189713828296979,0.0,0.643845388025262,0.6722981758736579
48167721600,Galveston County,0.6574,1962,29.5313914,-95.0098498,34.0,"Eagle Point, TX",10.0,0.0,0.0,,0.8765432098765432,1.0,0.0,0.0,0.9382716049382717,0.6577946768060836,0.0,0.486293522968436,0.6681899775608909
48167721800,Galveston County,0.5571,5100,29.482223,-94.9438244,34.0,"Eagle Point, TX",4.0,0.0,0.0,,0.9506172839506173,1.0,0.0,0.0,0.9753086419753088,0.5574344606764059,0.0,0.5942851783873203,0.6655477449305428
48167723200,Galveston County,0.6086,5923,29.3727169,-95.0232028,34.0,"Eagle Point, TX",11.0,0.0,0.0,,0.8641975308641976,1.0,0.0,0.0,0.9320987654320989,0.6089653792275366,0.0,0.6322908369481639,0.6653631419075219
48167721301,Galveston County,0.6189,3651,29.5169711,-95.0837208,34.0,"Eagle Point, TX",7.0,0.0,0.0,,0.9135802469135803,1.0,0.0,0.0,0.9567901234567902,0.6192715629377626,0.0,0.4274824922473163,0.6590852736616161
48167724600,Galveston County,0.9685,1724,29.2976535,-94.8080731,18.0,"Galveston Pier 21, TX",9.0,0.0,0.0,,0.8888888888888888,0.3142857142857143,0.0,0.0,0.6015873015873016,0.9690814488693217,0.0,0.8939467525420375,0.6508333956292859
48167721000,Galveston County,0.4851,2074,29.464296,-94.9919613,34.0,"Eagle Point, TX",3.0,0.0,0.0,,0.962962962962963,1.0,0.0,0.0,0.9814814814814815,0.4853912347408445,0.0,0.5630949451928818,0.6435935316082082
48167720800,Galveston County,0.6174,3649,29.4668759,-95.0718982,34.0,"Eagle Point, TX",16.0,0.0,0.0,,0.8024691358024691,1.0,0.0,0.0,0.9012345679012346,0.6177706623974384,0.0,0.48942291869477783,0.6398290461442648
48167725100,Galveston County,0.9022,1887,29.2907716,-94.8095777,18.0,"Galveston Pier 21, TX",6.0,0.0,0.0,,0.9259259259259259,0.3142857142857143,0.0,0.0,0.62010582010582,0.9027416449869923,0.0,0.8993490032174551,0.6398050128654622
48167721302,Galveston County,0.4814,1637,29.5313975,-95.0864098,34.0,"Eagle Point, TX",0.0,0.0,0.0,,1.0,1.0,0.0,0.0,1.0,0.4816890134080448,0.0,0.4109897584079443,0.6356056798632079
48167721703,Galveston County,0.465,3788,29.4942773,-94.9706455,34.0,"Eagle Point, TX",4.0,0.0,0.0,,0.9506172839506173,1.0,0.0,0.0,0.9753086419753088,0.46527916750050036,0.0,0.5570147599077158,0.6341741151298106
48167721901,Galveston County,0.5003,4606,29.4352815,-95.0430108,34.0,"Eagle Point, TX",8.0,0.0,0.0,,0.9012345679012346,1.0,0.0,0.0,0.9506172839506173,0.5006003602161296,0.0,0.5472758221652126,0.632685468059138
48167723401,Galveston County,0.5312,1966,29.4159751,-95.1700594,34.0,"Eagle Point, TX",10.0,0.0,0.0,,0.8765432098765432,1.0,0.0,0.0,0.9382716049382717,0.5315189113468081,0.0,0.48255213889166565,0.6299331095154312
48167725200,Galveston County,0.8895,1730,29.288466,-94.825915,18.0,"Galveston Pier 21, TX",8.0,0.0,0.0,,0.9012345679012346,0.3142857142857143,0.0,0.0,0.6077601410934744,0.8900340204122473,0.0,0.8869715667761743,0.6291994262933552
48167721103,Galveston County,0.4627,3665,29.4793964,-95.0137979,34.0,"Eagle Point, TX",5.0,0.0,0.0,,0.9382716049382716,1.0,0.0,0.0,0.9691358024691358,0.46297778667200323,0.0,0.5283089749101975,0.6278353446037318
48167721101,Galveston County,0.4499,3271,29.4806668,-95.0555602,34.0,"Eagle Point, TX",6.0,0.0,0.0,,0.9259259259259259,1.0,0.0,0.0,0.962962962962963,0.4501701020612368,0.0,0.48902226232659923,0.6172865901843643
48167724700,Galveston County,0.8146,1791,29.2946041,-94.7998089,18.0,"Galveston Pier 21, TX",6.0,0.0,0.0,,0.9259259259259259,0.3142857142857143,0.0,0.0,0.62010582010582,0.8150890534320593,0.0,0.9044962106382769,0.6140239561410645
48167724400,Galveston County,0.8372,3704,29.299008,-94.7843945,18.0,"Galveston Pier 21, TX",9.0,0.0,0.0,,0.8888888888888888,0.3142857142857143,0.0,0.0,0.6015873015873016,0.8377026215729438,0.0,0.9145188952844167,0.6134769617146104
48167723503,Galveston County,0.4533,3002,29.3825245,-95.1538766,34.0,"Eagle Point, TX",10.0,0.0,0.0,,0.8765432098765432,1.0,0.0,0.0,0.9382716049382717,0.45357214328597156,0.0,0.5345812614777163,0.6117519913557854
48167722001,Galveston County,0.3246,6539,29.4183141,-94.9251851,34.0,"Eagle Point, TX",2.0,0.0,0.0,,0.9753086419753086,1.0,0.0,0.0,0.9876543209876543,0.3247948769261557,0.0,0.6693309490985975,0.608816002432151
48167720510,Galveston County,0.4804,4463,29.4879695,-95.1224093,34.0,"Eagle Point, TX",12.0,0.0,0.0,,0.8518518518518519,1.0,0.0,0.0,0.9259259259259259,0.4806884130478287,0.0,0.425697514521832,0.6034429420331985
48167724101,Galveston County,0.7085,1064,29.3220243,-94.743232,18.0,"Galveston Pier 21, TX",0.0,0.0,0.0,,1.0,0.3142857142857143,0.0,0.0,0.657142857142857,0.7089253552131279,0.0,0.9328038411465457,0.6016722763928786
48167723600,Galveston County,0.3089,4227,29.3036252,-95.0323847,34.0,"Eagle Point, TX",5.0,0.0,0.0,,0.9382716049382716,1.0,0.0,0.0,0.9691358024691358,0.3090854512707625,0.0,0.7070403580266578,0.5995407822950056
48167723300,Galveston County,0.3777,9365,29.4077754,-95.0618951,34.0,"Eagle Point, TX",8.0,0.0,0.0,,0.9012345679012346,1.0,0.0,0.0,0.9506172839506173,0.3779267560536322,0.0,0.5629700302555313,0.5974528076194205
48167722100,Galveston County,0.3259,7496,29.4024261,-94.9088859,34.0,"Eagle Point, TX",10.0,0.0,0.0,,0.8765432098765432,1.0,0.0,0.0,0.9382716049382717,0.3260956573944367,0.0,0.6996491557695124,0.5900158350175045
48201350803,Harris County,0.4652,2998,29.5298847,-95.1496154,34.0,"Eagle Point, TX",13.0,0.0,0.0,,0.8395061728395061,1.0,0.0,0.0,0.9197530864197531,0.46547928757254353,0.0,0.3575909583400356,0.5892917709946556
48167724000,Galveston County,0.7237,3513,29.3510179,-94.823586,18.0,"Galveston Pier 21, TX",3.0,0.0,0.0,,0.962962962962963,0.3142857142857143,0.0,0.0,0.6386243386243386,0.7241344806884131,0.0,0.8286035106132879,0.5874816476488052
48167725800,Galveston County,0.7281,5107,29.2834323,-94.8633315,18.0,"Galveston Pier 21, TX",6.0,0.0,0.0,,0.9259259259259259,0.3142857142857143,0.0,0.0,0.62010582010582,0.728537122273364,0.0,0.8595447358701727,0.5835632293166455
48167725000,Galveston County,0.7247,1787,29.2831185,-94.808191,18.0,"Galveston Pier 21, TX",9.0,0.0,0.0,,0.8888888888888888,0.3142857142857143,0.0,0.0,0.6015873015873016,0.7251350810486292,0.0,0.9081984531660167,0.5790746553454761
48167720703,Galveston County,0.3029,5133,29.4802543,-95.0891522,34.0,"Eagle Point, TX",6.0,0.0,0.0,,0.9259259259259259,1.0,0.0,0.0,0.962962962962963,0.3030818491094657,0.0,0.4607720279991927,0.5703350908660922
48167723505,Galveston County,0.2602,2198,29.3291253,-95.109837,34.0,"Eagle Point, TX",8.0,0.0,0.0,,0.9012345679012346,1.0,0.0,0.0,0.9506172839506173,0.2603562137282369,0.0,0.6275310969216064,0.5686377515884096
48201341203,Harris County,0.3019,2653,29.541553,-95.0979108,34.0,"Eagle Point, TX",4.0,0.0,0.0,,0.9506172839506173,1.0,0.0,0.0,0.9753086419753088,0.3020812487492496,0.0,0.39058143023719527,0.5685714065373834
48167724900,Galveston County,0.6637,1614,29.28692,-94.8013962,18.0,"Galveston Pier 21, TX",9.0,0.0,0.0,,0.8888888888888888,0.3142857142857143,0.0,0.0,0.6015873015873016,0.6640984590754453,0.0,0.9105778880599402,0.5610016122429133
48167726200,Galveston County,0.6835,2748,29.3590201,-94.9128392,18.0,"Galveston Pier 21, TX",6.0,0.0,0.0,,0.9259259259259259,0.3142857142857143,0.0,0.0,0.62010582010582,0.6839103462077246,0.0,0.7385120068893304,0.5580719235988695
48167721502,Galveston County,0.2449,2207,29.5522192,-95.053794,34.0,"Eagle Point, TX",3.0,0.0,0.0,,0.962962962962963,1.0,0.0,0.0,0.9814814814814815,0.24504702821693017,0.0,0.42422062179866354,0.5576028373116121
48167721207,Galveston County,0.2319,3842,29.5195603,-95.0333103,34.0,"Eagle Point, TX",4.0,0.0,0.0,,0.9506172839506173,1.0,0.0,0.0,0.9753086419753088,0.2320392235341205,0.0,0.4727355901393803,0.5557742149630631
48167725600,Galveston County,0.6439,4527,29.2676962,-94.8320423,18.0,"Galveston Pier 21, TX",9.0,0.0,0.0,,0.8888888888888888,0.3142857142857143,0.0,0.0,0.6015873015873016,0.644286571943166,0.0,0.9028271107841921,0.5542829683756547
48167720302,Galveston County,0.3331,6992,29.4969855,-95.2103452,34.0,"Eagle Point, TX",12.0,0.0,0.0,,0.8518518518518519,1.0,0.0,0.0,0.9259259259259259,0.3332999799879928,0.0,0.3560119961604475,0.5522578602791093
48167720702,Galveston County,0.2627,3956,29.499182,-95.1042995,34.0,"Eagle Point, TX",9.0,0.0,0.0,,0.8888888888888888,1.0,0.0,0.0,0.9444444444444444,0.2628577146287773,0.0,0.42790678975763347,0.5466479933643965
48167721402,Galveston County,0.166,766,29.5358927,-95.0268196,34.0,"Eagle Point, TX",4.0,0.0,0.0,,0.9506172839506173,1.0,0.0,0.0,0.9753086419753088,0.16609965979587754,0.0,0.46522788142345634,0.5352415749699978
48167720701,Galveston County,0.2356,2527,29.4989975,-95.0876236,34.0,"Eagle Point, TX",11.0,0.0,0.0,,0.8641975308641976,1.0,0.0,0.0,0.9320987654320989,0.23574144486692017,0.0,0.4422356736283406,0.5343904452673547
48167723402,Galveston County,0.1615,1596,29.4144608,-95.1215912,34.0,"Eagle Point, TX",6.0,0.0,0.0,,0.9259259259259259,1.0,0.0,0.0,0.962962962962963,0.16159695817490496,0.0,0.5131606795563952,0.5331284887414444
48167720509,Galveston County,0.2397,2083,29.4961205,-95.1182804,34.0,"Eagle Point, TX",12.0,0.0,0.0,,0.8518518518518519,1.0,0.0,0.0,0.9259259259259259,0.23984390634380628,0.0,0.4198422193326115,0.5306040605030697
48167720603,Galveston County,0.1606,4685,29.4448171,-95.1024222,34.0,"Eagle Point, TX",6.0,0.0,0.0,,0.9259259259259259,1.0,0.0,0.0,0.962962962962963,0.16069641785071043,0.0,0.4901302471068655,0.5305552833992331
48167725400,Galveston County,0.5575,3947,29.2819218,-94.8208616,18.0,"Galveston Pier 21, TX",9.0,0.0,0.0,,0.8888888888888888,0.3142857142857143,0.0,0.0,0.6015873015873016,0.5578347008204924,0.0,0.8980684766929108,0.5278715436297245
48167723504,Galveston County,0.1714,2302,29.372477,-95.1143421,34.0,"Eagle Point, TX",12.0,0.0,0.0,,0.8518518518518519,1.0,0.0,0.0,0.9259259259259259,0.17150290174104463,0.0,0.56985520618987,0.5251030578079671
48167720511,Galveston County,0.194,2941,29.476734,-95.1120345,34.0,"Eagle Point, TX",10.0,0.0,0.0,,0.8765432098765432,1.0,0.0,0.0,0.9382716049382717,0.19411646988192918,0.0,0.4463749931061061,0.5250946624974117
48201253700,Harris County,0.9327,6173,29.7654725,-94.973955,10.666666666666666,"Morgans Point, TX",9.0,0.0,0.0,,0.8888888888888888,0.0,0.0,0.0,0.4444444444444444,0.9332599559735841,0.0,0.4462177555141533,0.5245997623434906
48167720508,Galveston County,0.2105,2661,29.4910561,-95.1307551,34.0,"Eagle Point, TX",12.0,0.0,0.0,,0.8518518518518519,1.0,0.0,0.0,0.9259259259259259,0.2106263758254953,0.0,0.4158088669298483,0.5214354661073001
48167723403,Galveston County,0.129,3569,29.3907653,-95.1081966,34.0,"Eagle Point, TX",9.0,0.0,0.0,,0.8888888888888888,1.0,0.0,0.0,0.9444444444444444,0.12907744646788075,0.0,0.5509185184425988,0.5188150857846241
48167724200,Galveston County,0.5113,3323,29.3200552,-94.7716394,18.0,"Galveston Pier 21, TX",8.0,0.0,0.0,,0.9012345679012346,0.3142857142857143,0.0,0.0,0.6077601410934744,0.5116069641785072,0.0,0.906931121335632,0.5176672648791789
48167720200,Galveston County,0.2264,5156,29.5137895,-95.1797655,34.0,"Eagle Point, TX",13.0,0.0,0.0,,0.8395061728395061,1.0,0.0,0.0,0.9197530864197531,0.22653592155293176,0.0,0.3538237112771275,0.5172320364824811
48167723501,Galveston County,0.1089,1885,29.3592585,-95.0687489,34.0,"Eagle Point, TX",10.0,0.0,0.0,,0.8765432098765432,1.0,0.0,0.0,0.9382716049382717,0.10896537922753652,0.0,0.6152878349446675,0.51644061948495
48201254100,Harris County,0.9422,5669,29.7463599,-94.9558793,10.666666666666666,"Morgans Point, TX",14.0,0.0,0.0,,0.8271604938271605,0.0,0.0,0.0,0.41358024691358025,0.9427656593956375,0.0,0.4663567208186385,0.5155764810116662
48201253502,Harris County,0.912,4317,29.7785633,-95.012249,10.666666666666666,"Morgans Point, TX",9.0,0.0,0.0,,0.8888888888888888,0.0,0.0,0.0,0.4444444444444444,0.9125475285171103,0.0,0.4017196152925934,0.5139362200843924
48167720602,Galveston County,0.1294,3208,29.4559377,-95.0913162,34.0,"Eagle Point, TX",9.0,0.0,0.0,,0.8888888888888888,1.0,0.0,0.0,0.9444444444444444,0.12947768661196718,0.0,0.48582422407158443,0.5124257283907486
48167721205,Galveston County,0.1122,5905,29.5209786,-95.0547974,34.0,"Eagle Point, TX",6.0,0.0,0.0,,0.9259259259259259,1.0,0.0,0.0,0.962962962962963,0.11226736041624975,0.0,0.4506134680720993,0.5120748882654182
48201254800,Harris County,0.922,2738,29.7455562,-95.008638,10.666666666666666,"Morgans Point, TX",11.0,0.0,0.0,,0.8641975308641976,0.0,0.0,0.0,0.4320987654320988,0.9225535321192716,0.0,0.40068536108524666,0.5112790401887506
48167721208,Galveston County,0.0996,1165,29.5286473,-95.0200429,34.0,"Eagle Point, TX",7.0,0.0,0.0,,0.9135802469135803,1.0,0.0,0.0,0.9567901234567902,0.09965979587752652,0.0,0.4781497882825525,0.5082684731470688
48201323500,Harris County,0.9966,5524,29.663573,-95.2013272,10.666666666666666,"Morgans Point, TX",13.0,0.0,0.0,,0.8395061728395061,0.0,0.0,0.0,0.41975308641975306,0.9971983189913949,0.0,0.18323442318510588,0.506371826904818
48201254300,Harris County,0.9007,5704,29.7418815,-94.974773,10.666666666666666,"Morgans Point, TX",12.0,0.0,0.0,,0.8518518518518519,0.0,0.0,0.0,0.425925925925926,0.901240744446668,0.0,0.4425471808592562,0.5062936080865927
48201254700,Harris County,0.8918,2257,29.7034554,-94.9581652,10.666666666666666,"Morgans Point, TX",12.0,0.0,0.0,,0.8518518518518519,0.0,0.0,0.0,0.425925925925926,0.8923354012407445,0.0,0.46421590816521197,0.5057888778554113
48201323601,Harris County,0.9864,3578,29.6521843,-95.1931237,10.666666666666666,"Morgans Point, TX",13.0,0.0,0.0,,0.8395061728395061,0.0,0.0,0.0,0.41975308641975306,0.9869921953171904,0.0,0.20018237941581418,0.5050047854256274
48167721503,Galveston County,0.1117,1457,29.5458732,-95.0309379,34.0,"Eagle Point, TX",9.0,0.0,0.0,,0.8888888888888888,1.0,0.0,0.0,0.9444444444444444,0.11176706023614168,0.0,0.4528423770147582,0.5038143557723183
48201323900,Harris County,0.9944,3141,29.6744801,-95.1649829,10.666666666666666,"Morgans Point, TX",15.0,0.0,0.0,,0.8148148148148149,0.0,0.0,0.0,0.40740740740740744,0.9949969981989194,0.0,0.2184492997767106,0.5036773627706802
48201253800,Harris County,0.8937,8722,29.766428,-94.9479552,10.666666666666666,"Morgans Point, TX",14.0,0.0,0.0,,0.8271604938271605,0.0,0.0,0.0,0.41358024691358025,0.8942365419251552,0.0,0.4785419828198938,0.502236271970647
48201323300,Harris County,0.9681,3070,29.6871648,-95.2011254,10.666666666666666,"Morgans Point, TX",11.0,0.0,0.0,,0.8641975308641976,0.0,0.0,0.0,0.4320987654320988,0.9686812087252351,0.0,0.16992932886313794,0.5020417399483288
48201233103,Harris County,0.9539,5139,29.7764643,-95.1762714,10.666666666666666,"Morgans Point, TX",11.0,0.0,0.0,,0.8641975308641976,0.0,0.0,0.0,0.4320987654320988,0.9544726836101661,0.0,0.20254408840476362,0.5010406583679707
48167720605,Galveston County,0.0963,1393,29.4500898,-95.1624231,34.0,"Eagle Point, TX",8.0,0.0,0.0,,0.9012345679012346,1.0,0.0,0.0,0.9506172839506173,0.09635781468881328,0.0,0.44334990922359385,0.5010201131067812
48167721204,Galveston County,0.1233,2908,29.5130603,-95.0697018,34.0,"Eagle Point, TX",11.0,0.0,0.0,,0.8641975308641976,1.0,0.0,0.0,0.9320987654320989,0.1233740244146488,0.0,0.44410562227326233,0.5008672139961654
48201252601,Harris County,0.9351,3547,29.7911155,-95.1159594,10.666666666666666,"Morgans Point, TX",12.0,0.0,0.0,,0.8518518518518519,0.0,0.0,0.0,0.425925925925926,0.9356613968381029,0.0,0.28043647073533534,0.5004087327916311
48167721501,Galveston County,0.0827,3474,29.543689,-95.0692948,34.0,"Eagle Point, TX",6.0,0.0,0.0,,0.9259259259259259,1.0,0.0,0.0,0.962962962962963,0.08274964978987392,0.0,0.4160351014447191,0.49976173841476745
48201233101,Harris County,0.9858,4620,29.7875298,-95.1793273,10.666666666666666,"Morgans Point, TX",15.0,0.0,0.0,,0.8148148148148149,0.0,0.0,0.0,0.40740740740740744,0.9863918351010607,0.0,0.2046416648048595,0.4997150503441375
48201320800,Harris County,0.9839,4804,29.6598065,-95.2410022,10.666666666666666,"Morgans Point, TX",13.0,0.0,0.0,,0.8395061728395061,0.0,0.0,0.0,0.41975308641975306,0.98449069441665,0.0,0.14472751838290468,0.49870884905217433
48201323000,Harris County,0.982,7169,29.6948991,-95.1919944,10.666666666666666,"Morgans Point, TX",14.0,0.0,0.0,,0.8271604938271605,0.0,0.0,0.0,0.41358024691358025,0.9825895537322393,0.0,0.17765625942485147,0.49865360317326807
48167721401,Galveston County,0.0723,2216,29.5298056,-95.062953,34.0,"Eagle Point, TX",6.0,0.0,0.0,,0.9259259259259259,1.0,0.0,0.0,0.962962962962963,0.07234340604362618,0.0,0.4346909183453909,0.49850544698096033
48201322100,Harris County,0.9854,4158,29.6862136,-95.2110294,10.666666666666666,"Morgans Point, TX",14.0,0.0,0.0,,0.8271604938271605,0.0,0.0,0.0,0.41358024691358025,0.9859915949569743,0.0,0.1587640366480379,0.4977849932630072
48201322200,Harris County,0.9606,1582,29.7048504,-95.2137873,10.666666666666666,"Morgans Point, TX",11.0,0.0,0.0,,0.8641975308641976,0.0,0.0,0.0,0.4320987654320988,0.9611767060236143,0.0,0.14794246658472754,0.4975917029100015
48201232304,Harris County,0.9799,7258,29.858073,-95.2225389,10.666666666666666,"Morgans Point, TX",16.0,0.0,0.0,,0.8024691358024691,0.0,0.0,0.0,0.4012345679012346,0.9804882929757855,0.0,0.22400608393454294,0.49710265184174557
48201323802,Harris County,0.9656,4969,29.673244,-95.1791015,10.666666666666666,"Morgans Point, TX",14.0,0.0,0.0,,0.8271604938271605,0.0,0.0,0.0,0.41358024691358025,0.9661797078246949,0.0,0.20258140964524263,0.4962231644230438
48201233400,Harris County,0.9744,2662,29.7708371,-95.2453025,10.666666666666666,"Morgans Point, TX",12.0,0.0,0.0,,0.8518518518518519,0.0,0.0,0.0,0.425925925925926,0.9749849909945969,0.0,0.1200574616517929,0.49616791013022504
48167725300,Galveston County,0.4452,2038,29.2861118,-94.8267611,18.0,"Galveston Pier 21, TX",8.0,0.0,0.0,,0.9012345679012346,0.3142857142857143,0.0,0.0,0.6077601410934744,0.4454672803682209,0.0,0.8885956036471533,0.49599180796724507
48201321500,Harris County,0.9753,2601,29.665047,-95.2118806,10.666666666666666,"Morgans Point, TX",14.0,0.0,0.0,,0.8271604938271605,0.0,0.0,0.0,0.41358024691358025,0.9758855313187913,0.0,0.1706936904688821,0.4959461395536367
48201231100,Harris County,0.9937,5256,29.8277499,-95.2500065,10.666666666666666,"Morgans Point, TX",16.0,0.0,0.0,,0.8024691358024691,0.0,0.0,0.0,0.4012345679012346,0.9942965779467682,0.0,0.16868753665411487,0.4957132826049974
48201233702,Harris County,0.9732,3035,29.7473922,-95.2378885,10.666666666666666,"Morgans Point, TX",12.0,0.0,0.0,,0.8518518518518519,0.0,0.0,0.0,0.425925925925926,0.9737842705623374,0.0,0.11733571959102763,0.49553551979447064
48167720604,Galveston County,0.0575,2916,29.4650862,-95.1035399,34.0,"Eagle Point, TX",7.0,0.0,0.0,,0.9135802469135803,1.0,0.0,0.0,0.9567901234567902,0.05753452071242746,0.0,0.46606981670181863,0.49442289343946566
48167725900,Galveston County,0.3943,2931,29.2607101,-94.8608274,18.0,"Galveston Pier 21, TX",3.0,0.0,0.0,,0.962962962962963,0.3142857142857143,0.0,0.0,0.6386243386243386,0.39453672203321993,0.0,0.8857744992632494,0.49431941891724335
48201323100,Harris County,0.93,4098,29.6879241,-95.169993,10.666666666666666,"Morgans Point, TX",11.0,0.0,0.0,,0.8641975308641976,0.0,0.0,0.0,0.4320987654320988,0.9305583350010007,0.0,0.20672456004292064,0.49428440094903675
48201321200,Harris County,0.9851,4883,29.6369249,-95.2004177,10.666666666666666,"Morgans Point, TX",17.0,0.0,0.0,,0.7901234567901234,0.0,0.0,0.0,0.3950617283950617,0.9856914148489093,0.0,0.2048371760037119,0.4939689198328218
48201334001,Harris County,0.9757,3413,29.6164272,-95.2262094,10.666666666666666,"Morgans Point, TX",16.0,0.0,0.0,,0.8024691358024691,0.0,0.0,0.0,0.4012345679012346,0.9762857714628778,0.0,0.2011386244752253,0.49355514944194145
48201254000,Harris County,0.8359,3305,29.7343474,-94.9429906,10.666666666666666,"Morgans Point, TX",11.0,0.0,0.0,,0.8641975308641976,0.0,0.0,0.0,0.4320987654320988,0.8364018411046628,0.0,0.4818079083879841,0.4935457876146417
48167721210,Galveston County,0.0266,6459,29.513747,-95.017292,34.0,"Eagle Point, TX",5.0,0.0,0.0,,0.9382716049382716,1.0,0.0,0.0,0.9691358024691358,0.026615969581749048,0.0,0.493648858083611,0.49346078779399694
48167720507,Galveston County,0.0816,4960,29.4755707,-95.1410209,34.0,"Eagle Point, TX",9.0,0.0,0.0,,0.8888888888888888,1.0,0.0,0.0,0.9444444444444444,0.08164898939363618,0.0,0.42627993725966506,0.49212269054405733
48201343000,Harris County,0.8735,7663,29.65813,-95.107354,10.666666666666666,"Morgans Point, TX",9.0,0.0,0.0,,0.8888888888888888,0.0,0.0,0.0,0.4444444444444444,0.8740244146487893,0.0,0.29399618629842805,0.49160694302447955
48201310500,Harris County,0.9571,3452,29.7465598,-95.3167847,10.666666666666666,"Morgans Point, TX",9.0,0.0,0.0,,0.8888888888888888,0.0,0.0,0.0,0.4444444444444444,0.9576746047628577,0.0,0.026301469259169062,0.4899325283547742
48201332900,Harris County,0.9798,4953,29.690418,-95.2904739,10.666666666666666,"Morgans Point, TX",13.0,0.0,0.0,,0.8395061728395061,0.0,0.0,0.0,0.41975308641975306,0.980388232939764,0.0,0.0692277733800748,0.4899281361088256
48201324101,Harris County,0.9227,5441,29.7143094,-95.2051224,10.666666666666666,"Morgans Point, TX",10.0,0.0,0.0,,0.8765432098765432,0.0,0.0,0.0,0.4382716049382716,0.9232539523714228,0.0,0.15638815134563652,0.48983722306821276
48201342200,Harris County,0.9205,3998,29.6735514,-95.1465361,10.666666666666666,"Morgans Point, TX",13.0,0.0,0.0,,0.8395061728395061,0.0,0.0,0.0,0.41975308641975306,0.9210526315789473,0.0,0.2406501450020276,0.48926969286277583
48201311400,Harris County,0.958,1471,29.7190269,-95.2752207,10.666666666666666,"Morgans Point, TX",11.0,0.0,0.0,,0.8641975308641976,0.0,0.0,0.0,0.4320987654320988,0.9585751450870522,0.0,0.06894380916800764,0.4889113688873609
48167724800,Galveston County,0.4382,1490,29.2920594,-94.7927922,18.0,"Galveston Pier 21, TX",11.0,0.0,0.0,,0.8641975308641976,0.3142857142857143,0.0,0.0,0.5892416225749559,0.438463077846708,0.0,0.9134225486686487,0.4880399083796075
48167720504,Galveston County,0.1032,1680,29.4781666,-95.1708995,34.0,"Eagle Point, TX",12.0,0.0,0.0,,0.8518518518518519,1.0,0.0,0.0,0.9259259259259259,0.10326195717430459,0.0,0.40312293021103623,0.48795754684006165
48201253501,Harris County,0.823,8396,29.7764872,-94.9848905,10.666666666666666,"Morgans Point, TX",10.0,0.0,0.0,,0.8765432098765432,0.0,0.0,0.0,0.4382716049382716,0.8234940964578747,0.0,0.43484241732101053,0.4877546928916857
48167721403,Galveston County,0.051,4974,29.5363733,-95.0462401,34.0,"Eagle Point, TX",8.0,0.0,0.0,,0.9012345679012346,1.0,0.0,0.0,0.9506172839506173,0.051030618371022615,0.0,0.4452429755288083,0.48761126084196543
48167720601,Galveston County,0.0493,2713,29.434084,-95.0984185,34.0,"Eagle Point, TX",10.0,0.0,0.0,,0.8765432098765432,1.0,0.0,0.0,0.9382716049382717,0.04932959775865519,0.0,0.5055454865692165,0.4875756502067405
48167721209,Galveston County,0.0208,2745,29.4933816,-95.0540747,34.0,"Eagle Point, TX",6.0,0.0,0.0,,0.9259259259259259,1.0,0.0,0.0,0.962962962962963,0.020812487492495497,0.0,0.47762344514039234,0.4873394240951212
48167720400,Galveston County,0.099,9836,29.4830867,-95.1967697,34.0,"Eagle Point, TX",11.0,0.0,0.0,,0.8641975308641976,1.0,0.0,0.0,0.9320987654320989,0.09905943566139684,0.0,0.38141459332317784,0.4873037344751813
48201320901,Harris County,0.9515,3649,29.6477726,-95.2437602,10.666666666666666,"Morgans Point, TX",14.0,0.0,0.0,,0.8271604938271605,0.0,0.0,0.0,0.41358024691358025,0.9520712427456475,0.0,0.15350851191285486,0.4870833351260908
48201230900,Harris County,0.9855,4473,29.818201,-95.282634,10.666666666666666,"Morgans Point, TX",17.0,0.0,0.0,,0.7901234567901234,0.0,0.0,0.0,0.3950617283950617,0.9860916549929959,0.0,0.1347005197057031,0.4870753262462469
48201253602,Harris County,0.8406,4261,29.7522771,-94.9855197,10.666666666666666,"Morgans Point, TX",12.0,0.0,0.0,,0.8518518518518519,0.0,0.0,0.0,0.425925925925926,0.8411046627976787,0.0,0.4300658379927226,0.48700464930524257
48167721203,Galveston County,0.0255,3950,29.4976901,-95.0718544,34.0,"Eagle Point, TX",6.0,0.0,0.0,,0.9259259259259259,1.0,0.0,0.0,0.962962962962963,0.025515309185511308,0.0,0.4573733951138507,0.4867252656003718
48201340502,Harris County,0.8656,2228,29.5608759,-95.1203121,10.666666666666666,"Morgans Point, TX",12.0,0.0,0.0,,0.8518518518518519,0.0,0.0,0.0,0.425925925925926,0.8661196718030819,0.0,0.35128074006747545,0.4866306422143388
48201332000,Harris County,0.9857,5951,29.6722584,-95.3472142,10.666666666666666,"Morgans Point, TX",15.0,0.0,0.0,,0.8148148148148149,0.0,0.0,0.0,0.40740740740740744,0.9862917750650391,0.0,0.06765979617380025,0.4859868454702251
48201233001,Harris County,0.9206,3860,29.7971528,-95.1825606,10.666666666666666,"Morgans Point, TX",13.0,0.0,0.0,,0.8395061728395061,0.0,0.0,0.0,0.41975308641975306,0.921152691614969,0.0,0.20679456089528747,0.48591415246290837
48201342300,Harris County,0.901,7954,29.673705,-95.131227,10.666666666666666,"Morgans Point, TX",13.0,0.0,0.0,,0.8395061728395061,0.0,0.0,0.0,0.41975308641975306,0.9015409245547329,0.0,0.25879374612842027,0.48523054086815076
48201350804,Harris County,0.1119,6310,29.5124533,-95.1497302,34.0,"Eagle Point, TX",13.0,0.0,0.0,,0.8395061728395061,1.0,0.0,0.0,0.9197530864197531,0.11196718030818492,0.0,0.3770360693223716,0.4851826499135815
48201332800,Harris County,0.9956,4433,29.689777,-95.3077088,10.666666666666666,"Morgans Point, TX",16.0,0.0,0.0,,0.8024691358024691,0.0,0.0,0.0,0.4012345679012346,0.9961977186311788,0.0,0.05529760495108537,0.4849446316400178
48201331200,Harris County,0.9892,4744,29.6635175,-95.3705233,10.666666666666666,"Morgans Point, TX",17.0,0.0,0.0,,0.7901234567901234,0.0,0.0,0.0,0.3950617283950617,0.9897938763257955,0.0,0.08714252804188621,0.4834301934797051
48201323400,Harris County,0.9217,7849,29.676607,-95.1995552,10.666666666666666,"Morgans Point, TX",13.0,0.0,0.0,,0.8395061728395061,0.0,0.0,0.0,0.41975308641975306,0.9222533520112067,0.0,0.1771532738042696,0.4832802218726779
48201322000,Harris County,0.8944,3969,29.7015072,-95.2175148,10.666666666666666,"Morgans Point, TX",9.0,0.0,0.0,,0.8888888888888888,0.0,0.0,0.0,0.4444444444444444,0.8949369621773064,0.0,0.14449995411225378,0.4829310840644173
48201421501,Harris County,0.9902,4570,29.7108472,-95.4758568,10.666666666666666,"Morgans Point, TX",20.0,0.0,0.0,,0.7530864197530864,0.0,0.0,0.0,0.3765432098765432,0.9907944766860116,0.0,0.15786989100448626,0.48246977655069656
48201321301,Harris County,0.9287,4065,29.6494261,-95.2190701,10.666666666666666,"Morgans Point, TX",14.0,0.0,0.0,,0.8271604938271605,0.0,0.0,0.0,0.41358024691358025,0.9292575545327196,0.0,0.17547347575574762,0.48243572504650173
48201210500,Harris County,0.9934,4711,29.7952549,-95.3603917,10.666666666666666,"Morgans Point, TX",18.0,0.0,0.0,,0.7777777777777778,0.0,0.0,0.0,0.3888888888888889,0.9939963978387032,0.0,0.08650203996706339,0.4818491233483173
48201331800,Harris County,0.9625,3685,29.6524884,-95.3437917,10.666666666666666,"Morgans Point, TX",15.0,0.0,0.0,,0.8148148148148149,0.0,0.0,0.0,0.40740740740740744,0.9630778467080249,0.0,0.09563309791030292,0.4818199971367711
48201254200,Harris County,0.8149,2685,29.7287156,-94.9645049,10.666666666666666,"Morgans Point, TX",12.0,0.0,0.0,,0.8518518518518519,0.0,0.0,0.0,0.425925925925926,0.815389233540124,0.0,0.45494263941125335,0.4817777006698292
48167721206,Galveston County,0.0025,4765,29.5090996,-95.0530315,34.0,"Eagle Point, TX",6.0,0.0,0.0,,0.9259259259259259,1.0,0.0,0.0,0.962962962962963,0.0025015009005403244,0.0,0.4633855108732834,0.48042233469082374
48167724500,Galveston County,0.4253,946,29.3037509,-94.7945196,18.0,"Galveston Pier 21, TX",12.0,0.0,0.0,,0.8518518518518519,0.3142857142857143,0.0,0.0,0.5830687830687831,0.42555533319992,0.0,0.9005431222026187,0.48010186456119025
48201233104,Harris County,0.9069,2748,29.7766026,-95.1662698,10.666666666666666,"Morgans Point, TX",14.0,0.0,0.0,,0.8271604938271605,0.0,0.0,0.0,0.41358024691358025,0.9074444666800081,0.0,0.2144342560092811,0.4797878767160416
48201333203,Harris County,0.9449,2558,29.6597943,-95.2630572,10.666666666666666,"Morgans Point, TX",15.0,0.0,0.0,,0.8148148148148149,0.0,0.0,0.0,0.40740740740740744,0.9454672803682209,0.0,0.12427839156887249,0.47940135660068683
48167721211,Galveston County,0.0026,2846,29.5000007,-95.0157978,34.0,"Eagle Point, TX",8.0,0.0,0.0,,0.9012345679012346,1.0,0.0,0.0,0.9506172839506173,0.002601560936561937,0.0,0.5073244483460243,0.4792906908933488
48201231200,Harris County,0.9741,6230,29.875083,-95.2473537,10.666666666666666,"Morgans Point, TX",22.0,0.0,0.0,,0.7283950617283951,0.0,0.0,0.0,0.3641975308641975,0.9746848108865319,0.0,0.2273501670320775,0.4790293488580562
48201211700,Harris County,0.9622,3707,29.7965959,-95.3043165,10.666666666666666,"Morgans Point, TX",16.0,0.0,0.0,,0.8024691358024691,0.0,0.0,0.0,0.4012345679012346,0.9627776665999601,0.0,0.09484856130584393,0.47887371166612797
48201320700,Harris County,0.924,4110,29.6713783,-95.2499807,10.666666666666666,"Morgans Point, TX",13.0,0.0,0.0,,0.8395061728395061,0.0,0.0,0.0,0.41975308641975306,0.9245547328397039,0.0,0.12577186330225515,0.4788324950710256
48201233105,Harris County,0.9283,4679,29.7830028,-95.1613706,10.666666666666666,"Morgans Point, TX",17.0,0.0,0.0,,0.7901234567901234,0.0,0.0,0.0,0.3950617283950617,0.9288573143886333,0.0,0.22314286703424938,0.47874925879779273
48201530502,Harris County,0.9764,2412,29.8357583,-95.3975741,10.666666666666666,"Morgans Point, TX",20.0,0.0,0.0,,0.7530864197530864,0.0,0.0,0.0,0.3765432098765432,0.9769861917150291,0.0,0.15711001563991797,0.478251303522945
48201452501,Harris County,0.9893,2578,29.7093273,-95.5961331,10.666666666666666,"Morgans Point, TX",27.0,0.0,0.0,,0.6666666666666667,0.0,0.0,0.0,0.33333333333333337,0.9898939363618171,0.0,0.30704066856041695,0.47767224776458683
48201333301,Harris County,0.923,5096,29.6321549,-95.2406195,10.666666666666666,"Morgans Point, TX",15.0,0.0,0.0,,0.8148148148148149,0.0,0.0,0.0,0.40740740740740744,0.9235541324794878,0.0,0.17234127605271696,0.47763370068245137
48201422404,Harris County,0.9833,2494,29.654967,-95.4970625,10.666666666666666,"Morgans Point, TX",23.0,0.0,0.0,,0.7160493827160495,0.0,0.0,0.0,0.3580246913580247,0.9838903342005203,0.0,0.2089306388915468,0.4771712752604219
48201311701,Harris County,0.9726,3688,29.6992092,-95.3128178,10.666666666666666,"Morgans Point, TX",16.0,0.0,0.0,,0.8024691358024691,0.0,0.0,0.0,0.4012345679012346,0.9731839103462078,0.0,0.04070044410884264,0.47658077307030217
48201320201,Harris County,0.9023,2876,29.7009123,-95.2681003,10.666666666666666,"Morgans Point, TX",10.0,0.0,0.0,,0.8765432098765432,0.0,0.0,0.0,0.4382716049382716,0.9028417050230139,0.0,0.08490552085129675,0.476565285814256
48201311502,Harris County,0.9266,3745,29.709965,-95.2795647,10.666666666666666,"Morgans Point, TX",12.0,0.0,0.0,,0.8518518518518519,0.0,0.0,0.0,0.425925925925926,0.9271562937762657,0.0,0.0668648254415576,0.47650003734370217
48201310900,Harris County,0.936,4911,29.7357279,-95.3009728,10.666666666666666,"Morgans Point, TX",12.0,0.0,0.0,,0.8518518518518519,0.0,0.0,0.0,0.425925925925926,0.9365619371622975,0.0,0.03700210185140525,0.4763354580004965
48201421104,Harris County,0.9868,4088,29.7230027,-95.4805288,10.666666666666666,"Morgans Point, TX",22.0,0.0,0.0,,0.7283950617283951,0.0,0.0,0.0,0.3641975308641975,0.9873924354612769,0.0,0.1620228304403398,0.47630890257130587
48201211101,Harris County,0.97,3240,29.7870574,-95.3359408,10.666666666666666,"Morgans Point, TX",17.0,0.0,0.0,,0.7901234567901234,0.0,0.0,0.0,0.3950617283950617,0.9705823494096458,0.0,0.0716615806720737,0.47611864066787896
48201231500,Harris County,0.9599,2866,29.859841,-95.2965469,10.666666666666666,"Morgans Point, TX",20.0,0.0,0.0,,0.7530864197530864,0.0,0.0,0.0,0.3765432098765432,0.9604762857714629,0.0,0.18355128776654406,0.47594245895253773
48201440101,Harris County,0.9731,2932,29.6506227,-95.559587,10.666666666666666,"Morgans Point, TX",25.0,0.0,0.0,,0.691358024691358,0.0,0.0,0.0,0.34567901234567894,0.9736842105263158,0.0,0.2822009207401911,0.4758809107874694
48167720501,Galveston County,0.0631,4070,29.5019392,-95.1359539,34.0,"Eagle Point, TX",12.0,0.0,0.0,,0.8518518518518519,1.0,0.0,0.0,0.9259259259259259,0.06313788272963779,0.0,0.39949234237321823,0.4755572657228799
48201422304,Harris County,0.9813,3813,29.6531035,-95.506412,10.666666666666666,"Morgans Point, TX",24.0,0.0,0.0,,0.7037037037037037,0.0,0.0,0.0,0.35185185185185186,0.981889133480088,0.0,0.22048302445721968,0.4749483758230817
48201330902,Harris County,0.9652,2860,29.605594,-95.404806,10.666666666666666,"Morgans Point, TX",21.0,0.0,0.0,,0.7407407407407407,0.0,0.0,0.0,0.37037037037037035,0.9657794676806084,0.0,0.1803966075775278,0.474440167728602
48201230200,Harris County,0.9738,4860,29.8199173,-95.3073371,10.666666666666666,"Morgans Point, TX",20.0,0.0,0.0,,0.7530864197530864,0.0,0.0,0.0,0.3765432098765432,0.9743846307784672,0.0,0.12483214515925257,0.47424304819390983
48201422800,Harris County,0.9619,5360,29.6900285,-95.517789,10.666666666666666,"Morgans Point, TX",22.0,0.0,0.0,,0.7283950617283951,0.0,0.0,0.0,0.3641975308641975,0.9624774864918951,0.0,0.2149756206104805,0.4741296968975054
48201422200,Harris County,0.9676,5732,29.6401541,-95.5018992,10.666666666666666,"Morgans Point, TX",23.0,0.0,0.0,,0.7160493827160495,0.0,0.0,0.0,0.3580246913580247,0.9681809085451272,0.0,0.22483519491093668,0.47404890316574294
48201453202,Harris County,0.9877,4800,29.6801873,-95.565005,10.666666666666666,"Morgans Point, TX",27.0,0.0,0.0,,0.6666666666666667,0.0,0.0,0.0,0.33333333333333337,0.9882929757854714,0.0,0.27548566569277766,0.4740364593049192
48201220500,Harris County,0.9994,3310,29.8362058,-95.3814642,10.666666666666666,"Morgans Point, TX",24.0,0.0,0.0,,0.7037037037037037,0.0,0.0,0.0,0.35185185185185186,1.0,0.0,0.15031131227734382,0.47336446456106773
48201254600,Harris County,0.6899,3492,29.7163341,-95.0009518,10.666666666666666,"Morgans Point, TX",0.0,0.0,0.0,,1.0,0.0,0.0,0.0,0.5,0.6903141885131079,0.0,0.40990657089756305,0.47308491364368865
48201453603,Harris County,0.9611,3726,29.6837842,-95.57659,10.666666666666666,"Morgans Point, TX",25.0,0.0,0.0,,0.691358024691358,0.0,0.0,0.0,0.34567901234567894,0.9616770062037222,0.0,0.28838667852952793,0.47289732526962497
48201232703,Harris County,0.8865,2297,29.7732559,-95.2217304,10.666666666666666,"Morgans Point, TX",12.0,0.0,0.0,,0.8518518518518519,0.0,0.0,0.0,0.425925925925926,0.8870322193315989,0.0,0.1480546558205219,0.47258179804819855
48201311800,Harris County,0.9433,4616,29.699182,-95.3244075,10.666666666666666,"Morgans Point, TX",14.0,0.0,0.0,,0.8271604938271605,0.0,0.0,0.0,0.41358024691358025,0.9438663197918752,0.0,0.03295557139286524,0.47256656418796017
48167720512,Galveston County,0.0211,2999,29.478908,-95.1224599,34.0,"Eagle Point, TX",10.0,0.0,0.0,,0.8765432098765432,1.0,0.0,0.0,0.9382716049382717,0.02111266760056034,0.0,0.43594748156332036,0.4721507706587224
48201313801,Harris County,0.9255,1446,29.6887347,-95.3695345,10.666666666666666,"Morgans Point, TX",13.0,0.0,0.0,,0.8395061728395061,0.0,0.0,0.0,0.41975308641975306,0.926055633380028,0.0,0.05435818522063243,0.47214139742496053
48201433507,Harris County,0.9927,2941,29.6792534,-95.5571892,10.666666666666666,"Morgans Point, TX",28.0,0.0,0.0,,0.654320987654321,0.0,0.0,0.0,0.3271604938271605,0.993295977586552,0.0,0.2663725465477942,0.47184827015296715
48167720506,Galveston County,0.0199,5682,29.4883705,-95.1483745,34.0,"Eagle Point, TX",9.0,0.0,0.0,,0.8888888888888888,1.0,0.0,0.0,0.9444444444444444,0.019911947168300984,0.0,0.4059504667703254,0.47156863082752287
48201322900,Harris County,0.8747,3605,29.7034718,-95.1943063,10.666666666666666,"Morgans Point, TX",12.0,0.0,0.0,,0.8518518518518519,0.0,0.0,0.0,0.425925925925926,0.8752251350810487,0.0,0.17212136489821803,0.47144634368080307
48201211501,Harris County,0.9373,3034,29.7638631,-95.2929525,10.666666666666666,"Morgans Point, TX",15.0,0.0,0.0,,0.8148148148148149,0.0,0.0,0.0,0.40740740740740744,0.9378627176305784,0.0,0.06497658076732891,0.47118980669923977
48201331400,Harris County,0.964,2953,29.654386,-95.3601789,10.666666666666666,"Morgans Point, TX",19.0,0.0,0.0,,0.7654320987654322,0.0,0.0,0.0,0.38271604938271614,0.964578747248349,0.0,0.09571874598860593,0.47116772099558757
48201432806,Harris County,0.993,4827,29.7110597,-95.5124738,10.666666666666666,"Morgans Point, TX",26.0,0.0,0.0,,0.6790123456790124,0.0,0.0,0.0,0.3395061728395062,0.9935961576946168,0.0,0.2030699000195717,0.47116361508812
48201230600,Harris County,0.9796,2983,29.8448725,-95.3092658,10.666666666666666,"Morgans Point, TX",23.0,0.0,0.0,,0.7160493827160495,0.0,0.0,0.0,0.3580246913580247,0.9801881128677207,0.0,0.15879317733640883,0.4710468627050682
48201222601,Harris County,0.972,2082,29.9350797,-95.3903481,10.666666666666666,"Morgans Point, TX",27.0,0.0,0.0,,0.6666666666666667,0.0,0.0,0.0,0.33333333333333337,0.972583550130078,0.0,0.2903350141770587,0.4708085664567293
48201232701,Harris County,0.9993,7941,29.7886493,-95.2278273,10.666666666666666,"Morgans Point, TX",25.0,0.0,0.0,,0.691358024691358,0.0,0.0,0.0,0.34567901234567894,0.9998999399639784,0.0,0.1516161057638747,0.4706871481211365
48201433504,Harris County,0.9634,3094,29.6786913,-95.5464467,10.666666666666666,"Morgans Point, TX",25.0,0.0,0.0,,0.691358024691358,0.0,0.0,0.0,0.34567901234567894,0.9639783870322194,0.0,0.25365153913190663,0.47011422557841204
48201320100,Harris County,0.9299,2539,29.6946691,-95.2812699,10.666666666666666,"Morgans Point, TX",15.0,0.0,0.0,,0.8148148148148149,0.0,0.0,0.0,0.40740740740740744,0.930458274964979,0.0,0.07468889205194781,0.46993970502802185
48201433202,Harris County,0.976,3573,29.6968042,-95.5412482,10.666666666666666,"Morgans Point, TX",26.0,0.0,0.0,,0.6790123456790124,0.0,0.0,0.0,0.3395061728395062,0.9765859515709426,0.0,0.24154262761140188,0.46990782601020076
48167724300,Galveston County,0.3878,3123,29.3077042,-94.7803622,18.0,"Galveston Pier 21, TX",12.0,0.0,0.0,,0.8518518518518519,0.3142857142857143,0.0,0.0,0.5830687830687831,0.3880328196918151,0.0,0.9100689206417195,0.4697976903526689
48201230700,Harris County,0.9808,2727,29.8530072,-95.3099266,10.666666666666666,"Morgans Point, TX",24.0,0.0,0.0,,0.7037037037037037,0.0,0.0,0.0,0.35185185185185186,0.9813888332999801,0.0,0.1700135445714396,0.46975133778047135
48201232000,Harris County,0.9436,4707,29.9035599,-95.2713048,10.666666666666666,"Morgans Point, TX",23.0,0.0,0.0,,0.7160493827160495,0.0,0.0,0.0,0.3580246913580247,0.94416649989994,0.0,0.2528110181165347,0.4696421628927466
48201333501,Harris County,0.9382,3157,29.6683005,-95.2801569,10.666666666666666,"Morgans Point, TX",17.0,0.0,0.0,,0.7901234567901234,0.0,0.0,0.0,0.3950617283950617,0.9387632579547729,0.0,0.1008443359220551,0.4694911887564151
48167720505,Galveston County,0.0385,4035,29.4749995,-95.1625849,34.0,"Eagle Point, TX",12.0,0.0,0.0,,0.8518518518518519,1.0,0.0,0.0,0.9259259259259259,0.038523113868320996,0.0,0.41235248257001983,0.46945884908416496
48201240506,Harris County,0.9555,5767,29.9598818,-95.3917467,10.666666666666666,"Morgans Point, TX",27.0,0.0,0.0,,0.6666666666666667,0.0,0.0,0.0,0.33333333333333337,0.956073644186512,0.0,0.3255544000025808,0.4693775332562117
48201253000,Harris County,0.7981,4915,29.8221742,-95.0196332,10.666666666666666,"Morgans Point, TX",13.0,0.0,0.0,,0.8395061728395061,0.0,0.0,0.0,0.41975308641975306,0.7985791474884931,0.0,0.40825795026103046,0.4692884281615399
48201332600,Harris County,0.9274,6737,29.6749892,-95.3068102,10.666666666666666,"Morgans Point, TX",15.0,0.0,0.0,,0.8148148148148149,0.0,0.0,0.0,0.40740740740740744,0.9279567740644387,0.0,0.07384500409843517,0.46910486596250844
48201321900,Harris County,0.887,5979,29.6957716,-95.2248643,10.666666666666666,"Morgans Point, TX",13.0,0.0,0.0,,0.8395061728395061,0.0,0.0,0.0,0.41975308641975306,0.8875325195117071,0.0,0.13796306650690823,0.46894495139309184
48167723900,Galveston County,0.2514,2626,29.4855244,-94.577374,18.0,"Galveston Pier 21, TX",1.0,0.0,0.0,,0.9876543209876543,0.3142857142857143,0.0,0.0,0.6509700176366843,0.25155093055833505,0.0,1.0,0.4684017871040085
48201423002,Harris County,0.9392,2854,29.6760958,-95.5215429,10.666666666666666,"Morgans Point, TX",22.0,0.0,0.0,,0.7283950617283951,0.0,0.0,0.0,0.3641975308641975,0.9397638583149891,0.0,0.22502847739592052,0.4683208941229776
48201253202,Harris County,0.7963,4680,29.7916839,-94.9916546,10.666666666666666,"Morgans Point, TX",14.0,0.0,0.0,,0.8271604938271605,0.0,0.0,0.0,0.41358024691358025,0.7967780668401041,0.0,0.43045145599386736,0.4681896767625291
48201221501,Harris County,0.9959,5636,29.8620041,-95.3929558,10.666666666666666,"Morgans Point, TX",27.0,0.0,0.0,,0.6666666666666667,0.0,0.0,0.0,0.33333333333333337,0.9964978987392435,0.0,0.189947639062283,0.46794413352800135
48201433100,Harris County,0.9455,3307,29.6983142,-95.5547682,10.666666666666666,"Morgans Point, TX",24.0,0.0,0.0,,0.7037037037037037,0.0,0.0,0.0,0.35185185185185186,0.9460676405843507,0.0,0.2577855730872056,0.46793218281735915
48201220800,Harris County,0.995,3897,29.8308466,-95.3387038,10.666666666666666,"Morgans Point, TX",25.0,0.0,0.0,,0.691358024691358,0.0,0.0,0.0,0.34567901234567894,0.995597358415049,0.0,0.13432483458503677,0.46766724653857394
48201423100,Harris County,0.9145,2705,29.6647245,-95.5494555,10.666666666666666,"Morgans Point, TX",21.0,0.0,0.0,,0.7407407407407407,0.0,0.0,0.0,0.37037037037037035,0.9150490294176507,0.0,0.26322135552705994,0.4675035110446678
48201241503,Harris County,0.9608,2481,29.9589078,-95.3477716,10.666666666666666,"Morgans Point, TX",28.0,0.0,0.0,,0.654320987654321,0.0,0.0,0.0,0.3271604938271605,0.9613768260956574,0.0,0.3181513584256705,0.46745040589348646
48201313600,Harris County,0.9492,4563,29.6916477,-95.3575745,10.666666666666666,"Morgans Point, TX",17.0,0.0,0.0,,0.7901234567901234,0.0,0.0,0.0,0.3950617283950617,0.9497698619171504,0.0,0.04368454316086567,0.46707719066900943
48201320601,Harris County,0.9019,2441,29.6839896,-95.262852,10.666666666666666,"Morgans Point, TX",14.0,0.0,0.0,,0.8271604938271605,0.0,0.0,0.0,0.41358024691358025,0.9024414648789274,0.0,0.102283016080079,0.46707185218279723
48201423204,Harris County,0.9482,4402,29.6684916,-95.5318167,10.666666666666666,"Morgans Point, TX",24.0,0.0,0.0,,0.7037037037037037,0.0,0.0,0.0,0.35185185185185186,0.9487692615569342,0.0,0.2406933599011232,0.4670334477905259
48201421601,Harris County,0.9688,2995,29.7009353,-95.4900265,10.666666666666666,"Morgans Point, TX",24.0,0.0,0.0,,0.7037037037037037,0.0,0.0,0.0,0.35185185185185186,0.9693816289773864,0.0,0.17775700606992845,0.4669235226335421
48201422900,Harris County,0.9596,3256,29.6820045,-95.5298306,10.666666666666666,"Morgans Point, TX",25.0,0.0,0.0,,0.691358024691358,0.0,0.0,0.0,0.34567901234567894,0.9601761056633981,0.0,0.23242767405250941,0.4668511546598259
48201220701,Harris County,0.9867,3039,29.8413115,-95.350702,10.666666666666666,"Morgans Point, TX",25.0,0.0,0.0,,0.691358024691358,0.0,0.0,0.0,0.34567901234567894,0.9872923754252552,0.0,0.14985574558292084,0.4667288427414241
48201432901,Harris County,0.9534,3578,29.7163167,-95.5279431,10.666666666666666,"Morgans Point, TX",24.0,0.0,0.0,,0.7037037037037037,0.0,0.0,0.0,0.35185185185185186,0.9539723834300581,0.0,0.22155495682003973,0.4666805440443547
48201211000,Harris County,0.9239,1813,29.7970912,-95.3321489,10.666666666666666,"Morgans Point, TX",16.0,0.0,0.0,,0.8024691358024691,0.0,0.0,0.0,0.4012345679012346,0.9244546728036823,0.0,0.0863933724576468,0.4665312946424249
48201211200,Harris County,0.9592,2207,29.7981731,-95.3203735,10.666666666666666,"Morgans Point, TX",20.0,0.0,0.0,,0.7530864197530864,0.0,0.0,0.0,0.3765432098765432,0.9597758655193117,0.0,0.09042046381761441,0.4664192504819994
48201433007,Harris County,0.9732,1595,29.7076821,-95.5424131,10.666666666666666,"Morgans Point, TX",27.0,0.0,0.0,,0.6666666666666667,0.0,0.0,0.0,0.33333333333333337,0.9737842705623374,0.0,0.24068191648721854,0.4662034728174231
48201550403,Harris County,0.9898,3835,29.9729382,-95.4313583,10.666666666666666,"Morgans Point, TX",33.0,0.0,0.0,,0.5925925925925926,0.0,0.0,0.0,0.2962962962962963,0.9903942365419253,0.0,0.35602131412200816,0.4660537357081117
48201330400,Harris County,0.9097,4836,29.6160441,-95.4544704,10.666666666666666,"Morgans Point, TX",19.0,0.0,0.0,,0.7654320987654322,0.0,0.0,0.0,0.38271604938271614,0.9102461476886131,0.0,0.20185599612408034,0.4654816661412142
48201452802,Harris County,0.9447,6886,29.6971563,-95.6007323,10.666666666666666,"Morgans Point, TX",27.0,0.0,0.0,,0.6666666666666667,0.0,0.0,0.0,0.33333333333333337,0.9452671602961777,0.0,0.3146793983186437,0.46504808792071767
48201432705,Harris County,0.9609,5562,29.7253976,-95.4962756,10.666666666666666,"Morgans Point, TX",24.0,0.0,0.0,,0.7037037037037037,0.0,0.0,0.0,0.35185185185185186,0.961476886131679,0.0,0.1815208309530209,0.46492848226813915
48201550101,Harris County,0.9871,2962,29.9516654,-95.4240204,10.666666666666666,"Morgans Point, TX",32.0,0.0,0.0,,0.6049382716049383,0.0,0.0,0.0,0.30246913580246915,0.9876926155693416,0.0,0.3241811439264557,0.4648370101745592
48201432805,Harris County,0.9698,2402,29.7068143,-95.5169389,10.666666666666666,"Morgans Point, TX",26.0,0.0,0.0,,0.6790123456790124,0.0,0.0,0.0,0.3395061728395062,0.9703822293376027,0.0,0.20935830534375618,0.4648282771134342
48201333205,Harris County,0.919,1618,29.6630381,-95.2749989,10.666666666666666,"Morgans Point, TX",17.0,0.0,0.0,,0.7901234567901234,0.0,0.0,0.0,0.3950617283950617,0.9195517310386232,0.0,0.11075948199727513,0.4647192452890922
48201433003,Harris County,0.9736,5634,29.7083526,-95.5513848,10.666666666666666,"Morgans Point, TX",28.0,0.0,0.0,,0.654320987654321,0.0,0.0,0.0,0.3271604938271605,0.9741845107064239,0.0,0.2516812307448127,0.4646456985086306
48201433505,Harris County,0.943,2067,29.6832627,-95.5531423,10.666666666666666,"Morgans Point, TX",25.0,0.0,0.0,,0.691358024691358,0.0,0.0,0.0,0.34567901234567894,0.9435661396838103,0.0,0.26007636474566825,0.46463303393526545
48201254400,Harris County,0.7348,3014,29.7264985,-94.9771664,10.666666666666666,"Morgans Point, TX",9.0,0.0,0.0,,0.8888888888888888,0.0,0.0,0.0,0.4444444444444444,0.7352411446868121,0.0,0.4391809177276645,0.46449043517881006
48201530701,Harris County,0.9722,1466,29.8630702,-95.4088157,10.666666666666666,"Morgans Point, TX",26.0,0.0,0.0,,0.6790123456790124,0.0,0.0,0.0,0.3395061728395062,0.9727836702021213,0.0,0.19857156318978467,0.4644700351573926
48201453701,Harris County,0.9653,4939,29.6827449,-95.6094176,10.666666666666666,"Morgans Point, TX",30.0,0.0,0.0,,0.6296296296296297,0.0,0.0,0.0,0.3148148148148148,0.9658795277166301,0.0,0.3287582723785589,0.46430635221951155
48201533701,Harris County,0.9488,6682,29.9283098,-95.4284337,10.666666666666666,"Morgans Point, TX",27.0,0.0,0.0,,0.6666666666666667,0.0,0.0,0.0,0.33333333333333337,0.9493696217730638,0.0,0.29442251723881824,0.464253138255801
48201433503,Harris County,0.9318,2597,29.6868141,-95.5554093,10.666666666666666,"Morgans Point, TX",24.0,0.0,0.0,,0.7037037037037037,0.0,0.0,0.0,0.35185185185185186,0.9323594156493896,0.0,0.2616728254743604,0.4642084405755863
48201252306,Harris County,0.8186,10080,29.8003155,-95.1315829,10.666666666666666,"Morgans Point, TX",12.0,0.0,0.0,,0.8518518518518519,0.0,0.0,0.0,0.425925925925926,0.8190914548729238,0.0,0.26659186558706216,0.46405328968725
48201452203,Harris County,0.9584,3072,29.7317086,-95.5619818,10.666666666666666,"Morgans Point, TX",27.0,0.0,0.0,,0.6666666666666667,0.0,0.0,0.0,0.33333333333333337,0.9589753852311388,0.0,0.26336975785472194,0.4640295913548138
48201533600,Harris County,0.9562,5179,29.9058273,-95.425916,10.666666666666666,"Morgans Point, TX",27.0,0.0,0.0,,0.6666666666666667,0.0,0.0,0.0,0.33333333333333337,0.9567740644386633,0.0,0.2633200575921896,0.463364225090818
48201453100,Harris County,0.9439,4081,29.6999533,-95.5668326,10.666666666666666,"Morgans Point, TX",26.0,0.0,0.0,,0.6790123456790124,0.0,0.0,0.0,0.3395061728395062,0.9444666800080048,0.0,0.27229208482359907,0.4633469902625391
48201453401,Harris County,0.953,2655,29.6544782,-95.5763225,10.666666666666666,"Morgans Point, TX",28.0,0.0,0.0,,0.654320987654321,0.0,0.0,0.0,0.3271604938271605,0.9535721432859716,0.0,0.2997001137043644,0.46326387657845014
48201221400,Harris County,0.965,6414,29.8534357,-95.391567,10.666666666666666,"Morgans Point, TX",25.0,0.0,0.0,,0.691358024691358,0.0,0.0,0.0,0.34567901234567894,0.9655793476085651,0.0,0.17777429231608835,0.4630067890697339
48201211301,Harris County,0.959,2590,29.7764213,-95.3335041,10.666666666666666,"Morgans Point, TX",20.0,0.0,0.0,,0.7530864197530864,0.0,0.0,0.0,0.3765432098765432,0.9595757454472683,0.0,0.05673508514188597,0.4629906765928135
48201330500,Harris County,0.9101,4913,29.6225436,-95.4304614,10.666666666666666,"Morgans Point, TX",19.0,0.0,0.0,,0.7654320987654322,0.0,0.0,0.0,0.38271604938271614,0.9106463878326997,0.0,0.17572889778923462,0.4629890283509556
48201311702,Harris County,0.8955,2004,29.7010603,-95.2990496,10.666666666666666,"Morgans Point, TX",13.0,0.0,0.0,,0.8395061728395061,0.0,0.0,0.0,0.41975308641975306,0.8960376225735441,0.0,0.05128779530490918,0.462828955191443
48201423401,Harris County,0.9454,5196,29.6497861,-95.5163885,10.666666666666666,"Morgans Point, TX",25.0,0.0,0.0,,0.691358024691358,0.0,0.0,0.0,0.34567901234567894,0.9459675805483291,0.0,0.2337169040031121,0.46271752012036543
48201210400,Harris County,0.9149,3983,29.7864417,-95.3621992,10.666666666666666,"Morgans Point, TX",16.0,0.0,0.0,,0.8024691358024691,0.0,0.0,0.0,0.4012345679012346,0.9154492695617371,0.0,0.07500680221012002,0.4626910166450887
48201520400,Harris County,0.9963,3792,29.8068975,-95.4769954,10.666666666666666,"Morgans Point, TX",29.0,0.0,0.0,,0.6419753086419753,0.0,0.0,0.0,0.32098765432098764,0.99689813888333,0.0,0.19143544208998436,0.46265743031844186
48201453300,Harris County,0.9476,4855,29.6641983,-95.5651337,10.666666666666666,"Morgans Point, TX",27.0,0.0,0.0,,0.6666666666666667,0.0,0.0,0.0,0.33333333333333337,0.9481689013408046,0.0,0.2819722593515502,0.4626478963373964
48201520601,Harris County,0.9602,2706,29.8167961,-95.4926764,10.666666666666666,"Morgans Point, TX",26.0,0.0,0.0,,0.6790123456790124,0.0,0.0,0.0,0.3395061728395062,0.9607764658795278,0.0,0.2155504177080374,0.4625657593124399
48201333100,Harris County,0.8896,3554,29.6765273,-95.2786693,10.666666666666666,"Morgans Point, TX",14.0,0.0,0.0,,0.8271604938271605,0.0,0.0,0.0,0.41358024691358025,0.8901340804482689,0.0,0.09355279825148748,0.4625066150707405
48201453501,Harris County,0.9265,6336,29.6648611,-95.5890099,10.666666666666666,"Morgans Point, TX",26.0,0.0,0.0,,0.6790123456790124,0.0,0.0,0.0,0.3395061728395062,0.9270562337402442,0.0,0.3101115104334242,0.46190579894319345
48201453404,Harris County,0.9381,3943,29.6645122,-95.5789767,10.666666666666666,"Morgans Point, TX",27.0,0.0,0.0,,0.6666666666666667,0.0,0.0,0.0,0.33333333333333337,0.9386631979187513,0.0,0.29827975363474335,0.46142693473909974
48201433004,Harris County,0.9561,2322,29.7168441,-95.5431959,10.666666666666666,"Morgans Point, TX",27.0,0.0,0.0,,0.6666666666666667,0.0,0.0,0.0,0.33333333333333337,0.9566740044026416,0.0,0.2404600162697123,0.4610482029477637
48201320602,Harris County,0.8782,5047,29.6774601,-95.2575385,10.666666666666666,"Morgans Point, TX",14.0,0.0,0.0,,0.8271604938271605,0.0,0.0,0.0,0.41358024691358025,0.878727236341805,0.0,0.11303364498804862,0.4610326465124575
48201323200,Harris County,0.824,6018,29.6869069,-95.1829177,10.666666666666666,"Morgans Point, TX",11.0,0.0,0.0,,0.8641975308641976,0.0,0.0,0.0,0.4320987654320988,0.8244946968180908,0.0,0.19164828108126045,0.46095768159799777
48201222602,Harris County,0.9643,2459,29.9364914,-95.4060248,10.666666666666666,"Morgans Point, TX",30.0,0.0,0.0,,0.6296296296296297,0.0,0.0,0.0,0.3148148148148148,0.9648789273564139,0.0,0.29689659162947935,0.4608200040365387
48201332200,Harris County,0.9416,4616,29.680569,-95.3299245,10.666666666666666,"Morgans Point, TX",19.0,0.0,0.0,,0.7654320987654322,0.0,0.0,0.0,0.38271604938271614,0.9421652991795078,0.0,0.0564373274880006,0.4605155447248746
48201422303,Harris County,0.9322,2651,29.6477685,-95.5057959,10.666666666666666,"Morgans Point, TX",24.0,0.0,0.0,,0.7037037037037037,0.0,0.0,0.0,0.35185185185185186,0.9327596557934762,0.0,0.22344320868894327,0.4605055509402705
48201530501,Harris County,0.8981,1706,29.8391541,-95.3923596,10.666666666666666,"Morgans Point, TX",18.0,0.0,0.0,,0.7777777777777778,0.0,0.0,0.0,0.3888888888888889,0.8986391835101061,0.0,0.15898478399627822,0.46049023345265966
48201222701,Harris County,0.9094,2597,29.9351146,-95.3049006,10.666666666666666,"Morgans Point, TX",24.0,0.0,0.0,,0.7037037037037037,0.0,0.0,0.0,0.35185185185185186,0.9099459675805484,0.0,0.2871085684180668,0.46002798044930454
48201422405,Harris County,0.9139,1647,29.6594912,-95.5070287,10.666666666666666,"Morgans Point, TX",22.0,0.0,0.0,,0.7283950617283951,0.0,0.0,0.0,0.3641975308641975,0.914448669201521,0.0,0.21709052118927974,0.45993254176827314
48201453403,Harris County,0.9496,4096,29.6697612,-95.5851314,10.666666666666666,"Morgans Point, TX",29.0,0.0,0.0,,0.6419753086419753,0.0,0.0,0.0,0.32098765432098764,0.9501701020612368,0.0,0.3035368842256838,0.4598491634853838
48201230300,Harris County,0.9473,2126,29.8347332,-95.3127198,10.666666666666666,"Morgans Point, TX",23.0,0.0,0.0,,0.7160493827160495,0.0,0.0,0.0,0.3580246913580247,0.9478687212327397,0.0,0.14365817820307444,0.45983754530124044
48201220900,Harris County,0.96,1670,29.8488405,-95.3376376,10.666666666666666,"Morgans Point, TX",25.0,0.0,0.0,,0.691358024691358,0.0,0.0,0.0,0.34567901234567894,0.9605763458074845,0.0,0.16015411063462556,0.45974387036126346
48201421205,Harris County,0.9337,2877,29.718099,-95.4937154,10.666666666666666,"Morgans Point, TX",23.0,0.0,0.0,,0.7160493827160495,0.0,0.0,0.0,0.3580246913580247,0.9342605563338003,0.0,0.17884118905667556,0.4592733969169187
48201421403,Harris County,0.9526,4793,29.7091209,-95.4888961,10.666666666666666,"Morgans Point, TX",25.0,0.0,0.0,,0.691358024691358,0.0,0.0,0.0,0.34567901234567894,0.9531719031418852,0.0,0.17430323510310367,0.45893745000843145
48201220600,Harris County,0.9486,3137,29.8418052,-95.3668801,10.666666666666666,"Morgans Point, TX",24.0,0.0,0.0,,0.7037037037037037,0.0,0.0,0.0,0.35185185185185186,0.9491695017010207,0.0,0.1533942551721422,0.4584236093608538
48201210800,Harris County,0.9165,2106,29.7943827,-95.3450894,10.666666666666666,"Morgans Point, TX",18.0,0.0,0.0,,0.7777777777777778,0.0,0.0,0.0,0.3888888888888889,0.9170502301380828,0.0,0.08220532421870591,0.45833560146329544
48201231000,Harris County,0.9258,5795,29.8401714,-95.2786836,10.666666666666666,"Morgans Point, TX",22.0,0.0,0.0,,0.7283950617283951,0.0,0.0,0.0,0.3641975308641975,0.9263558134880928,0.0,0.16498409949951884,0.4582940428852686
48201240505,Harris County,0.9123,1318,29.9520504,-95.3944208,10.666666666666666,"Morgans Point, TX",26.0,0.0,0.0,,0.6790123456790124,0.0,0.0,0.0,0.3395061728395062,0.9128477086251752,0.0,0.3151999561208509,0.4581520859774154
48201452502,Harris County,0.9277,4608,29.7086575,-95.6095718,10.666666666666666,"Morgans Point, TX",28.0,0.0,0.0,,0.654320987654321,0.0,0.0,0.0,0.3271604938271605,0.9282569541725035,0.0,0.32380547478023536,0.45807985595199685
48201322800,Harris County,0.834,6761,29.7056151,-95.1818051,10.666666666666666,"Morgans Point, TX",13.0,0.0,0.0,,0.8395061728395061,0.0,0.0,0.0,0.41975308641975306,0.8345007004202522,0.0,0.1869083109036531,0.4579299301053298
48201230100,Harris County,0.9233,1380,29.8138484,-95.330229,10.666666666666666,"Morgans Point, TX",20.0,0.0,0.0,,0.7530864197530864,0.0,0.0,0.0,0.3765432098765432,0.9238543125875526,0.0,0.11054981450664444,0.4576557196713747
48201533200,Harris County,0.9671,4498,29.8668801,-95.4495929,10.666666666666666,"Morgans Point, TX",29.0,0.0,0.0,,0.6419753086419753,0.0,0.0,0.0,0.32098765432098764,0.967680608365019,0.0,0.22816658254505315,0.4575652852084554
48201232500,Harris County,0.9665,4210,29.8059971,-95.2502681,10.666666666666666,"Morgans Point, TX",26.0,0.0,0.0,,0.6790123456790124,0.0,0.0,0.0,0.3395061728395062,0.9670802481488894,0.0,0.14510570977412232,0.4574124231998568
48201422601,Harris County,0.9384,3533,29.6809788,-95.5031204,10.666666666666666,"Morgans Point, TX",25.0,0.0,0.0,,0.691358024691358,0.0,0.0,0.0,0.34567901234567894,0.9389633780268162,0.0,0.201031207375246,0.45734768970112505
48201423203,Harris County,0.9132,2145,29.6608837,-95.532177,10.666666666666666,"Morgans Point, TX",24.0,0.0,0.0,,0.7037037037037037,0.0,0.0,0.0,0.35185185185185186,0.9137482489493697,0.0,0.2450046275651975,0.456958270774664
48201232704,Harris County,0.8526,2096,29.797785,-95.2118128,10.666666666666666,"Morgans Point, TX",15.0,0.0,0.0,,0.8148148148148149,0.0,0.0,0.0,0.40740740740740744,0.8531118671202722,0.0,0.1754663692739325,0.4568135303968083
48201330801,Harris County,0.8657,5585,29.6054427,-95.3264973,10.666666666666666,"Morgans Point, TX",16.0,0.0,0.0,,0.8024691358024691,0.0,0.0,0.0,0.4012345679012346,0.8662197318391035,0.0,0.16384616606420033,0.4568060917137066
48201222100,Harris County,0.9171,4750,29.8789474,-95.3349019,10.666666666666666,"Morgans Point, TX",23.0,0.0,0.0,,0.7160493827160495,0.0,0.0,0.0,0.3580246913580247,0.9176505903542126,0.0,0.2034124685177094,0.4567475350691459
48201252500,Harris County,0.7772,4821,29.7661133,-95.1281275,10.666666666666666,"Morgans Point, TX",10.0,0.0,0.0,,0.8765432098765432,0.0,0.0,0.0,0.4382716049382716,0.777666599959976,0.0,0.2566265678172665,0.4561848589919416
48201233600,Harris County,0.896,1953,29.7564963,-95.260864,10.666666666666666,"Morgans Point, TX",17.0,0.0,0.0,,0.7901234567901234,0.0,0.0,0.0,0.3950617283950617,0.8965379227536523,0.0,0.09380029097572488,0.456119183701446
48201211102,Harris County,0.9114,2215,29.7870675,-95.3275202,10.666666666666666,"Morgans Point, TX",18.0,0.0,0.0,,0.7777777777777778,0.0,0.0,0.0,0.3888888888888889,0.9119471683009807,0.0,0.07296545057892377,0.4558806955481866
48201310700,Harris County,0.9284,4033,29.7223865,-95.3144687,10.666666666666666,"Morgans Point, TX",18.0,0.0,0.0,,0.7777777777777778,0.0,0.0,0.0,0.3888888888888889,0.9289573744246549,0.0,0.02004953577373244,0.45569216590476974
48201421402,Harris County,0.9329,3864,29.7145907,-95.4868557,10.666666666666666,"Morgans Point, TX",24.0,0.0,0.0,,0.7037037037037037,0.0,0.0,0.0,0.35185185185185186,0.9334600760456274,0.0,0.17078856579018856,0.45545021272604047
48201223002,Harris County,0.916,2902,29.906774,-95.327696,10.666666666666666,"Morgans Point, TX",25.0,0.0,0.0,,0.691358024691358,0.0,0.0,0.0,0.34567901234567894,0.9165499299579749,0.0,0.24369928077927613,0.4548904626208756
48201453601,Harris County,0.9682,1763,29.6800729,-95.5912718,10.666666666666666,"Morgans Point, TX",33.0,0.0,0.0,,0.5925925925925926,0.0,0.0,0.0,0.2962962962962963,0.9687812687612567,0.0,0.30739984664974424,0.4547076986266847
48201540503,Harris County,0.9348,4160,29.8599737,-95.6392541,10.666666666666666,"Morgans Point, TX",33.0,0.0,0.0,,0.5925925925925926,0.0,0.0,0.0,0.2962962962962963,0.935361216730038,0.0,0.4046053162213495,0.45440222997447965
48201222200,Harris County,0.9208,3044,29.8931361,-95.3251662,10.666666666666666,"Morgans Point, TX",25.0,0.0,0.0,,0.691358024691358,0.0,0.0,0.0,0.34567901234567894,0.9213528116870122,0.0,0.22440131255195983,0.4544015303168552
48201322600,Harris County,0.7996,5020,29.6986487,-95.1560466,10.666666666666666,"Morgans Point, TX",12.0,0.0,0.0,,0.8518518518518519,0.0,0.0,0.0,0.425925925925926,0.8000800480288173,0.0,0.2202473119860045,0.4537154122739123
48201530101,Harris County,0.9419,3835,29.8162125,-95.4554528,10.666666666666666,"Morgans Point, TX",26.0,0.0,0.0,,0.6790123456790124,0.0,0.0,0.0,0.3395061728395062,0.9424654792875725,0.0,0.17822562746322984,0.45333998431037253
48201240600,Harris County,0.975,3582,29.9583819,-95.4082234,10.666666666666666,"Morgans Point, TX",35.0,0.0,0.0,,0.5679012345679013,0.0,0.0,0.0,0.28395061728395066,0.9755853512107264,0.0,0.32794829107489054,0.4532482122484847
48201452801,Harris County,0.9016,5614,29.6961359,-95.6094894,10.666666666666666,"Morgans Point, TX",27.0,0.0,0.0,,0.6666666666666667,0.0,0.0,0.0,0.33333333333333337,0.9021412847708625,0.0,0.32568910920289096,0.45321129635154783
48201452900,Harris County,0.8881,4832,29.6969118,-95.5923358,10.666666666666666,"Morgans Point, TX",25.0,0.0,0.0,,0.691358024691358,0.0,0.0,0.0,0.34567901234567894,0.8886331799079448,0.0,0.3043679927782417,0.4525823088057631
48201222402,Harris County,0.9407,6678,29.9111893,-95.3889139,10.666666666666666,"Morgans Point, TX",29.0,0.0,0.0,,0.6419753086419753,0.0,0.0,0.0,0.32098765432098764,0.9412647588553132,0.0,0.2564854444257836,0.45247241654361675
48201532200,Harris County,0.9252,3794,29.8569939,-95.4844214,10.666666666666666,"Morgans Point, TX",27.0,0.0,0.0,,0.6666666666666667,0.0,0.0,0.0,0.33333333333333337,0.9257554532719633,0.0,0.24470856887043374,0.45219749286863237
48201453502,Harris County,0.9278,3592,29.671394,-95.5990545,10.666666666666666,"Morgans Point, TX",30.0,0.0,0.0,,0.6296296296296297,0.0,0.0,0.0,0.3148148148148148,0.9283570142085251,0.0,0.31971553932067015,0.4521453248612912
48201431102,Harris County,0.9325,4309,29.7414554,-95.5283396,10.666666666666666,"Morgans Point, TX",27.0,0.0,0.0,,0.6666666666666667,0.0,0.0,0.0,0.33333333333333337,0.933059835901541,0.0,0.22217980596491965,0.4521359313669543
48201520302,Harris County,0.9805,2624,29.7987278,-95.4802566,10.666666666666666,"Morgans Point, TX",31.0,0.0,0.0,,0.617283950617284,0.0,0.0,0.0,0.308641975308642,0.9810886531919152,0.0,0.18870881670753958,0.4520863665172174
48201233501,Harris County,0.8054,3800,29.7646709,-95.2330995,10.666666666666666,"Morgans Point, TX",10.0,0.0,0.0,,0.8765432098765432,0.0,0.0,0.0,0.4382716049382716,0.8058835301180709,0.0,0.13025532770878087,0.45201281402852156
48201421206,Harris County,0.9104,2306,29.7182163,-95.4869012,10.666666666666666,"Morgans Point, TX",23.0,0.0,0.0,,0.7160493827160495,0.0,0.0,0.0,0.3580246913580247,0.9109465679407645,0.0,0.17036425010592074,0.45143150650393254
48201220400,Harris County,0.9202,4895,29.831578,-95.3663222,10.666666666666666,"Morgans Point, TX",23.0,0.0,0.0,,0.7160493827160495,0.0,0.0,0.0,0.3580246913580247,0.9207524514708826,0.0,0.13889795661750834,0.4512266422141268
48201232201,Harris County,0.8813,7323,29.9281658,-95.2897233,10.666666666666666,"Morgans Point, TX",24.0,0.0,0.0,,0.7037037037037037,0.0,0.0,0.0,0.35185185185185186,0.881829097458475,0.0,0.2807004615827871,0.4509521087291546
48201433506,Harris County,0.8871,2202,29.6794797,-95.5541748,10.666666666666666,"Morgans Point, TX",24.0,0.0,0.0,,0.7037037037037037,0.0,0.0,0.0,0.35185185185185186,0.8876325795477287,0.0,0.26265586058437407,0.4508886932560894
48201333302,Harris County,0.8303,3248,29.6374862,-95.2594602,10.666666666666666,"Morgans Point, TX",14.0,0.0,0.0,,0.8271604938271605,0.0,0.0,0.0,0.41358024691358025,0.8307984790874525,0.0,0.15140449478590673,0.45049110431593753
48201311100,Harris County,0.8348,4732,29.7332048,-95.2862683,10.666666666666666,"Morgans Point, TX",11.0,0.0,0.0,,0.8641975308641976,0.0,0.0,0.0,0.4320987654320988,0.8353011807084251,0.0,0.054514457803475115,0.4504862444373195
48201521201,Harris County,0.9647,1962,29.8070095,-95.5037111,10.666666666666666,"Morgans Point, TX",31.0,0.0,0.0,,0.617283950617284,0.0,0.0,0.0,0.308641975308642,0.9652791675005004,0.0,0.21996687694904593,0.4504693268339436
48201233703,Harris County,0.7795,3037,29.743492,-95.2215425,10.666666666666666,"Morgans Point, TX",8.0,0.0,0.0,,0.9012345679012346,0.0,0.0,0.0,0.4506172839506173,0.7799679807884731,0.0,0.1363726669299049,0.4504054387073102
48201432706,Harris County,0.9042,1596,29.7291733,-95.4937956,10.666666666666666,"Morgans Point, TX",23.0,0.0,0.0,,0.7160493827160495,0.0,0.0,0.0,0.3580246913580247,0.9047428457074245,0.0,0.17839334671457555,0.45037329949479604
48201320202,Harris County,0.8136,3317,29.689568,-95.2711577,10.666666666666666,"Morgans Point, TX",10.0,0.0,0.0,,0.8765432098765432,0.0,0.0,0.0,0.4382716049382716,0.8140884530718432,0.0,0.08924249588112293,0.45037300773188743
48201453002,Harris County,0.8946,5690,29.696659,-95.580959,10.666666666666666,"Morgans Point, TX",26.0,0.0,0.0,,0.6790123456790124,0.0,0.0,0.0,0.3395061728395062,0.8951370822493496,0.0,0.2903966086717158,0.45035856331975427
48201454100,Harris County,0.8836,3761,29.7046309,-95.6531591,10.666666666666666,"Morgans Point, TX",28.0,0.0,0.0,,0.654320987654321,0.0,0.0,0.0,0.3271604938271605,0.8841304782869722,0.0,0.3784088415944661,0.4503022498677606
48201222000,Harris County,0.889,2349,29.8680795,-95.336921,10.666666666666666,"Morgans Point, TX",22.0,0.0,0.0,,0.7283950617283951,0.0,0.0,0.0,0.3641975308641975,0.8895337202321394,0.0,0.1877641830630398,0.4495254232648347
48201532004,Harris County,0.9423,4803,29.8498715,-95.4657071,10.666666666666666,"Morgans Point, TX",29.0,0.0,0.0,,0.6419753086419753,0.0,0.0,0.0,0.32098765432098764,0.9428657194316591,0.0,0.2213454471389209,0.4494387049878342
48201240504,Harris County,0.8755,3693,29.947808,-95.3935704,10.666666666666666,"Morgans Point, TX",25.0,0.0,0.0,,0.691358024691358,0.0,0.0,0.0,0.34567901234567894,0.8760256153692215,0.0,0.30902714681036103,0.4492659548473581
48201330302,Harris County,0.8952,5001,29.615549,-95.4760221,10.666666666666666,"Morgans Point, TX",24.0,0.0,0.0,,0.7037037037037037,0.0,0.0,0.0,0.35185185185185186,0.8957374424654794,0.0,0.22102628338052885,0.4491571944110301
48201313500,Harris County,0.8889,2331,29.6887139,-95.3478932,10.666666666666666,"Morgans Point, TX",17.0,0.0,0.0,,0.7901234567901234,0.0,0.0,0.0,0.3950617283950617,0.8894336601961177,0.0,0.04438924089357539,0.44904679992597063
48201420500,Harris County,0.8874,3529,29.6485884,-95.4713288,10.666666666666666,"Morgans Point, TX",22.0,0.0,0.0,,0.7283950617283951,0.0,0.0,0.0,0.3641975308641975,0.8879327596557934,0.0,0.1863683303509695,0.44890554982072384
48201311600,Harris County,0.8627,4312,29.7011087,-95.2861718,10.666666666666666,"Morgans Point, TX",15.0,0.0,0.0,,0.8148148148148149,0.0,0.0,0.0,0.40740740740740744,0.8632179307584551,0.0,0.06464144875654253,0.44876285743652417
48201533302,Harris County,0.9467,3657,29.8793086,-95.4249141,10.666666666666666,"Morgans Point, TX",30.0,0.0,0.0,,0.6296296296296297,0.0,0.0,0.0,0.3148148148148148,0.94726836101661,0.0,0.22813716833241449,0.4486608918048911
48201451005,Harris County,0.9108,2393,29.7399119,-95.5741083,10.666666666666666,"Morgans Point, TX",28.0,0.0,0.0,,0.654320987654321,0.0,0.0,0.0,0.3271604938271605,0.911346808084851,0.0,0.2789041828952213,0.4485166829371996
48201231300,Harris County,0.8738,4891,29.8582183,-95.2726329,10.666666666666666,"Morgans Point, TX",21.0,0.0,0.0,,0.7407407407407407,0.0,0.0,0.0,0.37037037037037035,0.8743245947568542,0.0,0.19163853404986744,0.4481278984987096
48201333903,Harris County,0.8108,3554,29.6217835,-95.237683,10.666666666666666,"Morgans Point, TX",14.0,0.0,0.0,,0.8271604938271605,0.0,0.0,0.0,0.41358024691358025,0.811286772063238,0.0,0.18598058673908222,0.44809520140399073
48201340900,Harris County,0.7243,5198,29.5706592,-95.1599779,10.666666666666666,"Morgans Point, TX",9.0,0.0,0.0,,0.8888888888888888,0.0,0.0,0.0,0.4444444444444444,0.7247348409045428,0.0,0.3055824851722612,0.4479787007885889
48201323701,Harris County,0.8165,4440,29.6551252,-95.1769249,10.666666666666666,"Morgans Point, TX",16.0,0.0,0.0,,0.8024691358024691,0.0,0.0,0.0,0.4012345679012346,0.8169901941164699,0.0,0.21579815960903798,0.4472324297514003
48201252400,Harris County,0.7884,6197,29.7816516,-95.1428602,10.666666666666666,"Morgans Point, TX",14.0,0.0,0.0,,0.8271604938271605,0.0,0.0,0.0,0.41358024691358025,0.7888733239943967,0.0,0.244408936308984,0.4472140019403285
48201240101,Harris County,0.935,2462,29.9427937,-95.3917008,10.666666666666666,"Morgans Point, TX",32.0,0.0,0.0,,0.6049382716049383,0.0,0.0,0.0,0.30246913580246915,0.9355613368020813,0.0,0.30151024566150464,0.446930536717886
48201421401,Harris County,0.91,3895,29.714443,-95.492511,10.666666666666666,"Morgans Point, TX",25.0,0.0,0.0,,0.691358024691358,0.0,0.0,0.0,0.34567901234567894,0.9105463277966781,0.0,0.17781752929443714,0.4465012068240026
48201331700,Harris County,0.8493,4134,29.6434456,-95.3322419,10.666666666666666,"Morgans Point, TX",16.0,0.0,0.0,,0.8024691358024691,0.0,0.0,0.0,0.4012345679012346,0.849809885931559,0.0,0.10890978081731875,0.4463894994167551
48201252602,Harris County,0.8633,3808,29.8422106,-95.1122938,10.666666666666666,"Morgans Point, TX",25.0,0.0,0.0,,0.691358024691358,0.0,0.0,0.0,0.34567901234567894,0.8638182909745847,0.0,0.314484063687583,0.44614944921668925
48201332300,Harris County,0.8681,2922,29.6665605,-95.3233636,10.666666666666666,"Morgans Point, TX",17.0,0.0,0.0,,0.7901234567901234,0.0,0.0,0.0,0.3950617283950617,0.8686211727036222,0.0,0.077795955727288,0.4461437251615932
48201422406,Harris County,0.8877,2752,29.6620002,-95.5040573,10.666666666666666,"Morgans Point, TX",24.0,0.0,0.0,,0.7037037037037037,0.0,0.0,0.0,0.35185185185185186,0.8882329397638584,0.0,0.21220741559751793,0.44602395682224266
48201231600,Harris County,0.8972,3377,29.8617444,-95.3074845,10.666666666666666,"Morgans Point, TX",24.0,0.0,0.0,,0.7037037037037037,0.0,0.0,0.0,0.35185185185185186,0.8977386431859116,0.0,0.18290428156876976,0.4459453544459838
48201253900,Harris County,0.6818,3808,29.7529642,-94.9334749,10.666666666666666,"Morgans Point, TX",12.0,0.0,0.0,,0.8518518518518519,0.0,0.0,0.0,0.425925925925926,0.6822093255953572,0.0,0.4947832558036523,0.4458077899256391
48201433201,Harris County,0.8925,4241,29.6983882,-95.5483849,10.666666666666666,"Morgans Point, TX",26.0,0.0,0.0,,0.6790123456790124,0.0,0.0,0.0,0.3395061728395062,0.8930358214928957,0.0,0.24991841074117618,0.4456803652997641
48201532700,Harris County,0.8878,5685,29.8765275,-95.4814196,10.666666666666666,"Morgans Point, TX",26.0,0.0,0.0,,0.6790123456790124,0.0,0.0,0.0,0.3395061728395062,0.88833299979988,0.0,0.26308363352807784,0.44558604107054955
48201331300,Harris County,0.8353,4062,29.6465413,-95.3784722,10.666666666666666,"Morgans Point, TX",15.0,0.0,0.0,,0.8148148148148149,0.0,0.0,0.0,0.40740740740740744,0.8358014808885332,0.0,0.11343349408842478,0.44541712700873576
48201433602,Harris County,0.9242,4219,29.6729653,-95.5525108,10.666666666666666,"Morgans Point, TX",30.0,0.0,0.0,,0.6296296296296297,0.0,0.0,0.0,0.3148148148148148,0.9247548529117471,0.0,0.2631909596672596,0.4454122185069167
48201533902,Harris County,0.9817,5161,29.9303913,-95.5011574,10.666666666666666,"Morgans Point, TX",39.0,0.0,0.0,,0.5185185185185186,0.0,0.0,0.0,0.2592592592592593,0.9822893736241746,0.0,0.33957072557387474,0.4453105513113065
48201321800,Harris County,0.8201,4402,29.6876863,-95.2376936,10.666666666666666,"Morgans Point, TX",14.0,0.0,0.0,,0.8271604938271605,0.0,0.0,0.0,0.41358024691358025,0.820592355413248,0.0,0.12723831952999382,0.4450126496880849
48201530600,Harris County,0.9031,2812,29.8313304,-95.405205,10.666666666666666,"Morgans Point, TX",24.0,0.0,0.0,,0.7037037037037037,0.0,0.0,0.0,0.35185185185185186,0.9036421853111868,0.0,0.15571802189256548,0.4449977911159459
48201221900,Harris County,0.8669,5231,29.8818677,-95.3491038,10.666666666666666,"Morgans Point, TX",22.0,0.0,0.0,,0.7283950617283951,0.0,0.0,0.0,0.3641975308641975,0.8674204522713629,0.0,0.20778396893473244,0.444893421463771
48201211600,Harris County,0.8736,2945,29.7809192,-95.3115924,10.666666666666666,"Morgans Point, TX",18.0,0.0,0.0,,0.7777777777777778,0.0,0.0,0.0,0.3888888888888889,0.8741244746848109,0.0,0.07063487867873589,0.4443008302733169
48201230400,Harris County,0.906,3923,29.8305873,-95.325201,10.666666666666666,"Morgans Point, TX",24.0,0.0,0.0,,0.7037037037037037,0.0,0.0,0.0,0.35185185185185186,0.9065439263558136,0.0,0.13511662544240757,0.44380817378431814
48201333204,Harris County,0.865,2219,29.6596818,-95.2745514,10.666666666666666,"Morgans Point, TX",19.0,0.0,0.0,,0.7654320987654322,0.0,0.0,0.0,0.38271604938271614,0.8655193115869522,0.0,0.11478920714409539,0.44335693641271745
48201231800,Harris County,0.9089,3132,29.8763695,-95.3077825,10.666666666666666,"Morgans Point, TX",27.0,0.0,0.0,,0.6666666666666667,0.0,0.0,0.0,0.33333333333333337,0.9094456674004403,0.0,0.20340058861744909,0.443173759081877
48201534203,Harris County,0.9081,2271,29.8730007,-95.5368807,10.666666666666666,"Morgans Point, TX",31.0,0.0,0.0,,0.617283950617284,0.0,0.0,0.0,0.308641975308642,0.9086451871122674,0.0,0.3081559454744229,0.44229803957001146
48201221701,Harris County,0.9029,5488,29.8768807,-95.3797448,10.666666666666666,"Morgans Point, TX",27.0,0.0,0.0,,0.6666666666666667,0.0,0.0,0.0,0.33333333333333337,0.9034420652391436,0.0,0.20596651875041017,0.4416292714467841
48201211302,Harris County,0.8583,2704,29.7781578,-95.3230968,10.666666666666666,"Morgans Point, TX",17.0,0.0,0.0,,0.7901234567901234,0.0,0.0,0.0,0.3950617283950617,0.8588152891735041,0.0,0.06181202369133271,0.44160356689896224
48201433400,Harris County,0.8612,4462,29.6846053,-95.5409273,10.666666666666666,"Morgans Point, TX",24.0,0.0,0.0,,0.7037037037037037,0.0,0.0,0.0,0.35185185185185186,0.8617170302181308,0.0,0.24483600141639508,0.44133204254041214
48201231900,Harris County,0.9064,6511,29.8790854,-95.2745726,10.666666666666666,"Morgans Point, TX",28.0,0.0,0.0,,0.654320987654321,0.0,0.0,0.0,0.3271604938271605,0.9069441664999,0.0,0.21839000238754425,0.44114447241094656
48201551102,Harris County,0.9192,6574,29.9697605,-95.4768191,10.666666666666666,"Morgans Point, TX",35.0,0.0,0.0,,0.5679012345679013,0.0,0.0,0.0,0.28395061728395066,0.9197518511106665,0.0,0.37304718854124413,0.4410080519651021
48201231700,Harris County,0.8649,4588,29.8761202,-95.3198604,10.666666666666666,"Morgans Point, TX",23.0,0.0,0.0,,0.7160493827160495,0.0,0.0,0.0,0.3580246913580247,0.8654192515509306,0.0,0.20075608182013482,0.4408124947584038
48201232404,Harris County,0.7919,3854,29.8332625,-95.192846,10.666666666666666,"Morgans Point, TX",16.0,0.0,0.0,,0.8024691358024691,0.0,0.0,0.0,0.4012345679012346,0.7923754252551531,0.0,0.22442742641871793,0.44071092577397325
48201452402,Harris County,0.8814,3896,29.7084956,-95.5807871,10.666666666666666,"Morgans Point, TX",28.0,0.0,0.0,,0.654320987654321,0.0,0.0,0.0,0.3271604938271605,0.8819291574944967,0.0,0.28810564212889167,0.4406115336834604
48201321401,Harris County,0.7868,3991,29.665939,-95.2270082,10.666666666666666,"Morgans Point, TX",13.0,0.0,0.0,,0.8395061728395061,0.0,0.0,0.0,0.41975308641975306,0.787272363418051,0.0,0.15386059242681596,0.44045665715698573
48201211900,Harris County,0.8571,5157,29.783817,-95.2995098,10.666666666666666,"Morgans Point, TX",18.0,0.0,0.0,,0.7777777777777778,0.0,0.0,0.0,0.3888888888888889,0.8576145687412448,0.0,0.08154199652766253,0.4404385702751397
48201321600,Harris County,0.8045,6739,29.6772103,-95.2196252,10.666666666666666,"Morgans Point, TX",15.0,0.0,0.0,,0.8148148148148149,0.0,0.0,0.0,0.40740740740740744,0.8049829897938764,0.0,0.15401570316990038,0.44022980058848626
48201222501,Harris County,0.898,3233,29.9283143,-95.4058397,10.666666666666666,"Morgans Point, TX",30.0,0.0,0.0,,0.6296296296296297,0.0,0.0,0.0,0.3148148148148148,0.8985391234740845,0.0,0.2855383061827838,0.4397822343271704
48201330102,Harris County,0.8407,2608,29.6347678,-95.4165137,10.666666666666666,"Morgans Point, TX",19.0,0.0,0.0,,0.7654320987654322,0.0,0.0,0.0,0.38271604938271614,0.8412047228337003,0.0,0.1513197801928798,0.4397156170916204
48201432402,Harris County,0.8899,2821,29.7238351,-95.5519751,10.666666666666666,"Morgans Point, TX",28.0,0.0,0.0,,0.654320987654321,0.0,0.0,0.0,0.3271604938271605,0.8904342605563339,0.0,0.2509406554437618,0.4394465659334986
48201531800,Harris County,0.952,3122,29.8534594,-95.4363437,10.666666666666666,"Morgans Point, TX",33.0,0.0,0.0,,0.5925925925925926,0.0,0.0,0.0,0.2962962962962963,0.9525715429257554,0.0,0.20298571751886788,0.43940336796294666
48201342400,Harris County,0.7205,3599,29.6958294,-95.1477075,10.666666666666666,"Morgans Point, TX",9.0,0.0,0.0,,0.8888888888888888,0.0,0.0,0.0,0.4444444444444444,0.7209325595357214,0.0,0.23121039516974992,0.4394008073776914
48201222401,Harris County,0.8991,2937,29.9005904,-95.3964095,10.666666666666666,"Morgans Point, TX",29.0,0.0,0.0,,0.6419753086419753,0.0,0.0,0.0,0.32098765432098764,0.8996397838703223,0.0,0.24407830846649403,0.4387442104521905
48201421502,Harris County,0.8608,2806,29.7128292,-95.4785161,10.666666666666666,"Morgans Point, TX",22.0,0.0,0.0,,0.7283950617283951,0.0,0.0,0.0,0.3641975308641975,0.8613167900740445,0.0,0.1607641862870272,0.43836034453980494
48201222504,Harris County,0.8859,3571,29.9230752,-95.404839,10.666666666666666,"Morgans Point, TX",29.0,0.0,0.0,,0.6419753086419753,0.0,0.0,0.0,0.32098765432098764,0.8864318591154693,0.0,0.2779709737009195,0.43817109954917716
48201521402,Harris County,0.8914,3523,29.824482,-95.503472,10.666666666666666,"Morgans Point, TX",28.0,0.0,0.0,,0.654320987654321,0.0,0.0,0.0,0.3271604938271605,0.891935161096658,0.0,0.23285331068935303,0.43808810162015493
48201453800,Harris County,0.8766,3577,29.6712054,-95.6089906,10.666666666666666,"Morgans Point, TX",30.0,0.0,0.0,,0.6296296296296297,0.0,0.0,0.0,0.3148148148148148,0.8771262757654593,0.0,0.3317975265456017,0.43798430205086464
48201421301,Harris County,0.8802,3245,29.7087134,-95.4950115,10.666666666666666,"Morgans Point, TX",25.0,0.0,0.0,,0.691358024691358,0.0,0.0,0.0,0.34567901234567894,0.8807284370622374,0.0,0.18192680426768043,0.4379667671009948
48201533904,Harris County,0.9306,4488,29.9333063,-95.4897763,10.666666666666666,"Morgans Point, TX",36.0,0.0,0.0,,0.5555555555555556,0.0,0.0,0.0,0.2777777777777778,0.9311586952171303,0.0,0.3352442789336975,0.4378720364585088
48201550405,Harris County,0.9928,8482,29.9919402,-95.469782,10.666666666666666,"Morgans Point, TX",45.0,0.0,0.0,,0.4444444444444444,0.0,0.0,0.0,0.2222222222222222,0.9933960376225736,0.0,0.3983298459981022,0.43785179588658224
48201551602,Harris County,0.9471,5455,29.9281382,-95.5743279,10.666666666666666,"Morgans Point, TX",40.0,0.0,0.0,,0.5061728395061729,0.0,0.0,0.0,0.25308641975308643,0.9476686011606965,0.0,0.3959272764497002,0.4377821968820679
48201432302,Harris County,0.8682,1948,29.7308302,-95.5462955,10.666666666666666,"Morgans Point, TX",26.0,0.0,0.0,,0.6790123456790124,0.0,0.0,0.0,0.3395061728395062,0.8687212327396437,0.0,0.24381261065965296,0.4377754086656362
48201453702,Harris County,0.8531,4712,29.6832755,-95.599648,10.666666666666666,"Morgans Point, TX",27.0,0.0,0.0,,0.6666666666666667,0.0,0.0,0.0,0.33333333333333337,0.8536121673003803,0.0,0.31666661226306037,0.4377503114164201
48201333201,Harris County,0.8113,5065,29.6693964,-95.2699523,10.666666666666666,"Morgans Point, TX",15.0,0.0,0.0,,0.8148148148148149,0.0,0.0,0.0,0.40740740740740744,0.8117870722433461,0.0,0.10847396597782763,0.43771685160411994
48201432903,Harris County,0.8619,1959,29.709988,-95.5367366,10.666666666666666,"Morgans Point, TX",25.0,0.0,0.0,,0.691358024691358,0.0,0.0,0.0,0.34567901234567894,0.8624174504702822,0.0,0.23328425312069484,0.4376092160087096
48201532900,Harris County,0.8928,4722,29.892596,-95.4731807,10.666666666666666,"Morgans Point, TX",30.0,0.0,0.0,,0.6296296296296297,0.0,0.0,0.0,0.3148148148148148,0.8933360016009606,0.0,0.2752006148262798,0.4371875286295828
48201452602,Harris County,0.8236,3475,29.7081626,-95.6241896,10.666666666666666,"Morgans Point, TX",25.0,0.0,0.0,,0.691358024691358,0.0,0.0,0.0,0.34567901234567894,0.8240944566740044,0.0,0.3420143245560459,0.4369853250133614
48201453001,Harris County,0.8609,3237,29.6956307,-95.5735062,10.666666666666666,"Morgans Point, TX",27.0,0.0,0.0,,0.6666666666666667,0.0,0.0,0.0,0.33333333333333337,0.8614168501100661,0.0,0.2814496122102308,0.4365700162540429
48201433601,Harris County,0.8447,2556,29.6671512,-95.5557475,10.666666666666666,"Morgans Point, TX",25.0,0.0,0.0,,0.691358024691358,0.0,0.0,0.0,0.34567901234567894,0.8452071242745648,0.0,0.26953539713040675,0.43607123255096564
48201220702,Harris County,0.9004,3541,29.8274619,-95.3485071,10.666666666666666,"Morgans Point, TX",26.0,0.0,0.0,,0.6790123456790124,0.0,0.0,0.0,0.3395061728395062,0.9009405643386031,0.0,0.12983750425307639,0.43604369750466637
48201421204,Harris County,0.8666,3857,29.7214544,-95.4895197,10.666666666666666,"Morgans Point, TX",24.0,0.0,0.0,,0.7037037037037037,0.0,0.0,0.0,0.35185185185185186,0.867120272163298,0.0,0.17331636651007906,0.4358010516333306
48201533000,Harris County,0.8546,2450,29.8895099,-95.4617414,10.666666666666666,"Morgans Point, TX",26.0,0.0,0.0,,0.6790123456790124,0.0,0.0,0.0,0.3395061728395062,0.8551130678407045,0.0,0.2635486512514046,0.4356665632551296
48201252700,Harris County,0.712,4282,29.9167216,-95.0200269,10.666666666666666,"Morgans Point, TX",18.0,0.0,0.0,,0.7777777777777778,0.0,0.0,0.0,0.3888888888888889,0.7124274564738843,0.0,0.4685563453223474,0.43558387147440003
48201350101,Harris County,0.7215,5010,29.5697166,-95.2085991,10.666666666666666,"Morgans Point, TX",12.0,0.0,0.0,,0.8518518518518519,0.0,0.0,0.0,0.425925925925926,0.7219331598959376,0.0,0.2672703741951204,0.43497365205496
48201331900,Harris County,0.8369,3651,29.6626734,-95.3466946,10.666666666666666,"Morgans Point, TX",18.0,0.0,0.0,,0.7777777777777778,0.0,0.0,0.0,0.3888888888888889,0.837402441464879,0.0,0.08128112558592838,0.43434884499805654
48201321002,Harris County,0.7676,5279,29.6398866,-95.2257862,10.666666666666666,"Morgans Point, TX",14.0,0.0,0.0,,0.8271604938271605,0.0,0.0,0.0,0.41358024691358025,0.7680608365019012,0.0,0.17764748560407595,0.43429411062208906
48201221800,Harris County,0.876,4597,29.882525,-95.3610554,10.666666666666666,"Morgans Point, TX",27.0,0.0,0.0,,0.6666666666666667,0.0,0.0,0.0,0.33333333333333337,0.8765259155493297,0.0,0.20996860166234177,0.43395463483103314
48201310800,Harris County,0.798,2996,29.7299752,-95.3107949,10.666666666666666,"Morgans Point, TX",12.0,0.0,0.0,,0.8518518518518519,0.0,0.0,0.0,0.425925925925926,0.7984790874524715,0.0,0.02366647270240437,0.4335770401726486
48201212400,Harris County,0.7922,3198,29.7863474,-95.2850878,10.666666666666666,"Morgans Point, TX",14.0,0.0,0.0,,0.8271604938271605,0.0,0.0,0.0,0.41358024691358025,0.792675605363218,0.0,0.0950356837991361,0.43341736109999013
48201432005,Harris County,0.8659,3549,29.7347017,-95.4926459,10.666666666666666,"Morgans Point, TX",25.0,0.0,0.0,,0.691358024691358,0.0,0.0,0.0,0.34567901234567894,0.8664198519111467,0.0,0.17718255625820237,0.4331997667547198
48201311200,Harris County,0.819,4250,29.7189931,-95.2991593,10.666666666666666,"Morgans Point, TX",15.0,0.0,0.0,,0.8148148148148149,0.0,0.0,0.0,0.40740740740740744,0.8194916950170102,0.0,0.03973305944588141,0.4331541477830246
48201222900,Harris County,0.83,8047,29.9142916,-95.3450125,10.666666666666666,"Morgans Point, TX",24.0,0.0,0.0,,0.7037037037037037,0.0,0.0,0.0,0.35185185185185186,0.8304982989793877,0.0,0.2540828460497465,0.4328911076321243
48201452601,Harris County,0.8312,5799,29.7077035,-95.639154,10.666666666666666,"Morgans Point, TX",28.0,0.0,0.0,,0.654320987654321,0.0,0.0,0.0,0.3271604938271605,0.831699019411647,0.0,0.36065126799048663,0.432797054844765
48201220100,Harris County,0.8215,1571,29.8151628,-95.3434635,10.666666666666666,"Morgans Point, TX",18.0,0.0,0.0,,0.7777777777777778,0.0,0.0,0.0,0.3888888888888889,0.8219931959175506,0.0,0.11188354000183184,0.4327863127754484
48201221000,Harris County,0.8452,3827,29.8603325,-95.3448895,10.666666666666666,"Morgans Point, TX",23.0,0.0,0.0,,0.7160493827160495,0.0,0.0,0.0,0.3580246913580247,0.8457074244546728,0.0,0.17670244294622145,0.4324935827421351
48201232402,Harris County,0.7486,4753,29.8118411,-95.1879798,10.666666666666666,"Morgans Point, TX",14.0,0.0,0.0,,0.8271604938271605,0.0,0.0,0.0,0.41358024691358025,0.7490494296577948,0.0,0.2113129026621659,0.4319572302746661
48201432803,Harris County,0.8514,2743,29.715307,-95.5169058,10.666666666666666,"Morgans Point, TX",25.0,0.0,0.0,,0.691358024691358,0.0,0.0,0.0,0.34567901234567894,0.8519111466880129,0.0,0.20796057533028647,0.43192495709498807
48201333000,Harris County,0.8,3917,29.6815377,-95.2852604,10.666666666666666,"Morgans Point, TX",15.0,0.0,0.0,,0.8148148148148149,0.0,0.0,0.0,0.40740740740740744,0.8004802881729038,0.0,0.08265297933352586,0.43174271771855705
48201432301,Harris County,0.8684,3614,29.7324592,-95.5413274,10.666666666666666,"Morgans Point, TX",28.0,0.0,0.0,,0.654320987654321,0.0,0.0,0.0,0.3271604938271605,0.868921352811687,0.0,0.2376693666405983,0.4316655647297881
48201331100,Harris County,0.8404,3470,29.6749553,-95.3691233,10.666666666666666,"Morgans Point, TX",19.0,0.0,0.0,,0.7654320987654322,0.0,0.0,0.0,0.38271604938271614,0.8409045427256354,0.0,0.07141619249010528,0.43163520428892344
48201551101,Harris County,0.9151,4202,29.9871263,-95.4877052,10.666666666666666,"Morgans Point, TX",39.0,0.0,0.0,,0.5185185185185186,0.0,0.0,0.0,0.2592592592592593,0.9156493896337803,0.0,0.40137192160853286,0.4314986757176541
48201532102,Harris County,0.8857,3331,29.8493374,-95.4859978,10.666666666666666,"Morgans Point, TX",30.0,0.0,0.0,,0.6296296296296297,0.0,0.0,0.0,0.3148148148148148,0.8862317390434261,0.0,0.2383677785620288,0.4313729662358973
48201311002,Harris County,0.7824,3808,29.7445004,-95.2951074,10.666666666666666,"Morgans Point, TX",12.0,0.0,0.0,,0.8518518518518519,0.0,0.0,0.0,0.425925925925926,0.7828697218330999,0.0,0.04781420868302029,0.4313090040848987
48201341304,Harris County,0.6196,1484,29.5706318,-95.0924885,10.666666666666666,"Morgans Point, TX",6.0,0.0,0.0,,0.9259259259259259,0.0,0.0,0.0,0.46296296296296297,0.619971983189914,0.0,0.36960843474862287,0.4312857717651698
48201532003,Harris County,0.8578,4460,29.8607474,-95.4707212,10.666666666666666,"Morgans Point, TX",27.0,0.0,0.0,,0.6666666666666667,0.0,0.0,0.0,0.33333333333333337,0.8583149889933961,0.0,0.2371934826631607,0.4312138449643349
48201521702,Harris County,0.8517,2997,29.8450801,-95.5069575,10.666666666666666,"Morgans Point, TX",27.0,0.0,0.0,,0.6666666666666667,0.0,0.0,0.0,0.33333333333333337,0.8522113267960777,0.0,0.25394161678771543,0.4310575597175949
48201313802,Harris County,0.8786,2259,29.6881522,-95.3760594,10.666666666666666,"Morgans Point, TX",23.0,0.0,0.0,,0.7160493827160495,0.0,0.0,0.0,0.3580246913580247,0.8791274764858916,0.0,0.059757056324987304,0.43082505968937734
48201223001,Harris County,0.7836,4117,29.9164122,-95.3150362,10.666666666666666,"Morgans Point, TX",20.0,0.0,0.0,,0.7530864197530864,0.0,0.0,0.0,0.3765432098765432,0.7840704422653593,0.0,0.25885967210914546,0.4305515443349668
48201533301,Harris County,0.8997,2922,29.8722441,-95.418276,10.666666666666666,"Morgans Point, TX",31.0,0.0,0.0,,0.617283950617284,0.0,0.0,0.0,0.308641975308642,0.9002401440864519,0.0,0.2154306157097154,0.43050399368579606
48201232100,Harris County,0.8341,3918,29.9054154,-95.3072963,10.666666666666666,"Morgans Point, TX",25.0,0.0,0.0,,0.691358024691358,0.0,0.0,0.0,0.34567901234567894,0.8346007604562737,0.0,0.24454918106218798,0.43039070179865646
48201313300,Harris County,0.8066,2250,29.7045424,-95.3355622,10.666666666666666,"Morgans Point, TX",14.0,0.0,0.0,,0.8271604938271605,0.0,0.0,0.0,0.41358024691358025,0.8070842505503302,0.0,0.021347722295898538,0.43037115850580004
48201324200,Harris County,0.74,782,29.7152961,-95.2428809,10.666666666666666,"Morgans Point, TX",10.0,0.0,0.0,,0.8765432098765432,0.0,0.0,0.0,0.4382716049382716,0.740444266559936,0.0,0.10957621971940923,0.43031312416214396
48201232303,Harris County,0.8385,5298,29.9044075,-95.2151989,10.666666666666666,"Morgans Point, TX",27.0,0.0,0.0,,0.6666666666666667,0.0,0.0,0.0,0.33333333333333337,0.8390034020412248,0.0,0.2838370456896859,0.43008472518133606
48201550308,Harris County,0.8716,3316,29.9894493,-95.428432,10.666666666666666,"Morgans Point, TX",34.0,0.0,0.0,,0.5802469135802469,0.0,0.0,0.0,0.29012345679012347,0.8721232739643787,0.0,0.3775845114799918,0.42995098889286837
48201432904,Harris County,0.8385,3688,29.7107157,-95.5306045,10.666666666666666,"Morgans Point, TX",25.0,0.0,0.0,,0.691358024691358,0.0,0.0,0.0,0.34567901234567894,0.8390034020412248,0.0,0.2255765587661974,0.4298142320445427
48201312800,Harris County,0.8719,3291,29.7219583,-95.3579408,10.666666666666666,"Morgans Point, TX",21.0,0.0,0.0,,0.7407407407407407,0.0,0.0,0.0,0.37037037037037035,0.8724234540724435,0.0,0.01087152260333127,0.42948085514873285
48201222800,Harris County,0.8228,4350,29.9234175,-95.3657928,10.666666666666666,"Morgans Point, TX",25.0,0.0,0.0,,0.691358024691358,0.0,0.0,0.0,0.34567901234567894,0.8232939763858315,0.0,0.2689166667299037,0.4294354151442953
48201332100,Harris County,0.8006,3102,29.6803818,-95.344385,10.666666666666666,"Morgans Point, TX",15.0,0.0,0.0,,0.8148148148148149,0.0,0.0,0.0,0.40740740740740744,0.8010806483890335,0.0,0.05572823502806537,0.4292303513528499
48201230500,Harris County,0.8397,4078,29.8484539,-95.3283761,10.666666666666666,"Morgans Point, TX",23.0,0.0,0.0,,0.7160493827160495,0.0,0.0,0.0,0.3580246913580247,0.8402041224734841,0.0,0.1601930739401505,0.4291916552471714
48201531900,Harris County,0.9319,5624,29.8529494,-95.4499189,10.666666666666666,"Morgans Point, TX",35.0,0.0,0.0,,0.5679012345679013,0.0,0.0,0.0,0.28395061728395066,0.9324594756854112,0.0,0.21221205970576168,0.42873682645397737
48201313400,Harris County,0.8053,4158,29.694189,-95.3381856,10.666666666666666,"Morgans Point, TX",15.0,0.0,0.0,,0.8148148148148149,0.0,0.0,0.0,0.40740740740740744,0.8057834700820493,0.0,0.03578134568322388,0.42864650892627054
48201432704,Harris County,0.8179,1711,29.7288877,-95.4822382,10.666666666666666,"Morgans Point, TX",21.0,0.0,0.0,,0.7407407407407407,0.0,0.0,0.0,0.37037037037037035,0.8183910346207725,0.0,0.16399427507902486,0.42858340456080085
48201522002,Harris County,0.8849,2825,29.8263308,-95.5307746,10.666666666666666,"Morgans Point, TX",32.0,0.0,0.0,,0.6049382716049383,0.0,0.0,0.0,0.30246913580246915,0.8854312587552532,0.0,0.2629773372818256,0.42803822246586964
48201212300,Harris County,0.8327,4554,29.7747755,-95.3550489,10.666666666666666,"Morgans Point, TX",19.0,0.0,0.0,,0.7654320987654322,0.0,0.0,0.0,0.38271604938271614,0.8331999199519712,0.0,0.05640516021533629,0.42782271422934726
48201550500,Harris County,0.8691,7011,29.9526294,-95.4466086,10.666666666666666,"Morgans Point, TX",33.0,0.0,0.0,,0.5925925925925926,0.0,0.0,0.0,0.2962962962962963,0.8696217730638384,0.0,0.3351890633812237,0.42773877159060725
48201233701,Harris County,0.7234,4363,29.7357783,-95.2467911,10.666666666666666,"Morgans Point, TX",9.0,0.0,0.0,,0.8888888888888888,0.0,0.0,0.0,0.4444444444444444,0.7238343005803483,0.0,0.10381129265136675,0.4275314194392411
48201311900,Harris County,0.8174,1653,29.7170693,-95.3251747,10.666666666666666,"Morgans Point, TX",16.0,0.0,0.0,,0.8024691358024691,0.0,0.0,0.0,0.4012345679012346,0.8178907344406644,0.0,0.011515491666306254,0.4270743250543855
48201333801,Harris County,0.7873,5064,29.6177853,-95.2911513,10.666666666666666,"Morgans Point, TX",18.0,0.0,0.0,,0.7777777777777778,0.0,0.0,0.0,0.3888888888888889,0.7877726635981589,0.0,0.1566923019261768,0.42700102927206535
48201552603,Harris County,0.9037,5096,29.9608453,-95.5571827,10.666666666666666,"Morgans Point, TX",40.0,0.0,0.0,,0.5061728395061729,0.0,0.0,0.0,0.25308641975308643,0.9042425455273164,0.0,0.416346021444181,0.4267962546915019
48201423001,Harris County,0.7977,3253,29.685675,-95.509302,10.666666666666666,"Morgans Point, TX",21.0,0.0,0.0,,0.7407407407407407,0.0,0.0,0.0,0.37037037037037035,0.7981789073444067,0.0,0.206381271508426,0.4267584660208313
48201222502,Harris County,0.818,3719,29.9253365,-95.3885504,10.666666666666666,"Morgans Point, TX",26.0,0.0,0.0,,0.6790123456790124,0.0,0.0,0.0,0.3395061728395062,0.818491094656794,0.0,0.27619883744170154,0.4259449899189861
48201453201,Harris County,0.8291,4248,29.6874517,-95.5629416,10.666666666666666,"Morgans Point, TX",27.0,0.0,0.0,,0.6666666666666667,0.0,0.0,0.0,0.33333333333333337,0.8295977586551931,0.0,0.2706530522763578,0.42594463282419376
48201423304,Harris County,0.8111,3557,29.6607543,-95.5203499,10.666666666666666,"Morgans Point, TX",24.0,0.0,0.0,,0.7037037037037037,0.0,0.0,0.0,0.35185185185185186,0.8115869521713028,0.0,0.23147202971875022,0.4249566219565992
48201421602,Harris County,0.8221,3350,29.7021226,-95.4804176,10.666666666666666,"Morgans Point, TX",23.0,0.0,0.0,,0.7160493827160495,0.0,0.0,0.0,0.3580246913580247,0.8225935561336803,0.0,0.16569121264627867,0.4244582992158431
48201321302,Harris County,0.7217,2148,29.6447146,-95.2117152,10.666666666666666,"Morgans Point, TX",13.0,0.0,0.0,,0.8395061728395061,0.0,0.0,0.0,0.41975308641975306,0.7221332799679808,0.0,0.18686414244861507,0.42421528712414464
48201231400,Harris County,0.7837,2973,29.8637479,-95.2870796,10.666666666666666,"Morgans Point, TX",20.0,0.0,0.0,,0.7530864197530864,0.0,0.0,0.0,0.3765432098765432,0.7841705023013809,0.0,0.1924252703606539,0.4239381221709241
48201322701,Harris County,0.73,2401,29.6950477,-95.1662502,10.666666666666666,"Morgans Point, TX",15.0,0.0,0.0,,0.8148148148148149,0.0,0.0,0.0,0.40740740740740744,0.7304382629577747,0.0,0.20881004517133714,0.4233458167377995
48201333700,Harris County,0.7628,3620,29.6312779,-95.2926173,10.666666666666666,"Morgans Point, TX",16.0,0.0,0.0,,0.8024691358024691,0.0,0.0,0.0,0.4012345679012346,0.7632579547728637,0.0,0.13806696461978715,0.4233396384493934
48201312300,Harris County,0.8309,2333,29.7378633,-95.3604134,10.666666666666666,"Morgans Point, TX",19.0,0.0,0.0,,0.7654320987654322,0.0,0.0,0.0,0.38271604938271614,0.8313988393035822,0.0,0.015824399084717285,0.4232243139217686
48201421103,Harris County,0.8004,1511,29.7182901,-95.4806352,10.666666666666666,"Morgans Point, TX",21.0,0.0,0.0,,0.7407407407407407,0.0,0.0,0.0,0.37037037037037035,0.8008805283169902,0.0,0.16257440995463004,0.4231882661572267
48201550201,Harris County,0.8072,1715,29.9602099,-95.4216347,10.666666666666666,"Morgans Point, TX",28.0,0.0,0.0,,0.654320987654321,0.0,0.0,0.0,0.3271604938271605,0.8076846107664599,0.0,0.3349792399830256,0.42302552945046273
48201232802,Harris County,0.741,2822,29.7851888,-95.2076883,10.666666666666666,"Morgans Point, TX",15.0,0.0,0.0,,0.8148148148148149,0.0,0.0,0.0,0.40740740740740744,0.7414448669201521,0.0,0.1711407134691715,0.4228808647562961
48201521701,Harris County,0.8496,5219,29.8582185,-95.5307509,10.666666666666666,"Morgans Point, TX",31.0,0.0,0.0,,0.617283950617284,0.0,0.0,0.0,0.308641975308642,0.8501100660396238,0.0,0.2888414466744932,0.42280605336822535
48201334102,Harris County,0.8031,6550,29.6473393,-95.4314349,10.666666666666666,"Morgans Point, TX",21.0,0.0,0.0,,0.7407407407407407,0.0,0.0,0.0,0.37037037037037035,0.8035821492895738,0.0,0.14941356764508937,0.4226826682180477
48201552501,Harris County,0.9347,5407,29.9454743,-95.5802668,10.666666666666666,"Morgans Point, TX",45.0,0.0,0.0,,0.4444444444444444,0.0,0.0,0.0,0.2222222222222222,0.9352611566940164,0.0,0.4188042246397841,0.4224587694721833
48201250602,Harris County,0.8249,5222,29.9888377,-95.2342099,10.666666666666666,"Morgans Point, TX",32.0,0.0,0.0,,0.6049382716049383,0.0,0.0,0.0,0.30246913580246915,0.8253952371422854,0.0,0.3834975739732764,0.4220794396511244
48201520604,Harris County,0.8726,3057,29.806917,-95.4950326,10.666666666666666,"Morgans Point, TX",31.0,0.0,0.0,,0.617283950617284,0.0,0.0,0.0,0.308641975308642,0.8731238743245948,0.0,0.21051439142483294,0.42187749032875066
48201521800,Harris County,0.8596,4975,29.8526013,-95.5497025,10.666666666666666,"Morgans Point, TX",33.0,0.0,0.0,,0.5925925925925926,0.0,0.0,0.0,0.2962962962962963,0.8601160696417851,0.0,0.30310496295414335,0.4216786505212832
48201210900,Harris County,0.7988,1676,29.8041585,-95.3312426,10.666666666666666,"Morgans Point, TX",19.0,0.0,0.0,,0.7654320987654322,0.0,0.0,0.0,0.38271604938271614,0.7992795677406443,0.0,0.09659339883243906,0.42166543242765947
48201341700,Harris County,0.569,3205,29.6232275,-95.0105383,10.666666666666666,"Morgans Point, TX",6.0,0.0,0.0,,0.9259259259259259,0.0,0.0,0.0,0.46296296296296297,0.5693416049629778,0.0,0.4245186556368852,0.4215876803859152
48201550603,Harris County,0.8693,5475,29.9578566,-95.4713104,10.666666666666666,"Morgans Point, TX",36.0,0.0,0.0,,0.5555555555555556,0.0,0.0,0.0,0.2777777777777778,0.8698218931358815,0.0,0.3547048692080202,0.42141705486156644
48201312901,Harris County,0.7968,2232,29.7141893,-95.35729,10.666666666666666,"Morgans Point, TX",16.0,0.0,0.0,,0.8024691358024691,0.0,0.0,0.0,0.4012345679012346,0.7972783670202122,0.0,0.016272068268268505,0.4213662724884461
48167725500,Galveston County,0.1906,1055,29.2753211,-94.8191357,18.0,"Galveston Pier 21, TX",8.0,0.0,0.0,,0.9012345679012346,0.3142857142857143,0.0,0.0,0.6077601410934744,0.19071442865719432,0.0,0.9062840952297342,0.4213348016121952
48201330700,Harris County,0.7763,9562,29.5978578,-95.4428953,10.666666666666666,"Morgans Point, TX",21.0,0.0,0.0,,0.7407407407407407,0.0,0.0,0.0,0.37037037037037035,0.7767660596357815,0.0,0.21357101560682154,0.42105358611808325
48201240503,Harris County,0.7807,2882,29.9497216,-95.3889544,10.666666666666666,"Morgans Point, TX",25.0,0.0,0.0,,0.691358024691358,0.0,0.0,0.0,0.34567901234567894,0.7811687012207325,0.0,0.3105865956975706,0.42096482549153236
48201550901,Harris County,0.8559,5986,29.9512831,-95.4937683,10.666666666666666,"Morgans Point, TX",35.0,0.0,0.0,,0.5679012345679013,0.0,0.0,0.0,0.28395061728395066,0.8564138483089854,0.0,0.3598070040927292,0.42068263267974637
48201421302,Harris County,0.8101,5915,29.7092106,-95.5026659,10.666666666666666,"Morgans Point, TX",24.0,0.0,0.0,,0.7037037037037037,0.0,0.0,0.0,0.35185185185185186,0.8105863518110867,0.0,0.19127262501791895,0.42063650137845127
48201343602,Harris County,0.5874,2776,29.6647108,-95.0073802,10.666666666666666,"Morgans Point, TX",8.0,0.0,0.0,,0.9012345679012346,0.0,0.0,0.0,0.4506172839506173,0.5877526515909546,0.0,0.4115339020268812,0.4202569634577523
48201432101,Harris County,0.8214,2951,29.7333477,-95.517431,10.666666666666666,"Morgans Point, TX",26.0,0.0,0.0,,0.6790123456790124,0.0,0.0,0.0,0.3395061728395062,0.821893135881529,0.0,0.20795110937580263,0.42014082947981674
48201253300,Harris County,0.5572,3883,29.7672653,-95.0427303,10.666666666666666,"Morgans Point, TX",3.0,0.0,0.0,,0.962962962962963,0.0,0.0,0.0,0.4814814814814815,0.5575345207124275,0.0,0.3616515983714748,0.4200921827175424
48201250202,Harris County,0.7684,2328,29.9451501,-95.2714963,10.666666666666666,"Morgans Point, TX",24.0,0.0,0.0,,0.7037037037037037,0.0,0.0,0.0,0.35185185185185186,0.7688613167900741,0.0,0.30979190124765354,0.4199709184951209
48201233300,Harris County,0.7416,4750,29.7542552,-95.2006244,10.666666666666666,"Morgans Point, TX",16.0,0.0,0.0,,0.8024691358024691,0.0,0.0,0.0,0.4012345679012346,0.7420452271362818,0.0,0.16477722599589817,0.4196468462960299
48167726102,Galveston County,0.1182,1351,29.1603748,-95.0432919,18.0,"Galveston Pier 21, TX",0.0,0.0,0.0,,1.0,0.3142857142857143,0.0,0.0,0.657142857142857,0.11827096257754653,0.0,0.8819188001668505,0.41938745450423465
48201230800,Harris County,0.7788,2136,29.8398272,-95.2937237,10.666666666666666,"Morgans Point, TX",20.0,0.0,0.0,,0.7530864197530864,0.0,0.0,0.0,0.3765432098765432,0.7792675605363218,0.0,0.15730695725544733,0.41895540833088574
48201452002,Harris County,0.8007,3282,29.7314304,-95.6023918,10.666666666666666,"Morgans Point, TX",28.0,0.0,0.0,,0.654320987654321,0.0,0.0,0.0,0.3271604938271605,0.8011807084250551,0.0,0.3136943852068019,0.41894587327041893
48201332700,Harris County,0.7359,2528,29.6850652,-95.3137973,10.666666666666666,"Morgans Point, TX",12.0,0.0,0.0,,0.8518518518518519,0.0,0.0,0.0,0.425925925925926,0.7363418050830499,0.0,0.05699048557328507,0.4182682567489102
48201310600,Harris County,0.7616,4547,29.732539,-95.3248198,10.666666666666666,"Morgans Point, TX",13.0,0.0,0.0,,0.8395061728395061,0.0,0.0,0.0,0.41975308641975306,0.7620572343406045,0.0,0.0071121770963559015,0.4182172769007058
48201553202,Harris County,0.8107,4174,30.0318213,-95.4458248,10.666666666666666,"Morgans Point, TX",34.0,0.0,0.0,,0.5802469135802469,0.0,0.0,0.0,0.29012345679012347,0.8111867120272164,0.0,0.4420051170938083,0.4181120808731013
48201220200,Harris County,0.8067,2313,29.8165562,-95.3649369,10.666666666666666,"Morgans Point, TX",22.0,0.0,0.0,,0.7283950617283951,0.0,0.0,0.0,0.3641975308641975,0.8071843105863519,0.0,0.11751455306775768,0.4177956373715702
48201221100,Harris County,0.8032,3702,29.860055,-95.3546869,10.666666666666666,"Morgans Point, TX",24.0,0.0,0.0,,0.7037037037037037,0.0,0.0,0.0,0.35185185185185186,0.8036822093255954,0.0,0.17707562987092149,0.4171455591181041
48201330200,Harris County,0.7813,4997,29.6346785,-95.4536495,10.666666666666666,"Morgans Point, TX",22.0,0.0,0.0,,0.7283950617283951,0.0,0.0,0.0,0.3641975308641975,0.7817690614368622,0.0,0.18189963632525283,0.4166095709524728
48201211502,Harris County,0.7584,2909,29.7646425,-95.307671,10.666666666666666,"Morgans Point, TX",15.0,0.0,0.0,,0.8148148148148149,0.0,0.0,0.0,0.40740740740740744,0.7588553131879128,0.0,0.05315737511616975,0.41630566480132414
48201330600,Harris County,0.7587,6884,29.6122756,-95.4336038,10.666666666666666,"Morgans Point, TX",20.0,0.0,0.0,,0.7530864197530864,0.0,0.0,0.0,0.3765432098765432,0.7591554932959776,0.0,0.18996970547265232,0.416188062980503
48201232902,Harris County,0.6985,4499,29.800392,-95.1872051,10.666666666666666,"Morgans Point, TX",14.0,0.0,0.0,,0.8271604938271605,0.0,0.0,0.0,0.41358024691358025,0.6989193516109666,0.0,0.20382558817753352,0.4161694754121545
48201312400,Harris County,0.7985,1856,29.7298981,-95.3610125,10.666666666666666,"Morgans Point, TX",18.0,0.0,0.0,,0.7777777777777778,0.0,0.0,0.0,0.3888888888888889,0.7989793876325796,0.0,0.013102343024090145,0.4160040505921829
48201312200,Harris County,0.8022,1512,29.7321055,-95.3497568,10.666666666666666,"Morgans Point, TX",18.0,0.0,0.0,,0.7777777777777778,0.0,0.0,0.0,0.3888888888888889,0.8026816089653793,0.0,0.00023711632075188078,0.415828194321689
48201340102,Harris County,0.6634,5507,29.5988878,-95.1904393,10.666666666666666,"Morgans Point, TX",12.0,0.0,0.0,,0.8518518518518519,0.0,0.0,0.0,0.425925925925926,0.6637982789673804,0.0,0.25007827190810544,0.41581397754769134
48201331602,Harris County,0.7571,3034,29.6278814,-95.3182656,10.666666666666666,"Morgans Point, TX",18.0,0.0,0.0,,0.7777777777777778,0.0,0.0,0.0,0.3888888888888889,0.7575545327196318,0.0,0.1334011683488193,0.4156064766507715
48201223100,Harris County,0.7761,2433,29.923702,-95.3245866,10.666666666666666,"Morgans Point, TX",25.0,0.0,0.0,,0.691358024691358,0.0,0.0,0.0,0.34567901234567894,0.7765659395637383,0.0,0.26818177051786957,0.41534351447646395
48201252202,Harris County,0.6714,6817,29.8412913,-95.1473693,10.666666666666666,"Morgans Point, TX",14.0,0.0,0.0,,0.8271604938271605,0.0,0.0,0.0,0.41358024691358025,0.6718030818491095,0.0,0.2767370996263323,0.4153257456284772
48201522301,Harris County,0.8294,4084,29.7902459,-95.5268985,10.666666666666666,"Morgans Point, TX",30.0,0.0,0.0,,0.6296296296296297,0.0,0.0,0.0,0.3148148148148148,0.829897938763258,0.0,0.23602742148191727,0.41423879044383577
48201210700,Harris County,0.7817,2534,29.8067305,-95.3535208,10.666666666666666,"Morgans Point, TX",20.0,0.0,0.0,,0.7530864197530864,0.0,0.0,0.0,0.3765432098765432,0.7821693015809486,0.0,0.10094163757838567,0.41418939867656757
48201310400,Harris County,0.788,3394,29.7514647,-95.3287113,10.666666666666666,"Morgans Point, TX",18.0,0.0,0.0,,0.7777777777777778,0.0,0.0,0.0,0.3888888888888889,0.7884730838503102,0.0,0.023352435613335117,0.4138771687164266
48201533402,Harris County,0.8334,5535,29.8848401,-95.4453403,10.666666666666666,"Morgans Point, TX",31.0,0.0,0.0,,0.617283950617284,0.0,0.0,0.0,0.308641975308642,0.8339003402041225,0.0,0.2471185312612651,0.41377084407625214
48201250601,Harris County,0.8379,3085,29.9882075,-95.2643555,10.666666666666666,"Morgans Point, TX",36.0,0.0,0.0,,0.5555555555555556,0.0,0.0,0.0,0.2777777777777778,0.8384030418250951,0.0,0.37177987773535137,0.41369890032106366
48201233200,Harris County,0.6958,6664,29.7793051,-95.1927525,10.666666666666666,"Morgans Point, TX",14.0,0.0,0.0,,0.8271604938271605,0.0,0.0,0.0,0.41358024691358025,0.696217730638383,0.0,0.18469322662308052,0.413445752964934
48201530800,Harris County,0.8501,4133,29.8534493,-95.4202266,10.666666666666666,"Morgans Point, TX",31.0,0.0,0.0,,0.617283950617284,0.0,0.0,0.0,0.308641975308642,0.8506103662197319,0.0,0.1925284111396705,0.41332483986877555
48201521100,Harris County,0.8543,2650,29.8017669,-95.5197006,10.666666666666666,"Morgans Point, TX",33.0,0.0,0.0,,0.5925925925925926,0.0,0.0,0.0,0.2962962962962963,0.8548128877326395,0.0,0.23426005095892624,0.41320320474901784
48201343700,Harris County,0.554,4005,29.6374126,-95.0618101,10.666666666666666,"Morgans Point, TX",5.0,0.0,0.0,,0.9382716049382716,0.0,0.0,0.0,0.46913580246913583,0.5543325995597359,0.0,0.35750505070429806,0.4131613960494617
48201522302,Harris County,0.8206,3607,29.7894965,-95.5380653,10.666666666666666,"Morgans Point, TX",30.0,0.0,0.0,,0.6296296296296297,0.0,0.0,0.0,0.3148148148148148,0.8210926555933561,0.0,0.24869814670252094,0.41286427801492553
48201241501,Harris County,0.8395,3964,29.9830234,-95.2905315,10.666666666666666,"Morgans Point, TX",36.0,0.0,0.0,,0.5555555555555556,0.0,0.0,0.0,0.2777777777777778,0.8400040024014409,0.0,0.3577849707638377,0.412779697796816
48201333502,Harris County,0.7406,2764,29.6670118,-95.2847899,10.666666666666666,"Morgans Point, TX",16.0,0.0,0.0,,0.8024691358024691,0.0,0.0,0.0,0.4012345679012346,0.7410446267760658,0.0,0.09858663798734642,0.4127276073871099
48201453901,Harris County,0.795,5485,29.685336,-95.6286604,10.666666666666666,"Morgans Point, TX",31.0,0.0,0.0,,0.617283950617284,0.0,0.0,0.0,0.308641975308642,0.7954772863718231,0.0,0.35167439207436324,0.41269951400787214
48201433006,Harris County,0.7944,2212,29.7113758,-95.5415869,10.666666666666666,"Morgans Point, TX",27.0,0.0,0.0,,0.6666666666666667,0.0,0.0,0.0,0.33333333333333337,0.7948769261556935,0.0,0.23909411437809427,0.41237248928451753
48201324000,Harris County,0.6767,5720,29.6526201,-95.1668761,10.666666666666666,"Morgans Point, TX",14.0,0.0,0.0,,0.8271604938271605,0.0,0.0,0.0,0.41358024691358025,0.677106263758255,0.0,0.22859182820612128,0.4121021730591997
48201321001,Harris County,0.6811,3039,29.6322318,-95.2288977,10.666666666666666,"Morgans Point, TX",13.0,0.0,0.0,,0.8395061728395061,0.0,0.0,0.0,0.41975308641975306,0.681508905343206,0.0,0.18234283548281222,0.41157584404013187
48201520501,Harris County,0.7792,3609,29.8148906,-95.4713169,10.666666666666666,"Morgans Point, TX",24.0,0.0,0.0,,0.7037037037037037,0.0,0.0,0.0,0.35185185185185186,0.7796678006804083,0.0,0.19231413610498063,0.41146508714795393
48201521401,Harris County,0.8012,4060,29.829259,-95.5024151,10.666666666666666,"Morgans Point, TX",28.0,0.0,0.0,,0.654320987654321,0.0,0.0,0.0,0.3271604938271605,0.8016810086051631,0.0,0.23569505963381165,0.41129603076715227
48201321402,Harris County,0.6753,4773,29.6566446,-95.2197688,10.666666666666666,"Morgans Point, TX",12.0,0.0,0.0,,0.8518518518518519,0.0,0.0,0.0,0.425925925925926,0.6757054232539524,0.0,0.16873353701759858,0.4112516473446123
48201454304,Harris County,0.7978,5597,29.7227135,-95.6578548,10.666666666666666,"Morgans Point, TX",33.0,0.0,0.0,,0.5925925925925926,0.0,0.0,0.0,0.2962962962962963,0.7982789673804283,0.0,0.38284314451095197,0.411101337998557
48201530702,Harris County,0.8051,3778,29.8516318,-95.4039843,10.666666666666666,"Morgans Point, TX",27.0,0.0,0.0,,0.6666666666666667,0.0,0.0,0.0,0.33333333333333337,0.805583350010006,0.0,0.18113730662795338,0.4097887356657971
48201550202,Harris County,0.8911,1998,29.9568578,-95.4315035,10.666666666666666,"Morgans Point, TX",42.0,0.0,0.0,,0.4814814814814815,0.0,0.0,0.0,0.24074074074074076,0.8916349809885932,0.0,0.334206384680757,0.409244466097987
48201541603,Harris County,0.8274,7808,29.8430246,-95.6544993,10.666666666666666,"Morgans Point, TX",38.0,0.0,0.0,,0.5308641975308642,0.0,0.0,0.0,0.2654320987654321,0.8278967380428257,0.0,0.41162822460462223,0.40897628831775434
48201533401,Harris County,0.77,4774,29.8915091,-95.433663,10.666666666666666,"Morgans Point, TX",26.0,0.0,0.0,,0.6790123456790124,0.0,0.0,0.0,0.3395061728395062,0.7704622773664199,0.0,0.24864486082311113,0.4087809470700149
48201320500,Harris County,0.6917,4426,29.6991881,-95.2440992,10.666666666666666,"Morgans Point, TX",13.0,0.0,0.0,,0.8395061728395061,0.0,0.0,0.0,0.41975308641975306,0.6921152691614969,0.0,0.11368018473355836,0.4078914881106938
48201340101,Harris County,0.6275,1275,29.5841992,-95.176149,10.666666666666666,"Morgans Point, TX",12.0,0.0,0.0,,0.8518518518518519,0.0,0.0,0.0,0.425925925925926,0.6278767260356214,0.0,0.2775857390964281,0.4077882583869959
48201521000,Harris County,0.828,2293,29.7943621,-95.5176361,10.666666666666666,"Morgans Point, TX",32.0,0.0,0.0,,0.6049382716049383,0.0,0.0,0.0,0.30246913580246915,0.8284970982589553,0.0,0.22755702444799564,0.4074159430335973
48201521501,Harris County,0.8272,2684,29.8250079,-95.5228108,10.666666666666666,"Morgans Point, TX",33.0,0.0,0.0,,0.5925925925925926,0.0,0.0,0.0,0.2962962962962963,0.8276966179707825,0.0,0.2535050002919576,0.40699281875376386
48201232306,Harris County,0.7155,3896,29.8442707,-95.2011225,10.666666666666666,"Morgans Point, TX",20.0,0.0,0.0,,0.7530864197530864,0.0,0.0,0.0,0.3765432098765432,0.7159295577346408,0.0,0.22722107075944648,0.40694541884078134
48201220300,Harris County,0.794,4162,29.8242369,-95.3656588,10.666666666666666,"Morgans Point, TX",25.0,0.0,0.0,,0.691358024691358,0.0,0.0,0.0,0.34567901234567894,0.794476686011607,0.0,0.1284428856927617,0.40674284992831383
48201222300,Harris County,0.8328,4984,29.8959119,-95.3513748,10.666666666666666,"Morgans Point, TX",33.0,0.0,0.0,,0.5925925925925926,0.0,0.0,0.0,0.2962962962962963,0.8332999799879928,0.0,0.22805384870349185,0.40612871220008034
48201331604,Harris County,0.719,2214,29.632015,-95.3440505,10.666666666666666,"Morgans Point, TX",17.0,0.0,0.0,,0.7901234567901234,0.0,0.0,0.0,0.3950617283950617,0.7194316589953973,0.0,0.12499275548133784,0.40610655102453075
48201321102,Harris County,0.6657,4012,29.6278462,-95.2136038,10.666666666666666,"Morgans Point, TX",14.0,0.0,0.0,,0.8271604938271605,0.0,0.0,0.0,0.41358024691358025,0.6660996597958775,0.0,0.20049437929477557,0.40599044697935194
48201520502,Harris County,0.7553,4631,29.8349288,-95.4960956,10.666666666666666,"Morgans Point, TX",25.0,0.0,0.0,,0.691358024691358,0.0,0.0,0.0,0.34567901234567894,0.7557534520712428,0.0,0.23429591747434303,0.4057111829243627
48201342700,Harris County,0.6332,4699,29.6960655,-95.1188728,10.666666666666666,"Morgans Point, TX",13.0,0.0,0.0,,0.8395061728395061,0.0,0.0,0.0,0.41975308641975306,0.6335801480888533,0.0,0.2665087420439583,0.4056138075199407
48201533802,Harris County,0.812,7944,29.9260518,-95.467689,10.666666666666666,"Morgans Point, TX",34.0,0.0,0.0,,0.5802469135802469,0.0,0.0,0.0,0.29012345679012347,0.8124874924954973,0.0,0.31223749530186995,0.40552555283439173
48201451800,Harris County,0.7328,5740,29.7188585,-95.6342779,10.666666666666666,"Morgans Point, TX",27.0,0.0,0.0,,0.6666666666666667,0.0,0.0,0.0,0.33333333333333337,0.7332399439663798,0.0,0.353645465818286,0.40533652977174256
48201350500,Harris County,0.6141,6767,29.5816669,-95.1957301,10.666666666666666,"Morgans Point, TX",11.0,0.0,0.0,,0.8641975308641976,0.0,0.0,0.0,0.4320987654320988,0.6144686812087252,0.0,0.2637115279556128,0.40515620160262333
48201522101,Harris County,0.8331,3435,29.8176644,-95.5410479,10.666666666666666,"Morgans Point, TX",35.0,0.0,0.0,,0.5679012345679013,0.0,0.0,0.0,0.28395061728395066,0.8336001600960576,0.0,0.26817069795758924,0.40467489560235403
48201422701,Harris County,0.7385,5120,29.6973752,-95.4999729,10.666666666666666,"Morgans Point, TX",22.0,0.0,0.0,,0.7283950617283951,0.0,0.0,0.0,0.3641975308641975,0.7389433660196119,0.0,0.19095003782209863,0.4046669024769822
48201533702,Harris County,0.799,3488,29.9187464,-95.4384415,10.666666666666666,"Morgans Point, TX",32.0,0.0,0.0,,0.6049382716049383,0.0,0.0,0.0,0.30246913580246915,0.7994796878126877,0.0,0.2865194220591111,0.40460695966082855
48201311501,Harris County,0.6871,2474,29.7052377,-95.2868304,10.666666666666666,"Morgans Point, TX",12.0,0.0,0.0,,0.8518518518518519,0.0,0.0,0.0,0.425925925925926,0.6875125075045028,0.0,0.06112053308458024,0.4040324722264756
48167726000,Galveston County,0.0789,1381,29.2523177,-94.9240727,18.0,"Galveston Pier 21, TX",0.0,0.0,0.0,,1.0,0.3142857142857143,0.0,0.0,0.657142857142857,0.07894736842105263,0.0,0.8448021565496652,0.403878711895568
48201452702,Harris County,0.7654,4341,29.6955682,-95.6307057,10.666666666666666,"Morgans Point, TX",31.0,0.0,0.0,,0.617283950617284,0.0,0.0,0.0,0.308641975308642,0.7658595157094257,0.0,0.3520001002544877,0.4038467536271654
48167725700,Galveston County,0.1187,2314,29.2665918,-94.8465954,18.0,"Galveston Pier 21, TX",6.0,0.0,0.0,,0.9259259259259259,0.3142857142857143,0.0,0.0,0.62010582010582,0.1187712627576546,0.0,0.8914971406353922,0.40382871193845465
48167723800,Galveston County,0.1493,4419,29.3314807,-94.9436304,18.0,"Galveston Pier 21, TX",4.0,0.0,0.0,,0.9506172839506173,0.3142857142857143,0.0,0.0,0.6324514991181658,0.14938963378026815,0.0,0.7411398254340887,0.403534047280664
48201433005,Harris County,0.7786,2068,29.7150522,-95.5520841,10.666666666666666,"Morgans Point, TX",29.0,0.0,0.0,,0.6419753086419753,0.0,0.0,0.0,0.32098765432098764,0.7790674404642786,0.0,0.2516832481213729,0.40333300139586525
48201550303,Harris County,0.8259,4069,29.9765913,-95.4273556,10.666666666666666,"Morgans Point, TX",38.0,0.0,0.0,,0.5308641975308642,0.0,0.0,0.0,0.2654320987654321,0.8263958375025015,0.0,0.3595299533234258,0.40331619102753746
48201534201,Harris County,0.8163,3465,29.9127214,-95.5480759,10.666666666666666,"Morgans Point, TX",37.0,0.0,0.0,,0.5432098765432098,0.0,0.0,0.0,0.2716049382716049,0.8167900740444267,0.0,0.35721471447728226,0.4029807158832785
48201432502,Harris County,0.7514,1660,29.7249143,-95.5248404,10.666666666666666,"Morgans Point, TX",25.0,0.0,0.0,,0.691358024691358,0.0,0.0,0.0,0.34567901234567894,0.7518511106663999,0.0,0.21711149590787757,0.40282203834626323
48201542401,Harris County,0.8133,5078,29.7953916,-95.7245276,10.666666666666666,"Morgans Point, TX",41.0,0.0,0.0,,0.49382716049382713,0.0,0.0,0.0,0.24691358024691357,0.8137882729637783,0.0,0.4752701969815835,0.4027746126984029
48201452101,Harris County,0.7346,6143,29.7267911,-95.5858055,10.666666666666666,"Morgans Point, TX",26.0,0.0,0.0,,0.6790123456790124,0.0,0.0,0.0,0.3395061728395062,0.735041024614769,0.0,0.2930127995663225,0.4025913651188407
48201251702,Harris County,0.6892,3443,30.0157224,-95.0839049,10.666666666666666,"Morgans Point, TX",29.0,0.0,0.0,,0.6419753086419753,0.0,0.0,0.0,0.32098765432098764,0.6896137682609567,0.0,0.5083155008644984,0.40216012500918125
48201520603,Harris County,0.7714,1944,29.806804,-95.4870314,10.666666666666666,"Morgans Point, TX",27.0,0.0,0.0,,0.6666666666666667,0.0,0.0,0.0,0.33333333333333337,0.7718631178707225,0.0,0.20189192086533275,0.40174812744775
48201453405,Harris County,0.7972,3623,29.6669379,-95.5735673,10.666666666666666,"Morgans Point, TX",33.0,0.0,0.0,,0.5925925925925926,0.0,0.0,0.0,0.2962962962962963,0.7976786071642986,0.0,0.2908147310956291,0.4017183885921858
48201420100,Harris County,0.729,2776,29.6734152,-95.4357401,10.666666666666666,"Morgans Point, TX",20.0,0.0,0.0,,0.7530864197530864,0.0,0.0,0.0,0.3765432098765432,0.7294376625975586,0.0,0.12965544401045953,0.401241287624758
48201532600,Harris County,0.7966,7030,29.8916191,-95.4892092,10.666666666666666,"Morgans Point, TX",33.0,0.0,0.0,,0.5925925925925926,0.0,0.0,0.0,0.2962962962962963,0.7970782469481689,0.0,0.28600697872181075,0.40105750528996503
48201232801,Harris County,0.6272,2729,29.7880273,-95.1983573,10.666666666666666,"Morgans Point, TX",11.0,0.0,0.0,,0.8641975308641976,0.0,0.0,0.0,0.4320987654320988,0.6275765459275565,0.0,0.18336366981380361,0.40105377520409174
48201532302,Harris County,0.7517,3735,29.855131,-95.4952511,10.666666666666666,"Morgans Point, TX",27.0,0.0,0.0,,0.6666666666666667,0.0,0.0,0.0,0.33333333333333337,0.7521512907744647,0.0,0.2524393350160953,0.40088932073394895
48201321700,Harris County,0.6685,3389,29.67773,-95.2355903,10.666666666666666,"Morgans Point, TX",14.0,0.0,0.0,,0.8271604938271605,0.0,0.0,0.0,0.41358024691358025,0.6689013408044827,0.0,0.13601845824254935,0.40038335917671086
48201312603,Harris County,0.7388,3642,29.7268636,-95.3779522,10.666666666666666,"Morgans Point, TX",18.0,0.0,0.0,,0.7777777777777778,0.0,0.0,0.0,0.3888888888888889,0.7392435461276766,0.0,0.0341203166981603,0.40018509550811904
48201330303,Harris County,0.7001,4588,29.6263774,-95.4974893,10.666666666666666,"Morgans Point, TX",21.0,0.0,0.0,,0.7407407407407407,0.0,0.0,0.0,0.37037037037037035,0.7005203121873124,0.0,0.23146948782876303,0.39996970910573665
48201532400,Harris County,0.7174,6207,29.8697003,-95.5046102,10.666666666666666,"Morgans Point, TX",25.0,0.0,0.0,,0.691358024691358,0.0,0.0,0.0,0.34567901234567894,0.7178306984190514,0.0,0.2753354006207018,0.3984383051433411
48201550406,Harris County,0.7647,3879,29.98688,-95.450271,10.666666666666666,"Morgans Point, TX",34.0,0.0,0.0,,0.5802469135802469,0.0,0.0,0.0,0.29012345679012347,0.7651590954572745,0.0,0.3826173474762647,0.3983650189403643
48201350400,Harris County,0.6,6682,29.5956619,-95.2091822,10.666666666666666,"Morgans Point, TX",11.0,0.0,0.0,,0.8641975308641976,0.0,0.0,0.0,0.4320987654320988,0.6003602161296778,0.0,0.237548383806418,0.3983073476639896
48201522202,Harris County,0.8432,4193,29.800453,-95.5378892,10.666666666666666,"Morgans Point, TX",38.0,0.0,0.0,,0.5308641975308642,0.0,0.0,0.0,0.2654320987654321,0.8437062237342405,0.0,0.254178530249367,0.39797416458965335
48167726101,Galveston County,0.0539,2021,29.2104388,-94.973165,18.0,"Galveston Pier 21, TX",0.0,0.0,0.0,,1.0,0.3142857142857143,0.0,0.0,0.657142857142857,0.053932359415649396,0.0,0.8596948615191146,0.3978634796908919
48201453902,Harris County,0.7382,3924,29.6784422,-95.622366,10.666666666666666,"Morgans Point, TX",30.0,0.0,0.0,,0.6296296296296297,0.0,0.0,0.0,0.3148148148148148,0.7386431859115469,0.0,0.3457920182308129,0.397838824263212
48201533903,Harris County,0.7833,4375,29.9218656,-95.4861431,10.666666666666666,"Morgans Point, TX",34.0,0.0,0.0,,0.5802469135802469,0.0,0.0,0.0,0.29012345679012347,0.7837702621572944,0.0,0.31900077335158294,0.39758671153790215
48201452300,Harris County,0.7142,2443,29.7078193,-95.5654888,10.666666666666666,"Morgans Point, TX",25.0,0.0,0.0,,0.691358024691358,0.0,0.0,0.0,0.34567901234567894,0.7146287772663598,0.0,0.26923578833890144,0.39686776756935355
48201421203,Harris County,0.7193,2451,29.7239806,-95.4871024,10.666666666666666,"Morgans Point, TX",22.0,0.0,0.0,,0.7283950617283951,0.0,0.0,0.0,0.3641975308641975,0.7197318391034622,0.0,0.1701526492524577,0.3968237055451732
48201253101,Harris County,0.565,6071,29.8111578,-94.9913885,10.666666666666666,"Morgans Point, TX",15.0,0.0,0.0,,0.8148148148148149,0.0,0.0,0.0,0.40740740740740744,0.5653392035221132,0.0,0.4373025035734949,0.3966653447473168
48201533803,Harris County,0.7555,6602,29.9087981,-95.4517886,10.666666666666666,"Morgans Point, TX",30.0,0.0,0.0,,0.6296296296296297,0.0,0.0,0.0,0.3148148148148148,0.755953572143286,0.0,0.28102985185956375,0.3965557234956088
48201332400,Harris County,0.699,4097,29.6581951,-95.3305738,10.666666666666666,"Morgans Point, TX",17.0,0.0,0.0,,0.7901234567901234,0.0,0.0,0.0,0.3950617283950617,0.6994196517910747,0.0,0.0880600658892768,0.3964096799040278
48201342100,Harris County,0.5603,4375,29.655812,-95.1424321,10.666666666666666,"Morgans Point, TX",8.0,0.0,0.0,,0.9012345679012346,0.0,0.0,0.0,0.4506172839506173,0.5606363818290975,0.0,0.25435073623383275,0.39640376594989024
48201252201,Harris County,0.5796,5397,29.8265714,-95.1639591,10.666666666666666,"Morgans Point, TX",10.0,0.0,0.0,,0.8765432098765432,0.0,0.0,0.0,0.4382716049382716,0.5799479687812688,0.0,0.24788041085502144,0.395994653942105
48201252304,Harris County,0.5928,4040,29.7977616,-95.1590244,10.666666666666666,"Morgans Point, TX",11.0,0.0,0.0,,0.8641975308641976,0.0,0.0,0.0,0.4320987654320988,0.5931558935361217,0.0,0.23366865257770375,0.39575807776305133
48201232403,Harris County,0.7081,4184,29.8090933,-95.2052647,10.666666666666666,"Morgans Point, TX",22.0,0.0,0.0,,0.7283950617283951,0.0,0.0,0.0,0.3641975308641975,0.7085251150690414,0.0,0.19118870713294966,0.39556529412289626
48201222702,Harris County,0.7321,3832,29.9351531,-95.3408688,10.666666666666666,"Morgans Point, TX",28.0,0.0,0.0,,0.654320987654321,0.0,0.0,0.0,0.3271604938271605,0.7325395237142286,0.0,0.2839412699115295,0.39537820632764376
48201450803,Harris County,0.7441,5224,29.7530873,-95.5683386,10.666666666666666,"Morgans Point, TX",29.0,0.0,0.0,,0.6419753086419753,0.0,0.0,0.0,0.32098765432098764,0.7445467280368221,0.0,0.2734528393771519,0.39515374679320625
48201240400,Harris County,0.777,7976,29.9875102,-95.3732973,10.666666666666666,"Morgans Point, TX",36.0,0.0,0.0,,0.5555555555555556,0.0,0.0,0.0,0.2777777777777778,0.7774664798879328,0.0,0.3613232141144682,0.39437226537782666
48201331603,Harris County,0.6769,4774,29.6267678,-95.3499492,10.666666666666666,"Morgans Point, TX",17.0,0.0,0.0,,0.7901234567901234,0.0,0.0,0.0,0.3950617283950617,0.6773063838302982,0.0,0.13294573774556598,0.39426426670142384
48201420200,Harris County,0.7376,2424,29.6674366,-95.4440195,10.666666666666666,"Morgans Point, TX",24.0,0.0,0.0,,0.7037037037037037,0.0,0.0,0.0,0.35185185185185186,0.7380428256954173,0.0,0.14299920292002927,0.3940461013339615
48201221602,Harris County,0.7395,5411,29.8792764,-95.4010173,10.666666666666666,"Morgans Point, TX",27.0,0.0,0.0,,0.6666666666666667,0.0,0.0,0.0,0.33333333333333337,0.739943966379828,0.0,0.2166417960465308,0.39364736951860146
48201211400,Harris County,0.7123,4127,29.7658176,-95.3288618,10.666666666666666,"Morgans Point, TX",18.0,0.0,0.0,,0.7777777777777778,0.0,0.0,0.0,0.3888888888888889,0.7127276365819493,0.0,0.0428312560150362,0.3931014165760884
48201423600,Harris County,0.6982,6950,29.6337489,-95.520956,10.666666666666666,"Morgans Point, TX",24.0,0.0,0.0,,0.7037037037037037,0.0,0.0,0.0,0.35185185185185186,0.6986191715029019,0.0,0.24989026509631854,0.39290811129383574
48201550800,Harris County,0.7854,3679,29.9509869,-95.4761029,10.666666666666666,"Morgans Point, TX",37.0,0.0,0.0,,0.5432098765432098,0.0,0.0,0.0,0.2716049382716049,0.7858715229137483,0.0,0.3486538584160287,0.3928490649379496
48201240102,Harris County,0.7783,1829,29.9474154,-95.4104973,10.666666666666666,"Morgans Point, TX",35.0,0.0,0.0,,0.5679012345679013,0.0,0.0,0.0,0.28395061728395066,0.7787672603562138,0.0,0.313481918492964,0.3927561477339383
48201341303,Harris County,0.5307,2952,29.5651387,-95.1087269,10.666666666666666,"Morgans Point, TX",10.0,0.0,0.0,,0.8765432098765432,0.0,0.0,0.0,0.4382716049382716,0.5310186111667,0.0,0.35838365953231727,0.39236617152546394
48201521300,Harris County,0.7372,6265,29.81656,-95.5118968,10.666666666666666,"Morgans Point, TX",28.0,0.0,0.0,,0.654320987654321,0.0,0.0,0.0,0.3271604938271605,0.7376425855513308,0.0,0.23562025330149397,0.3920770232177708
48201313700,Harris County,0.7176,2045,29.6975415,-95.3665463,10.666666666666666,"Morgans Point, TX",19.0,0.0,0.0,,0.7654320987654322,0.0,0.0,0.0,0.38271604938271614,0.7180308184910947,0.0,0.041856738449917885,0.3918171416145425
48201534002,Harris County,0.7748,5268,29.9082771,-95.5007246,10.666666666666666,"Morgans Point, TX",35.0,0.0,0.0,,0.5679012345679013,0.0,0.0,0.0,0.28395061728395066,0.7752651590954573,0.0,0.3136493150147499,0.39172225700789
48201221302,Harris County,0.7577,3647,29.8523203,-95.3662381,10.666666666666666,"Morgans Point, TX",28.0,0.0,0.0,,0.654320987654321,0.0,0.0,0.0,0.3271604938271605,0.7581548929357615,0.0,0.16805311636926712,0.3914740017398774
48201421700,Harris County,0.7152,4873,29.6869475,-95.4877251,10.666666666666666,"Morgans Point, TX",24.0,0.0,0.0,,0.7037037037037037,0.0,0.0,0.0,0.35185185185185186,0.715629377626576,0.0,0.18013165609622525,0.3910353122309287
48201310300,Harris County,0.6633,4281,29.7364559,-95.3359747,10.666666666666666,"Morgans Point, TX",12.0,0.0,0.0,,0.8518518518518519,0.0,0.0,0.0,0.425925925925926,0.6636982189313588,0.0,0.0,0.39077613234607433
48201422502,Harris County,0.6952,3487,29.6694937,-95.499711,10.666666666666666,"Morgans Point, TX",23.0,0.0,0.0,,0.7160493827160495,0.0,0.0,0.0,0.3580246913580247,0.6956173704222535,0.0,0.20288871549977883,0.390085193787765
48201423402,Harris County,0.6796,4587,29.6485541,-95.5296515,10.666666666666666,"Morgans Point, TX",23.0,0.0,0.0,,0.7160493827160495,0.0,0.0,0.0,0.3580246913580247,0.6800080048028817,0.0,0.24930375595420592,0.39004388814739627
48201432006,Harris County,0.7101,2079,29.7345738,-95.49828,10.666666666666666,"Morgans Point, TX",24.0,0.0,0.0,,0.7037037037037037,0.0,0.0,0.0,0.35185185185185186,0.7105263157894737,0.0,0.18418387319036325,0.38990961538921176
48201530300,Harris County,0.7187,2605,29.8175261,-95.3887898,10.666666666666666,"Morgans Point, TX",23.0,0.0,0.0,,0.7160493827160495,0.0,0.0,0.0,0.3580246913580247,0.7191314788873324,0.0,0.1287880561101945,0.3897293603883303
48201212500,Harris County,0.718,3517,29.7520836,-95.2767055,10.666666666666666,"Morgans Point, TX",21.0,0.0,0.0,,0.7407407407407407,0.0,0.0,0.0,0.37037037037037035,0.7184310586351811,0.0,0.07316298620472912,0.3895122828776939
48201250304,Harris County,0.6936,9198,29.947089,-95.2263045,10.666666666666666,"Morgans Point, TX",28.0,0.0,0.0,,0.654320987654321,0.0,0.0,0.0,0.3271604938271605,0.6940164098459076,0.0,0.3315350477468715,0.38858064995068164
48201423301,Harris County,0.71,4738,29.6704175,-95.5186283,10.666666666666666,"Morgans Point, TX",26.0,0.0,0.0,,0.6790123456790124,0.0,0.0,0.0,0.3395061728395062,0.7104262557534521,0.0,0.22430741894403552,0.38833639639821693
48201432401,Harris County,0.7135,4411,29.7231758,-95.5432705,10.666666666666666,"Morgans Point, TX",27.0,0.0,0.0,,0.6666666666666667,0.0,0.0,0.0,0.33333333333333337,0.7139283570142085,0.0,0.24012604190740616,0.3881911112950032
48201551902,Harris County,0.7627,4731,29.9001734,-95.5905766,10.666666666666666,"Morgans Point, TX",38.0,0.0,0.0,,0.5308641975308642,0.0,0.0,0.0,0.2654320987654321,0.7631578947368421,0.0,0.38453719422382315,0.38684553228787943
48201451903,Harris County,0.6906,3299,29.716624,-95.6095615,10.666666666666666,"Morgans Point, TX",28.0,0.0,0.0,,0.654320987654321,0.0,0.0,0.0,0.3271604938271605,0.6910146087652592,0.0,0.3230235364609276,0.3868289584978927
48201550305,Harris County,0.7266,3372,30.004621,-95.4359881,10.666666666666666,"Morgans Point, TX",35.0,0.0,0.0,,0.5679012345679013,0.0,0.0,0.0,0.28395061728395066,0.7270362217330398,0.0,0.40112074516545027,0.38600071881423476
48201555404,Harris County,0.8713,4163,30.0821798,-95.6173684,10.666666666666666,"Morgans Point, TX",58.0,0.0,0.0,,0.28395061728395066,0.0,0.0,0.0,0.14197530864197533,0.8718230938563137,0.0,0.6007868392459873,0.38551450097038176
48201522001,Harris County,0.758,1806,29.8297842,-95.5384479,10.666666666666666,"Morgans Point, TX",34.0,0.0,0.0,,0.5802469135802469,0.0,0.0,0.0,0.29012345679012347,0.7584550730438263,0.0,0.2737185597965612,0.38546393344835955
48201333802,Harris County,0.6334,6116,29.6121982,-95.2732798,10.666666666666666,"Morgans Point, TX",17.0,0.0,0.0,,0.7901234567901234,0.0,0.0,0.0,0.3950617283950617,0.6337802681608965,0.0,0.17305083961803164,0.38521694218784985
48201452202,Harris County,0.6474,3557,29.7227148,-95.5647321,10.666666666666666,"Morgans Point, TX",22.0,0.0,0.0,,0.7283950617283951,0.0,0.0,0.0,0.3641975308641975,0.6477886732039223,0.0,0.26686987051125244,0.3849124779011908
48201540602,Harris County,0.7663,7731,29.874683,-95.634718,10.666666666666666,"Morgans Point, TX",40.0,0.0,0.0,,0.5061728395061729,0.0,0.0,0.0,0.25308641975308643,0.7667600560336202,0.0,0.4096421472196763,0.3848811204209426
48201452401,Harris County,0.6772,3393,29.7139369,-95.5795752,10.666666666666666,"Morgans Point, TX",26.0,0.0,0.0,,0.6790123456790124,0.0,0.0,0.0,0.3395061728395062,0.677606563938363,0.0,0.28596084422544904,0.38465583138183157
48201522102,Harris County,0.724,4959,29.8157781,-95.5314944,10.666666666666666,"Morgans Point, TX",30.0,0.0,0.0,,0.6296296296296297,0.0,0.0,0.0,0.3148148148148148,0.7244346607964779,0.0,0.25637144173604937,0.384634209079215
48201550102,Harris County,0.742,2513,29.9417695,-95.4293818,10.666666666666666,"Morgans Point, TX",34.0,0.0,0.0,,0.5802469135802469,0.0,0.0,0.0,0.29012345679012347,0.7424454672803682,0.0,0.31292601021484573,0.38458179676115056
48201432804,Harris County,0.6786,1873,29.7183288,-95.5067597,10.666666666666666,"Morgans Point, TX",23.0,0.0,0.0,,0.7160493827160495,0.0,0.0,0.0,0.3580246913580247,0.6790074044426656,0.0,0.19502593657383796,0.3843159261012946
48201532301,Harris County,0.7173,4674,29.8587372,-95.5129694,10.666666666666666,"Morgans Point, TX",30.0,0.0,0.0,,0.6296296296296297,0.0,0.0,0.0,0.3148148148148148,0.7177306383830299,0.0,0.27225760462122506,0.38421161864369807
48201432501,Harris County,0.6944,3200,29.7243764,-95.534001,10.666666666666666,"Morgans Point, TX",26.0,0.0,0.0,,0.6790123456790124,0.0,0.0,0.0,0.3395061728395062,0.6948168901340805,0.0,0.22853744799184744,0.38407658961718666
48201252902,Harris County,0.5397,6360,29.8153898,-95.0412885,10.666666666666666,"Morgans Point, TX",15.0,0.0,0.0,,0.8148148148148149,0.0,0.0,0.0,0.40740740740740744,0.5400240144086451,0.0,0.37961063418472224,0.3833016010743991
48201250201,Harris County,0.6874,6841,29.9501906,-95.2569333,10.666666666666666,"Morgans Point, TX",29.0,0.0,0.0,,0.6419753086419753,0.0,0.0,0.0,0.32098765432098764,0.6878126876125675,0.0,0.32192170390690533,0.38298042111890523
48201455300,Harris County,0.7575,14668,29.7751464,-95.790629,10.666666666666666,"Morgans Point, TX",45.0,0.0,0.0,,0.4444444444444444,0.0,0.0,0.0,0.2222222222222222,0.7579547728637183,0.0,0.5520549871715488,0.3825919305762704
48201422602,Harris County,0.6729,2317,29.6870675,-95.4977289,10.666666666666666,"Morgans Point, TX",23.0,0.0,0.0,,0.7160493827160495,0.0,0.0,0.0,0.3580246913580247,0.6733039823894338,0.0,0.1919835857895168,0.3823006644068929
48201421801,Harris County,0.6681,1907,29.6785537,-95.4800376,10.666666666666666,"Morgans Point, TX",22.0,0.0,0.0,,0.7283950617283951,0.0,0.0,0.0,0.3641975308641975,0.6685011006603963,0.0,0.1752559775232538,0.3819648168393331
48201542402,Harris County,0.7381,5940,29.7927912,-95.7388598,10.666666666666666,"Morgans Point, TX",41.0,0.0,0.0,,0.49382716049382713,0.0,0.0,0.0,0.24691358024691357,0.7385431258755253,0.0,0.4920864953949213,0.38188269841326083
48201452703,Harris County,0.6688,3294,29.6970297,-95.6391055,10.666666666666666,"Morgans Point, TX",29.0,0.0,0.0,,0.6419753086419753,0.0,0.0,0.0,0.32098765432098764,0.6692015209125475,0.0,0.3621235948581585,0.3814172602040245
48201531300,Harris County,0.7067,5233,29.8231943,-95.463003,10.666666666666666,"Morgans Point, TX",27.0,0.0,0.0,,0.6666666666666667,0.0,0.0,0.0,0.33333333333333337,0.7071242745647389,0.0,0.19189965028531558,0.3813272473979532
48201522201,Harris County,0.7286,4629,29.8085325,-95.5398873,10.666666666666666,"Morgans Point, TX",32.0,0.0,0.0,,0.6049382716049383,0.0,0.0,0.0,0.30246913580246915,0.7290374224534721,0.0,0.2611336566935385,0.38093570351650663
48201451407,Harris County,0.6758,1460,29.739641,-95.6163322,10.666666666666666,"Morgans Point, TX",29.0,0.0,0.0,,0.6419753086419753,0.0,0.0,0.0,0.32098765432098764,0.6762057234340604,0.0,0.3314061256485839,0.38044677403952093
48201250102,Harris County,0.6652,5257,29.9768873,-95.247633,10.666666666666666,"Morgans Point, TX",29.0,0.0,0.0,,0.6419753086419753,0.0,0.0,0.0,0.32098765432098764,0.6655993596157695,0.0,0.36191552278407735,0.3803158046075831
48201350104,Harris County,0.5876,4654,29.5942512,-95.256143,10.666666666666666,"Morgans Point, TX",15.0,0.0,0.0,,0.8148148148148149,0.0,0.0,0.0,0.40740740740740744,0.5879527716629979,0.0,0.20577184450210328,0.38029634928244305
48201232405,Harris County,0.6373,5917,29.8210792,-95.1921157,10.666666666666666,"Morgans Point, TX",21.0,0.0,0.0,,0.7407407407407407,0.0,0.0,0.0,0.37037037037037035,0.6376826095657394,0.0,0.21447623017212925,0.3794190725536014
48201311001,Harris County,0.6215,2756,29.7457725,-95.3037286,10.666666666666666,"Morgans Point, TX",13.0,0.0,0.0,,0.8395061728395061,0.0,0.0,0.0,0.41975308641975306,0.6218731238743247,0.0,0.038937374632372276,0.3793445635144235
48201530400,Harris County,0.6524,3330,29.8261231,-95.3879776,10.666666666666666,"Morgans Point, TX",20.0,0.0,0.0,,0.7530864197530864,0.0,0.0,0.0,0.3765432098765432,0.652791675005003,0.0,0.13963128371379702,0.37924507531732504
48201450302,Harris County,0.7124,5990,29.7790403,-95.6007307,10.666666666666666,"Morgans Point, TX",33.0,0.0,0.0,,0.5925925925925926,0.0,0.0,0.0,0.2962962962962963,0.7128276966179709,0.0,0.31962334075895094,0.3791439763946197
48201221502,Harris County,0.7149,3321,29.8672178,-95.4021729,10.666666666666666,"Morgans Point, TX",29.0,0.0,0.0,,0.6419753086419753,0.0,0.0,0.0,0.32098765432098764,0.7153291975185111,0.0,0.2009052125648469,0.37913372495648245
48201541302,Harris County,0.7228,7836,29.8730288,-95.6763863,10.666666666666666,"Morgans Point, TX",39.0,0.0,0.0,,0.5185185185185186,0.0,0.0,0.0,0.2592592592592593,0.7232339403642185,0.0,0.45429423135111324,0.3790662719110436
48201334003,Harris County,0.5883,5578,29.6051658,-95.2300861,10.666666666666666,"Morgans Point, TX",16.0,0.0,0.0,,0.8024691358024691,0.0,0.0,0.0,0.4012345679012346,0.5886531919151492,0.0,0.2104890652092163,0.3782004196510219
48201534001,Harris County,0.7438,3465,29.9064322,-95.483956,10.666666666666666,"Morgans Point, TX",36.0,0.0,0.0,,0.5555555555555556,0.0,0.0,0.0,0.2777777777777778,0.7442465479287573,0.0,0.299144328479861,0.37818839722661335
48201314301,Harris County,0.6507,1936,29.6791537,-95.4158615,10.666666666666666,"Morgans Point, TX",19.0,0.0,0.0,,0.7654320987654322,0.0,0.0,0.0,0.38271604938271614,0.6510906543926356,0.0,0.10463709554652839,0.3780131280946658
48201551000,Harris County,0.7435,3652,29.9697315,-95.4917709,10.666666666666666,"Morgans Point, TX",39.0,0.0,0.0,,0.5185185185185186,0.0,0.0,0.0,0.2592592592592593,0.7439463678206925,0.0,0.3815579245564728,0.3780063694685217
48201454000,Harris County,0.6703,4529,29.6946956,-95.6510084,10.666666666666666,"Morgans Point, TX",31.0,0.0,0.0,,0.617283950617284,0.0,0.0,0.0,0.308641975308642,0.6707024214528717,0.0,0.37725387308894903,0.3778250026336453
48201451700,Harris County,0.658,4429,29.7324585,-95.633194,10.666666666666666,"Morgans Point, TX",29.0,0.0,0.0,,0.6419753086419753,0.0,0.0,0.0,0.32098765432098764,0.6583950370222134,0.0,0.352080276037894,0.37717098315489783
48201421101,Harris County,0.6603,2644,29.7222779,-95.4700803,10.666666666666666,"Morgans Point, TX",22.0,0.0,0.0,,0.7283950617283951,0.0,0.0,0.0,0.3641975308641975,0.6606964178507104,0.0,0.1490707482916491,0.3770048890732669
48201533804,Harris County,0.7133,6649,29.9144724,-95.4612176,10.666666666666666,"Morgans Point, TX",33.0,0.0,0.0,,0.5925925925925926,0.0,0.0,0.0,0.2962962962962963,0.7137282369421654,0.0,0.29381524973763146,0.3768333293897461
48201252100,Harris County,0.5994,3142,29.8850976,-95.1385243,10.666666666666666,"Morgans Point, TX",22.0,0.0,0.0,,0.7283950617283951,0.0,0.0,0.0,0.3641975308641975,0.5997598559135482,0.0,0.32415479886616627,0.37623232554957
48201552401,Harris County,0.7239,5560,29.9314561,-95.5970688,10.666666666666666,"Morgans Point, TX",39.0,0.0,0.0,,0.5185185185185186,0.0,0.0,0.0,0.2592592592592593,0.7243346007604563,0.0,0.4197429024271755,0.3759413371375211
48201552701,Harris County,0.7695,3226,29.9705797,-95.5483846,10.666666666666666,"Morgans Point, TX",44.0,0.0,0.0,,0.45679012345679015,0.0,0.0,0.0,0.22839506172839508,0.7699619771863118,0.0,0.42065456688123937,0.37583182762179523
48201521202,Harris County,0.7303,3275,29.8068871,-95.5146086,10.666666666666666,"Morgans Point, TX",33.0,0.0,0.0,,0.5925925925925926,0.0,0.0,0.0,0.2962962962962963,0.7307384430658395,0.0,0.23183713935768005,0.3757385801888532
48201222505,Harris County,0.6668,3351,29.9203357,-95.4033164,10.666666666666666,"Morgans Point, TX",28.0,0.0,0.0,,0.654320987654321,0.0,0.0,0.0,0.3271604938271605,0.6672003201921153,0.0,0.27367160129656476,0.3747494784095132
48201333904,Harris County,0.5754,6995,29.6150432,-95.2482191,10.666666666666666,"Morgans Point, TX",15.0,0.0,0.0,,0.8148148148148149,0.0,0.0,0.0,0.40740740740740744,0.5757454472683611,0.0,0.18563653457551246,0.37462062097139287
48201550307,Harris County,0.7056,2947,30.0031352,-95.4498177,10.666666666666666,"Morgans Point, TX",37.0,0.0,0.0,,0.5432098765432098,0.0,0.0,0.0,0.2716049382716049,0.7060236141685011,0.0,0.40438233871373697,0.37446754034414625
48201252901,Harris County,0.3837,2282,29.814116,-95.0735465,10.666666666666666,"Morgans Point, TX",0.0,0.0,0.0,,1.0,0.0,0.0,0.0,0.5,0.38393035821492894,0.0,0.34113231012006917,0.3742923384764856
48201340501,Harris County,0.5028,3948,29.5691771,-95.1206675,10.666666666666666,"Morgans Point, TX",13.0,0.0,0.0,,0.8395061728395061,0.0,0.0,0.0,0.41975308641975306,0.5031018611166701,0.0,0.3432002942704066,0.37413947665093056
48201432102,Harris County,0.671,4243,29.7337526,-95.5079975,10.666666666666666,"Morgans Point, TX",26.0,0.0,0.0,,0.6790123456790124,0.0,0.0,0.0,0.3395061728395062,0.6714028417050231,0.0,0.1962283368640674,0.3738214639756914
48201422501,Harris County,0.6575,3333,29.6746648,-95.5011866,10.666666666666666,"Morgans Point, TX",25.0,0.0,0.0,,0.691358024691358,0.0,0.0,0.0,0.34567901234567894,0.6578947368421053,0.0,0.20181861728344666,0.37310583833653177
48201550304,Harris County,0.6965,1909,30.015153,-95.4353005,10.666666666666666,"Morgans Point, TX",37.0,0.0,0.0,,0.5432098765432098,0.0,0.0,0.0,0.2716049382716049,0.6969181508905343,0.0,0.4153724301947926,0.37283491050886175
48201241502,Harris County,0.6498,2098,29.944954,-95.2964849,10.666666666666666,"Morgans Point, TX",28.0,0.0,0.0,,0.654320987654321,0.0,0.0,0.0,0.3271604938271605,0.6501901140684412,0.0,0.3027108931046901,0.3725503457532236
48201422403,Harris County,0.6363,2599,29.6617735,-95.4967033,10.666666666666666,"Morgans Point, TX",23.0,0.0,0.0,,0.7160493827160495,0.0,0.0,0.0,0.3580246913580247,0.6366820092055233,0.0,0.20407383393780051,0.37252309726654814
48201453604,Harris County,0.6485,4130,29.6792631,-95.5813011,10.666666666666666,"Morgans Point, TX",28.0,0.0,0.0,,0.654320987654321,0.0,0.0,0.0,0.3271604938271605,0.6488893336001601,0.0,0.295542460185216,0.37144326832079183
48201451904,Harris County,0.629,3451,29.7245785,-95.6117408,10.666666666666666,"Morgans Point, TX",27.0,0.0,0.0,,0.6666666666666667,0.0,0.0,0.0,0.33333333333333337,0.6293776265759456,0.0,0.325356683250375,0.3713489562978212
48201533100,Harris County,0.6745,6308,29.8764494,-95.4563662,10.666666666666666,"Morgans Point, TX",29.0,0.0,0.0,,0.6419753086419753,0.0,0.0,0.0,0.32098765432098764,0.6749049429657795,0.0,0.24425392161167414,0.3713413194953457
48201541701,Harris County,0.695,6652,29.8204624,-95.6562593,10.666666666666666,"Morgans Point, TX",37.0,0.0,0.0,,0.5432098765432098,0.0,0.0,0.0,0.2716049382716049,0.6954172503502101,0.0,0.40226491131945086,0.37107388845923034
48201331501,Harris County,0.5893,4355,29.634145,-95.3590655,10.666666666666666,"Morgans Point, TX",16.0,0.0,0.0,,0.8024691358024691,0.0,0.0,0.0,0.4012345679012346,0.5896537922753653,0.0,0.12389582483974587,0.36984127572213976
48201452701,Harris County,0.6179,4380,29.6963073,-95.618999,10.666666666666666,"Morgans Point, TX",27.0,0.0,0.0,,0.6666666666666667,0.0,0.0,0.0,0.33333333333333337,0.6182709625775465,0.0,0.3373988215138413,0.3692211709246481
48201341002,Harris County,0.4782,4022,29.5503439,-95.1445157,10.666666666666666,"Morgans Point, TX",12.0,0.0,0.0,,0.8518518518518519,0.0,0.0,0.0,0.425925925925926,0.47848709225535324,0.0,0.3399233179370789,0.36920512613698053
48201454303,Harris County,0.6234,3796,29.7144662,-95.6519492,10.666666666666666,"Morgans Point, TX",29.0,0.0,0.0,,0.6419753086419753,0.0,0.0,0.0,0.32098765432098764,0.6237742645587352,0.0,0.37592129691282816,0.3691688535033478
48201431205,Harris County,0.651,2617,29.7393055,-95.5184834,10.666666666666666,"Morgans Point, TX",26.0,0.0,0.0,,0.6790123456790124,0.0,0.0,0.0,0.3395061728395062,0.6513908345007005,0.0,0.20970515587375324,0.36916554371536325
48201250701,Harris County,0.5092,7584,30.008984,-95.2300838,10.666666666666666,"Morgans Point, TX",18.0,0.0,0.0,,0.7777777777777778,0.0,0.0,0.0,0.3888888888888889,0.5095057034220533,0.0,0.41248227740249477,0.3690999387668655
48201340701,Harris County,0.457,4172,29.5584075,-95.1305252,10.666666666666666,"Morgans Point, TX",10.0,0.0,0.0,,0.8765432098765432,0.0,0.0,0.0,0.4382716049382716,0.4572743646187713,0.0,0.3442062745902124,0.36882515906687485
48201240706,Harris County,0.6924,9675,29.9798489,-95.39976,10.666666666666666,"Morgans Point, TX",36.0,0.0,0.0,,0.5555555555555556,0.0,0.0,0.0,0.2777777777777778,0.6928156894136482,0.0,0.355592114929783,0.3684039183170728
48201550602,Harris County,0.6996,2711,29.944128,-95.4594405,10.666666666666666,"Morgans Point, TX",36.0,0.0,0.0,,0.5555555555555556,0.0,0.0,0.0,0.2777777777777778,0.7000200120072043,0.0,0.3305362103495212,0.3680596246371134
48201452001,Harris County,0.6448,4873,29.7323603,-95.6130668,10.666666666666666,"Morgans Point, TX",30.0,0.0,0.0,,0.6296296296296297,0.0,0.0,0.0,0.3148148148148148,0.6451871122673605,0.0,0.32701006873152827,0.3679238072200276
48201232305,Harris County,0.6201,10603,29.8754695,-95.2033898,10.666666666666666,"Morgans Point, TX",25.0,0.0,0.0,,0.691358024691358,0.0,0.0,0.0,0.34567901234567894,0.620472283370022,0.0,0.25836748915988267,0.3675339894825504
48201311300,Harris County,0.5878,4496,29.7097312,-95.2945706,10.666666666666666,"Morgans Point, TX",14.0,0.0,0.0,,0.8271604938271605,0.0,0.0,0.0,0.41358024691358025,0.588152891735041,0.0,0.04963590755614636,0.36752056938723804
48201221200,Harris County,0.6829,5609,29.8645953,-95.3740348,10.666666666666666,"Morgans Point, TX",30.0,0.0,0.0,,0.6296296296296297,0.0,0.0,0.0,0.3148148148148148,0.683309985991595,0.0,0.18721819439878004,0.36538148190402314
48201530102,Harris County,0.6501,3029,29.811042,-95.454602,10.666666666666666,"Morgans Point, TX",26.0,0.0,0.0,,0.6790123456790124,0.0,0.0,0.0,0.3395061728395062,0.650490294176506,0.0,0.1725974148953871,0.36518460752026827
48201332500,Harris County,0.5766,3659,29.6647618,-95.3076091,10.666666666666666,"Morgans Point, TX",15.0,0.0,0.0,,0.8148148148148149,0.0,0.0,0.0,0.40740740740740744,0.5769461677006203,0.0,0.08656609631252568,0.3650737932747721
48201350201,Harris County,0.5294,3776,29.5947429,-95.225701,10.666666666666666,"Morgans Point, TX",15.0,0.0,0.0,,0.8148148148148149,0.0,0.0,0.0,0.40740740740740744,0.529717830698419,0.0,0.2257010951436204,0.3648187920572211
48201553602,Harris County,0.7302,2332,30.0293005,-95.4867693,10.666666666666666,"Morgans Point, TX",45.0,0.0,0.0,,0.4444444444444444,0.0,0.0,0.0,0.2222222222222222,0.7306383830298179,0.0,0.4559067301060641,0.3647821879195518
48201412902,Harris County,0.6338,2671,29.6862533,-95.445239,10.666666666666666,"Morgans Point, TX",23.0,0.0,0.0,,0.7160493827160495,0.0,0.0,0.0,0.3580246913580247,0.6341805083049831,0.0,0.1310657918026321,0.3644718427828692
48201252800,Harris County,0.4691,6525,29.8576461,-95.0195754,10.666666666666666,"Morgans Point, TX",16.0,0.0,0.0,,0.8024691358024691,0.0,0.0,0.0,0.4012345679012346,0.46938162897738644,0.0,0.42719784783532977,0.36408982903230447
48201342500,Harris County,0.4816,5973,29.697306,-95.1317655,10.666666666666666,"Morgans Point, TX",11.0,0.0,0.0,,0.8641975308641976,0.0,0.0,0.0,0.4320987654320988,0.48188913348008805,0.0,0.2503720511869633,0.36404838960716723
48201221601,Harris County,0.6612,3277,29.8927029,-95.4068945,10.666666666666666,"Morgans Point, TX",30.0,0.0,0.0,,0.6296296296296297,0.0,0.0,0.0,0.3148148148148148,0.6615969581749049,0.0,0.2372358435860769,0.36386933847774583
48201252305,Harris County,0.4997,6751,29.8058566,-95.1497428,10.666666666666666,"Morgans Point, TX",13.0,0.0,0.0,,0.8395061728395061,0.0,0.0,0.0,0.41975308641975306,0.5,0.0,0.24899664755332246,0.36378855364422114
48201521900,Harris County,0.6813,6645,29.8211369,-95.5533755,10.666666666666666,"Morgans Point, TX",34.0,0.0,0.0,,0.5802469135802469,0.0,0.0,0.0,0.29012345679012347,0.6817090254152492,0.0,0.28410801312340755,0.3634790644924711
48201253601,Harris County,0.4228,3784,29.7652425,-94.9963507,10.666666666666666,"Morgans Point, TX",11.0,0.0,0.0,,0.8641975308641976,0.0,0.0,0.0,0.4320987654320988,0.42305383229937965,0.0,0.4184870015286077,0.3632092942871191
48201534102,Harris County,0.6659,4390,29.9122939,-95.5115352,10.666666666666666,"Morgans Point, TX",34.0,0.0,0.0,,0.5802469135802469,0.0,0.0,0.0,0.29012345679012347,0.6662997798679209,0.0,0.32651046187571137,0.363096535703503
48201240804,Harris County,0.6867,2899,30.0274141,-95.425315,10.666666666666666,"Morgans Point, TX",40.0,0.0,0.0,,0.5061728395061729,0.0,0.0,0.0,0.25308641975308643,0.6871122673604163,0.0,0.4291620900409955,0.3629387781011133
48201233502,Harris County,0.5119,3127,29.7625516,-95.2458797,10.666666666666666,"Morgans Point, TX",10.0,0.0,0.0,,0.8765432098765432,0.0,0.0,0.0,0.4382716049382716,0.5122073243946368,0.0,0.11436504541754697,0.36232092408236793
48201532502,Harris County,0.6296,5540,29.8863712,-95.4982807,10.666666666666666,"Morgans Point, TX",29.0,0.0,0.0,,0.6419753086419753,0.0,0.0,0.0,0.32098765432098764,0.6299779867920753,0.0,0.2874170000810202,0.36217954049016904
48201432600,Harris County,0.6309,2062,29.7259349,-95.5106411,10.666666666666666,"Morgans Point, TX",26.0,0.0,0.0,,0.6790123456790124,0.0,0.0,0.0,0.3395061728395062,0.6312787672603563,0.0,0.19939914430765301,0.36210132238665
48167720301,Galveston County,0.448,2557,29.5213838,-95.2007405,10.666666666666666,"Morgans Point, TX",11.0,0.0,0.0,,0.8641975308641976,0.0,0.0,0.0,0.4320987654320988,0.44826896137682615,0.0,0.3307986611017829,0.3620049989676706
48201551201,Harris County,0.7315,4990,29.9779481,-95.499204,10.666666666666666,"Morgans Point, TX",44.0,0.0,0.0,,0.45679012345679015,0.0,0.0,0.0,0.22839506172839508,0.731939163498099,0.0,0.3963353131312177,0.3619930581403292
48201530900,Harris County,0.6565,4464,29.8359653,-95.4201472,10.666666666666666,"Morgans Point, TX",28.0,0.0,0.0,,0.654320987654321,0.0,0.0,0.0,0.3271604938271605,0.6568941364818891,0.0,0.1709488897401019,0.36138535214079914
48201240703,Harris County,0.6552,5843,30.0007605,-95.4126939,10.666666666666666,"Morgans Point, TX",36.0,0.0,0.0,,0.5555555555555556,0.0,0.0,0.0,0.2777777777777778,0.6555933560136082,0.0,0.38832928873037714,0.3605109356771201
48201520301,Harris County,0.6215,2208,29.7986856,-95.4719357,10.666666666666666,"Morgans Point, TX",25.0,0.0,0.0,,0.691358024691358,0.0,0.0,0.0,0.34567901234567894,0.6218731238743247,0.0,0.17978525532851689,0.36009601825070464
48201540504,Harris County,0.666,3240,29.8464571,-95.6430845,10.666666666666666,"Morgans Point, TX",38.0,0.0,0.0,,0.5308641975308642,0.0,0.0,0.0,0.2654320987654321,0.6663998399039425,0.0,0.4005578508006302,0.3594201814956902
48201343301,Harris County,0.425,5023,29.6841022,-95.0651043,10.666666666666666,"Morgans Point, TX",10.0,0.0,0.0,,0.8765432098765432,0.0,0.0,0.0,0.4382716049382716,0.42525515309185513,0.0,0.3354797041725266,0.3583467385670314
48201550306,Harris County,0.6568,4352,29.9912789,-95.4384252,10.666666666666666,"Morgans Point, TX",37.0,0.0,0.0,,0.5432098765432098,0.0,0.0,0.0,0.2716049382716049,0.6571943165899541,0.0,0.3837563283009721,0.35775615002930566
48201233003,Harris County,0.498,2734,29.793671,-95.1707528,10.666666666666666,"Morgans Point, TX",14.0,0.0,0.0,,0.8271604938271605,0.0,0.0,0.0,0.41358024691358025,0.4982989793876326,0.0,0.2179431372852239,0.3573951186559233
48201455000,Harris County,0.631,3529,29.7535126,-95.7603533,10.666666666666666,"Morgans Point, TX",39.0,0.0,0.0,,0.5185185185185186,0.0,0.0,0.0,0.2592592592592593,0.6313788272963778,0.0,0.5116333940520443,0.35724365426078447
48201240802,Harris County,0.6545,8783,30.0219364,-95.3668122,10.666666666666666,"Morgans Point, TX",38.0,0.0,0.0,,0.5308641975308642,0.0,0.0,0.0,0.2654320987654321,0.6548929357614569,0.0,0.4097317636401609,0.35688550153689763
48201233002,Harris County,0.4753,4484,29.8017233,-95.1701831,10.666666666666666,"Morgans Point, TX",12.0,0.0,0.0,,0.8518518518518519,0.0,0.0,0.0,0.425925925925926,0.4755853512107265,0.0,0.22350712107096357,0.35669298413698103
48201552702,Harris County,0.6716,5367,29.9812593,-95.5575315,10.666666666666666,"Morgans Point, TX",41.0,0.0,0.0,,0.49382716049382713,0.0,0.0,0.0,0.24691358024691357,0.6720032019211527,0.0,0.43973010900371406,0.35668508258782833
48201542302,Harris County,0.6586,7531,29.8090556,-95.7433095,10.666666666666666,"Morgans Point, TX",42.0,0.0,0.0,,0.4814814814814815,0.0,0.0,0.0,0.24074074074074076,0.658995397238343,0.0,0.5022431908190234,0.35625627158673856
48201251600,Harris County,0.5624,6842,30.1007294,-95.112658,10.666666666666666,"Morgans Point, TX",35.0,0.0,0.0,,0.5679012345679013,0.0,0.0,0.0,0.28395061728395066,0.5627376425855514,0.0,0.5916940643255015,0.35576847698599334
48201534003,Harris County,0.6712,2421,29.930164,-95.5124368,10.666666666666666,"Morgans Point, TX",38.0,0.0,0.0,,0.5308641975308642,0.0,0.0,0.0,0.2654320987654321,0.6716029617770662,0.0,0.34747017806644553,0.3556723507842089
48201451004,Harris County,0.5966,2313,29.7387558,-95.5848866,10.666666666666666,"Morgans Point, TX",28.0,0.0,0.0,,0.654320987654321,0.0,0.0,0.0,0.3271604938271605,0.596958174904943,0.0,0.29222297307885203,0.3555319720015903
48201432003,Harris County,0.5798,1712,29.7347013,-95.4870018,10.666666666666666,"Morgans Point, TX",22.0,0.0,0.0,,0.7283950617283951,0.0,0.0,0.0,0.3641975308641975,0.580148088853312,0.0,0.17016087203958044,0.3549494027488405
48201330101,Harris County,0.5723,5626,29.6345193,-95.4242522,10.666666666666666,"Morgans Point, TX",21.0,0.0,0.0,,0.7407407407407407,0.0,0.0,0.0,0.37037037037037035,0.5726435861516911,0.0,0.15736791001648034,0.354196533513822
48201334101,Harris County,0.5507,9367,29.6624999,-95.39349,10.666666666666666,"Morgans Point, TX",17.0,0.0,0.0,,0.7901234567901234,0.0,0.0,0.0,0.3950617283950617,0.5510306183710226,0.0,0.10226651986317233,0.3533136152754018
48201553002,Harris County,0.6505,4712,30.0121778,-95.4809464,10.666666666666666,"Morgans Point, TX",40.0,0.0,0.0,,0.5061728395061729,0.0,0.0,0.0,0.25308641975308643,0.6508905343205924,0.0,0.43047668293715863,0.3522037174787825
48201341101,Harris County,0.3953,1961,29.5394197,-95.1349929,10.666666666666666,"Morgans Point, TX",10.0,0.0,0.0,,0.8765432098765432,0.0,0.0,0.0,0.4382716049382716,0.3955373223934361,0.0,0.35947094909086025,0.3518305138493391
48201232901,Harris County,0.5338,4919,29.8003936,-95.1995606,10.666666666666666,"Morgans Point, TX",19.0,0.0,0.0,,0.7654320987654322,0.0,0.0,0.0,0.38271604938271614,0.5341204722833701,0.0,0.1904450127672411,0.3515028651839574
48201553700,Harris County,0.6305,4415,30.0172559,-95.510313,10.666666666666666,"Morgans Point, TX",39.0,0.0,0.0,,0.5185185185185186,0.0,0.0,0.0,0.2592592592592593,0.6308785271162698,0.0,0.45260470664778446,0.3511906954663261
48201330301,Harris County,0.5593,8579,29.6404142,-95.4709368,10.666666666666666,"Morgans Point, TX",22.0,0.0,0.0,,0.7283950617283951,0.0,0.0,0.0,0.3641975308641975,0.5596357814688814,0.0,0.19292355265754058,0.3510719785953073
48201423201,Harris County,0.5646,2957,29.6609302,-95.5426618,10.666666666666666,"Morgans Point, TX",25.0,0.0,0.0,,0.691358024691358,0.0,0.0,0.0,0.34567901234567894,0.5649389633780268,0.0,0.2571419364599978,0.35075143821496335
48201551502,Harris County,0.6463,4937,29.9383278,-95.5293345,10.666666666666666,"Morgans Point, TX",38.0,0.0,0.0,,0.5308641975308642,0.0,0.0,0.0,0.2654320987654321,0.6466880128076846,0.0,0.36951443765115183,0.350402292051865
48201314302,Harris County,0.5562,1469,29.6847382,-95.4182205,10.666666666666666,"Morgans Point, TX",19.0,0.0,0.0,,0.7654320987654322,0.0,0.0,0.0,0.38271604938271614,0.5565339203522114,0.0,0.10249533229818727,0.3494319315577044
48201333906,Harris County,0.4898,5677,29.6056656,-95.2580461,10.666666666666666,"Morgans Point, TX",15.0,0.0,0.0,,0.8148148148148149,0.0,0.0,0.0,0.40740740740740744,0.49009405643386034,0.0,0.1903388382442079,0.34939543408791224
48201522401,Harris County,0.6492,5553,29.7985786,-95.5493255,10.666666666666666,"Morgans Point, TX",35.0,0.0,0.0,,0.5679012345679013,0.0,0.0,0.0,0.28395061728395066,0.6495897538523114,0.0,0.26637598400073054,0.3492923023335443
48201454200,Harris County,0.5681,4413,29.7051834,-95.6694725,10.666666666666666,"Morgans Point, TX",31.0,0.0,0.0,,0.617283950617284,0.0,0.0,0.0,0.308641975308642,0.5684410646387833,0.0,0.39859539115278914,0.3492807473958028
48201313000,Harris County,0.5791,3059,29.7200378,-95.3744784,10.666666666666666,"Morgans Point, TX",19.0,0.0,0.0,,0.7654320987654322,0.0,0.0,0.0,0.38271604938271614,0.5794476686011607,0.0,0.031314221815846276,0.3491879449841551
48201550601,Harris County,0.6193,7513,29.9572629,-95.458552,10.666666666666666,"Morgans Point, TX",35.0,0.0,0.0,,0.5679012345679013,0.0,0.0,0.0,0.28395061728395066,0.6196718030818491,0.0,0.34716277508744847,0.34839559621107735
48201241101,Harris County,0.6127,5197,30.0624648,-95.3891185,10.666666666666666,"Morgans Point, TX",39.0,0.0,0.0,,0.5185185185185186,0.0,0.0,0.0,0.2592592592592593,0.6130678407044227,0.0,0.47041704909496457,0.34762872378748993
48201251701,Harris County,0.5227,3400,30.036491,-95.103554,10.666666666666666,"Morgans Point, TX",31.0,0.0,0.0,,0.617283950617284,0.0,0.0,0.0,0.308641975308642,0.523013808284971,0.0,0.5182578256518913,0.3476188139395694
48201221301,Harris County,0.5919,4241,29.8524559,-95.3782561,10.666666666666666,"Morgans Point, TX",26.0,0.0,0.0,,0.6790123456790124,0.0,0.0,0.0,0.3395061728395062,0.5922553532119271,0.0,0.17151298796492806,0.34760568253784874
48201341501,Harris County,0.3606,6414,29.5779743,-95.038054,10.666666666666666,"Morgans Point, TX",10.0,0.0,0.0,,0.8765432098765432,0.0,0.0,0.0,0.4382716049382716,0.36081648989393633,0.0,0.4208669951967964,0.34755386871008276
48201541301,Harris County,0.5984,5567,29.8719383,-95.6528696,10.666666666666666,"Morgans Point, TX",36.0,0.0,0.0,,0.5555555555555556,0.0,0.0,0.0,0.2777777777777778,0.5987592555533321,0.0,0.4275346760982352,0.3473812442758231
48201422100,Harris County,0.5529,5443,29.6482654,-95.4870792,10.666666666666666,"Morgans Point, TX",23.0,0.0,0.0,,0.7160493827160495,0.0,0.0,0.0,0.3580246913580247,0.5532319391634981,0.0,0.20300019936044272,0.34738071279620486
48201553804,Harris County,0.677,5732,30.0387788,-95.532343,10.666666666666666,"Morgans Point, TX",47.0,0.0,0.0,,0.41975308641975306,0.0,0.0,0.0,0.20987654320987653,0.6774064438663199,0.0,0.4926556632307168,0.34693194392741206
48201543201,Harris County,0.5836,5728,29.7993972,-95.5724269,10.666666666666666,"Morgans Point, TX",30.0,0.0,0.0,,0.6296296296296297,0.0,0.0,0.0,0.3148148148148148,0.5839503702221334,0.0,0.29376109490902147,0.3462278872242088
48201540200,Harris County,0.6164,1893,29.823358,-95.5697134,10.666666666666666,"Morgans Point, TX",34.0,0.0,0.0,,0.5802469135802469,0.0,0.0,0.0,0.29012345679012347,0.6167700620372223,0.0,0.3037751550353492,0.34596408967025716
48201313201,Harris County,0.5439,1370,29.7064172,-95.3504938,10.666666666666666,"Morgans Point, TX",16.0,0.0,0.0,,0.8024691358024691,0.0,0.0,0.0,0.4012345679012346,0.544226535921553,0.0,0.020734275290214283,0.3458969438610429
48201551501,Harris County,0.6294,3296,29.9460826,-95.558878,10.666666666666666,"Morgans Point, TX",39.0,0.0,0.0,,0.5185185185185186,0.0,0.0,0.0,0.2592592592592593,0.629777866720032,0.0,0.40149199604892877,0.34574922628756916
48201253201,Harris County,0.4006,6002,29.7988564,-94.9323333,10.666666666666666,"Morgans Point, TX",18.0,0.0,0.0,,0.7777777777777778,0.0,0.0,0.0,0.3888888888888889,0.40084050430258156,0.0,0.5048689355325215,0.3457390448440266
48201541703,Harris County,0.6092,3016,29.8023949,-95.6658103,10.666666666666666,"Morgans Point, TX",37.0,0.0,0.0,,0.5432098765432098,0.0,0.0,0.0,0.2716049382716049,0.6095657394436662,0.0,0.4062672411461283,0.3457186681699349
48201543008,Harris County,0.6307,5429,29.8869772,-95.6893703,10.666666666666666,"Morgans Point, TX",42.0,0.0,0.0,,0.4814814814814815,0.0,0.0,0.0,0.24074074074074076,0.6310786471883131,0.0,0.4777593467293736,0.3454328621627646
48201410102,Harris County,0.4925,3980,29.7591689,-95.3790614,10.666666666666666,"Morgans Point, TX",12.0,0.0,0.0,,0.8518518518518519,0.0,0.0,0.0,0.425925925925926,0.49279567740644387,0.0,0.052786117512061165,0.344783981639806
48201451003,Harris County,0.5597,4384,29.744056,-95.5864149,10.666666666666666,"Morgans Point, TX",28.0,0.0,0.0,,0.654320987654321,0.0,0.0,0.0,0.3271604938271605,0.5600360216129677,0.0,0.2945865292141226,0.3446916816275248
48201542108,Harris County,0.6369,5064,29.8757415,-95.6968466,10.666666666666666,"Morgans Point, TX",43.0,0.0,0.0,,0.4691358024691358,0.0,0.0,0.0,0.23456790123456792,0.6372823694216531,0.0,0.4788932599684485,0.34462959237889634
48201334002,Harris County,0.4452,2276,29.6084085,-95.2143178,10.666666666666666,"Morgans Point, TX",13.0,0.0,0.0,,0.8395061728395061,0.0,0.0,0.0,0.41975308641975306,0.4454672803682209,0.0,0.2196074166492718,0.34448981466428236
48201341800,Harris County,0.3177,2187,29.6339494,-95.0245468,10.666666666666666,"Morgans Point, TX",6.0,0.0,0.0,,0.9259259259259259,0.0,0.0,0.0,0.46296296296296297,0.3178907344406644,0.0,0.40289959872690023,0.3439905135382227
48201522402,Harris County,0.589,3711,29.7986937,-95.5587071,10.666666666666666,"Morgans Point, TX",31.0,0.0,0.0,,0.617283950617284,0.0,0.0,0.0,0.308641975308642,0.5893536121673004,0.0,0.2773559657054642,0.3434305691096255
48201241202,Harris County,0.6218,4772,30.0506762,-95.3998062,10.666666666666666,"Morgans Point, TX",41.0,0.0,0.0,,0.49382716049382713,0.0,0.0,0.0,0.24691358024691357,0.6221733039823895,0.0,0.45556640068643145,0.34331974237447105
48201240803,Harris County,0.676,2562,30.0304915,-95.4173916,10.666666666666666,"Morgans Point, TX",46.0,0.0,0.0,,0.4320987654320988,0.0,0.0,0.0,0.2160493827160494,0.6764058435061038,0.0,0.43121387810801526,0.3432653630848549
48201533500,Harris County,0.5898,4206,29.8923877,-95.4196267,10.666666666666666,"Morgans Point, TX",30.0,0.0,0.0,,0.6296296296296297,0.0,0.0,0.0,0.3148148148148148,0.5901540924554733,0.0,0.24251658886360938,0.34296455328966957
48201433300,Harris County,0.5857,4842,29.6983415,-95.5291351,10.666666666666666,"Morgans Point, TX",29.0,0.0,0.0,,0.6419753086419753,0.0,0.0,0.0,0.32098765432098764,0.5860516309785871,0.0,0.2262976325291032,0.34288969699093086
48201240905,Harris County,0.575,5517,30.0122091,-95.3164752,10.666666666666666,"Morgans Point, TX",34.0,0.0,0.0,,0.5802469135802469,0.0,0.0,0.0,0.29012345679012347,0.5753452071242745,0.0,0.3955389305223564,0.34271301074507354
48201541401,Harris County,0.6034,4604,29.8574106,-95.6506938,10.666666666666666,"Morgans Point, TX",38.0,0.0,0.0,,0.5308641975308642,0.0,0.0,0.0,0.2654320987654321,0.6037622573544127,0.0,0.415752577346516,0.34214837938541987
48201451603,Harris County,0.5587,3685,29.7594273,-95.633117,10.666666666666666,"Morgans Point, TX",31.0,0.0,0.0,,0.617283950617284,0.0,0.0,0.0,0.308641975308642,0.5590354212527516,0.0,0.3546307690924208,0.3420625921739565
48201540102,Harris County,0.607,5985,29.8685925,-95.5812725,10.666666666666666,"Morgans Point, TX",36.0,0.0,0.0,,0.5555555555555556,0.0,0.0,0.0,0.2777777777777778,0.6073644186511907,0.0,0.3484890890403672,0.3420582344993939
48201552200,Harris County,0.6741,8189,29.9523563,-95.6385056,10.666666666666666,"Morgans Point, TX",48.0,0.0,0.0,,0.40740740740740744,0.0,0.0,0.0,0.20370370370370372,0.6745047028216931,0.0,0.4781762672551995,0.34183570423869447
48201413203,Harris County,0.5221,2017,29.7032683,-95.425711,10.666666666666666,"Morgans Point, TX",18.0,0.0,0.0,,0.7777777777777778,0.0,0.0,0.0,0.3888888888888889,0.5224134480688414,0.0,0.09940780866574501,0.341664815287227
48201251402,Harris County,0.4767,6952,30.0743768,-95.2031065,10.666666666666666,"Morgans Point, TX",28.0,0.0,0.0,,0.654320987654321,0.0,0.0,0.0,0.3271604938271605,0.47698619171502904,0.0,0.5120808198162765,0.3415261617183586
48201541802,Harris County,0.5906,3818,29.7918917,-95.7000975,10.666666666666666,"Morgans Point, TX",38.0,0.0,0.0,,0.5308641975308642,0.0,0.0,0.0,0.2654320987654321,0.5909545727436463,0.0,0.44446479112842907,0.3411772953803812
48201553403,Harris County,0.6132,8636,30.0590538,-95.4624926,10.666666666666666,"Morgans Point, TX",42.0,0.0,0.0,,0.4814814814814815,0.0,0.0,0.0,0.24074074074074076,0.6135681408845307,0.0,0.4854601261209128,0.34094978821078387
48201550902,Harris County,0.6051,4104,29.9607733,-95.4895385,10.666666666666666,"Morgans Point, TX",37.0,0.0,0.0,,0.5432098765432098,0.0,0.0,0.0,0.2716049382716049,0.60546327796678,0.0,0.36896544075007315,0.3407577496872635
48201542105,Harris County,0.6031,8418,29.8519801,-95.7109415,10.666666666666666,"Morgans Point, TX",41.0,0.0,0.0,,0.49382716049382713,0.0,0.0,0.0,0.24691358024691357,0.6034620772463478,0.0,0.4815972026387397,0.3403094545488894
48201350603,Harris County,0.3463,4509,29.5345772,-95.171547,10.666666666666666,"Morgans Point, TX",8.0,0.0,0.0,,0.9012345679012346,0.0,0.0,0.0,0.4506172839506173,0.3465079047428457,0.0,0.33528909827677217,0.34025905902830866
48201350601,Harris County,0.3997,4329,29.5545735,-95.1718691,10.666666666666666,"Morgans Point, TX",13.0,0.0,0.0,,0.8395061728395061,0.0,0.0,0.0,0.41975308641975306,0.39993996397838705,0.0,0.3126078291978622,0.3401316610021912
48201323801,Harris County,0.4496,3959,29.6743814,-95.1891936,10.666666666666666,"Morgans Point, TX",14.0,0.0,0.0,,0.8271604938271605,0.0,0.0,0.0,0.41358024691358025,0.44986992195317194,0.0,0.19030187338973586,0.3401022750360363
48201310102,Harris County,0.4832,2502,29.759711,-95.3428956,10.666666666666666,"Morgans Point, TX",12.0,0.0,0.0,,0.8518518518518519,0.0,0.0,0.0,0.425925925925926,0.4834900940564339,0.0,0.03239926837863981,0.3399536217214609
48201454600,Harris County,0.5909,5683,29.7804684,-95.7356985,10.666666666666666,"Morgans Point, TX",40.0,0.0,0.0,,0.5061728395061729,0.0,0.0,0.0,0.25308641975308643,0.591254752851711,0.0,0.48527990836151974,0.3397933055805542
48201341600,Harris County,0.3116,7194,29.5919704,-95.0201976,10.666666666666666,"Morgans Point, TX",8.0,0.0,0.0,,0.9012345679012346,0.0,0.0,0.0,0.4506172839506173,0.311787072243346,0.0,0.4311095143924316,0.3394248508900247
48201431203,Harris County,0.5332,2387,29.74153,-95.5088059,10.666666666666666,"Morgans Point, TX",24.0,0.0,0.0,,0.7037037037037037,0.0,0.0,0.0,0.35185185185185186,0.5335201120672404,0.0,0.19794759420631253,0.3381841263741367
48201422702,Harris County,0.5469,3088,29.698989,-95.5093677,10.666666666666666,"Morgans Point, TX",26.0,0.0,0.0,,0.6790123456790124,0.0,0.0,0.0,0.3395061728395062,0.5472283370022014,0.0,0.20192799365696637,0.3371390782441348
48201341001,Harris County,0.3782,4056,29.5520045,-95.1364907,10.666666666666666,"Morgans Point, TX",13.0,0.0,0.0,,0.8395061728395061,0.0,0.0,0.0,0.41975308641975306,0.37842705623374023,0.0,0.34522551698506154,0.33693955745751714
48201341102,Harris County,0.3392,2271,29.5472894,-95.1182423,10.666666666666666,"Morgans Point, TX",10.0,0.0,0.0,,0.8765432098765432,0.0,0.0,0.0,0.4382716049382716,0.3394036421853112,0.0,0.3662955197550651,0.33567286685332204
48201241103,Harris County,0.5331,3957,30.0474108,-95.3807767,10.666666666666666,"Morgans Point, TX",34.0,0.0,0.0,,0.5802469135802469,0.0,0.0,0.0,0.29012345679012347,0.5334200520312188,0.0,0.4477502246066874,0.33535659362558995
48201322702,Harris County,0.4091,3795,29.7060332,-95.1668094,10.666666666666666,"Morgans Point, TX",12.0,0.0,0.0,,0.8518518518518519,0.0,0.0,0.0,0.425925925925926,0.40934560736441866,0.0,0.20527695126979015,0.3349980440029713
48201321101,Harris County,0.4044,3489,29.617103,-95.2057141,10.666666666666666,"Morgans Point, TX",12.0,0.0,0.0,,0.8518518518518519,0.0,0.0,0.0,0.425925925925926,0.4046427856714028,0.0,0.21820054566243882,0.3348795569343314
48201550404,Harris County,0.5772,6646,29.9698614,-95.4555684,10.666666666666666,"Morgans Point, TX",36.0,0.0,0.0,,0.5555555555555556,0.0,0.0,0.0,0.2777777777777778,0.5775465279167501,0.0,0.36228709252478475,0.3344926676275035
48201252303,Harris County,0.3934,5031,29.7936799,-95.1468291,10.666666666666666,"Morgans Point, TX",12.0,0.0,0.0,,0.8518518518518519,0.0,0.0,0.0,0.425925925925926,0.3936361817090255,0.0,0.24544541772237533,0.33430206295161186
48201553300,Harris County,0.6256,3857,30.0258952,-95.4347051,10.666666666666666,"Morgans Point, TX",44.0,0.0,0.0,,0.45679012345679015,0.0,0.0,0.0,0.22839506172839508,0.6259755853512108,0.0,0.43000373295760547,0.3335708266789016
48201341302,Harris County,0.3105,3305,29.5532621,-95.1036441,10.666666666666666,"Morgans Point, TX",8.0,0.0,0.0,,0.9012345679012346,0.0,0.0,0.0,0.4506172839506173,0.31068641184710827,0.0,0.3741573553192325,0.3333994368638335
48201330802,Harris County,0.4835,10478,29.5951606,-95.3870003,10.666666666666666,"Morgans Point, TX",20.0,0.0,0.0,,0.7530864197530864,0.0,0.0,0.0,0.3765432098765432,0.4837902741644987,0.0,0.18651111024974812,0.3332326377187688
48201323702,Harris County,0.4408,3053,29.6453195,-95.1766173,10.666666666666666,"Morgans Point, TX",17.0,0.0,0.0,,0.7901234567901234,0.0,0.0,0.0,0.3950617283950617,0.44106463878327,0.0,0.22291018364673154,0.33238818777743195
48201553102,Harris County,0.5839,4669,30.0151924,-95.4595253,10.666666666666666,"Morgans Point, TX",40.0,0.0,0.0,,0.5061728395061729,0.0,0.0,0.0,0.25308641975308643,0.5842505503301981,0.0,0.4247101115306625,0.3316350651410146
48201432200,Harris County,0.5275,3600,29.7329622,-95.5301033,10.666666666666666,"Morgans Point, TX",27.0,0.0,0.0,,0.6666666666666667,0.0,0.0,0.0,0.33333333333333337,0.5278166900140084,0.0,0.22371176032975804,0.3307161830371783
48201452103,Harris County,0.5234,1688,29.7315502,-95.5754462,10.666666666666666,"Morgans Point, TX",29.0,0.0,0.0,,0.6419753086419753,0.0,0.0,0.0,0.32098765432098764,0.5237142285371222,0.0,0.28013559310211006,0.3295722723157921
48201320902,Harris County,0.402,3280,29.6477918,-95.2317334,10.666666666666666,"Morgans Point, TX",12.0,0.0,0.0,,0.8518518518518519,0.0,0.0,0.0,0.425925925925926,0.40224134480688417,0.0,0.16460679490985772,0.32879974959971775
48201552604,Harris County,0.6351,3571,29.9641416,-95.5739305,10.666666666666666,"Morgans Point, TX",47.0,0.0,0.0,,0.41975308641975306,0.0,0.0,0.0,0.20987654320987653,0.6354812887732639,0.0,0.4333212222663167,0.32842095330305526
48201540800,Harris County,0.566,6461,29.8880933,-95.6022229,10.666666666666666,"Morgans Point, TX",38.0,0.0,0.0,,0.5308641975308642,0.0,0.0,0.0,0.2654320987654321,0.5663398038823294,0.0,0.38580154485464835,0.3279265400946081
48201553201,Harris County,0.5776,2700,30.0236878,-95.4502063,10.666666666666666,"Morgans Point, TX",41.0,0.0,0.0,,0.49382716049382713,0.0,0.0,0.0,0.24691358024691357,0.5779467680608366,0.0,0.43249377607674633,0.3277445191370367
48201451401,Harris County,0.5198,3547,29.7503672,-95.6123667,10.666666666666666,"Morgans Point, TX",31.0,0.0,0.0,,0.617283950617284,0.0,0.0,0.0,0.308641975308642,0.5201120672403443,0.0,0.3275482356214523,0.3276773326231374
48201541403,Harris County,0.5766,3247,29.8548135,-95.6651534,10.666666666666666,"Morgans Point, TX",41.0,0.0,0.0,,0.49382716049382713,0.0,0.0,0.0,0.24691358024691357,0.5769461677006203,0.0,0.4305164753908945,0.32724660896038665
48201350801,Harris County,0.3247,5212,29.5249126,-95.1752215,10.666666666666666,"Morgans Point, TX",11.0,0.0,0.0,,0.8641975308641976,0.0,0.0,0.0,0.4320987654320988,0.3248949369621773,0.0,0.34378487666964685,0.32629141320006233
48201552004,Harris County,0.5845,3441,29.9095372,-95.5949663,10.666666666666666,"Morgans Point, TX",41.0,0.0,0.0,,0.49382716049382713,0.0,0.0,0.0,0.24691358024691357,0.5848509105463279,0.0,0.39720911822342775,0.32628729609735224
48201342900,Harris County,0.3143,7306,29.6716312,-95.1049703,10.666666666666666,"Morgans Point, TX",8.0,0.0,0.0,,0.9012345679012346,0.0,0.0,0.0,0.4506172839506173,0.3144886932159296,0.0,0.2910587577876829,0.32623026152132495
48201542202,Harris County,0.5594,8625,29.8524543,-95.7477262,10.666666666666666,"Morgans Point, TX",43.0,0.0,0.0,,0.4691358024691358,0.0,0.0,0.0,0.23456790123456792,0.559735841504903,0.0,0.5248116002216482,0.32595746802919134
48201451100,Harris County,0.516,4479,29.7560155,-95.5807553,10.666666666666666,"Morgans Point, TX",30.0,0.0,0.0,,0.6296296296296297,0.0,0.0,0.0,0.3148148148148148,0.516309785871523,0.0,0.2893256672297229,0.3254921691510958
48201532800,Harris County,0.5,2120,29.8714664,-95.4714738,10.666666666666666,"Morgans Point, TX",27.0,0.0,0.0,,0.6666666666666667,0.0,0.0,0.0,0.33333333333333337,0.5003001801080649,0.0,0.2496501263341012,0.3250550666658296
48201251800,Harris County,0.3578,1656,29.9733747,-95.0333022,10.666666666666666,"Morgans Point, TX",21.0,0.0,0.0,,0.7407407407407407,0.0,0.0,0.0,0.37037037037037035,0.3580148088853312,0.0,0.5061269833063258,0.3246838076628986
48201541801,Harris County,0.5394,3301,29.7956969,-95.7120202,10.666666666666666,"Morgans Point, TX",39.0,0.0,0.0,,0.5185185185185186,0.0,0.0,0.0,0.2592592592592593,0.5397238343005804,0.0,0.46010082959108856,0.3245938999159496
48201232600,Harris County,0.4101,2678,29.7844995,-95.2495802,10.666666666666666,"Morgans Point, TX",13.0,0.0,0.0,,0.8395061728395061,0.0,0.0,0.0,0.41975308641975306,0.4103462077246348,0.0,0.125767455976135,0.32456949680389285
48201313102,Harris County,0.4884,1727,29.7137231,-95.3916512,10.666666666666666,"Morgans Point, TX",19.0,0.0,0.0,,0.7654320987654322,0.0,0.0,0.0,0.38271604938271614,0.4886932159295578,0.0,0.05440944037550338,0.32427113103863997
48201531400,Harris County,0.5019,2113,29.8302031,-95.4709951,10.666666666666666,"Morgans Point, TX",26.0,0.0,0.0,,0.6790123456790124,0.0,0.0,0.0,0.3395061728395062,0.5022013207924755,0.0,0.20601537725470706,0.3240397117409911
48201541901,Harris County,0.5142,2892,29.8067448,-95.6962227,10.666666666666666,"Morgans Point, TX",36.0,0.0,0.0,,0.5555555555555556,0.0,0.0,0.0,0.2777777777777778,0.5145087052231339,0.0,0.44448518596276076,0.3238011301632162
48201250901,Harris County,0.396,3723,30.0439916,-95.1642092,10.666666666666666,"Morgans Point, TX",25.0,0.0,0.0,,0.691358024691358,0.0,0.0,0.0,0.34567901234567894,0.39623774264558737,0.0,0.490145448630171,0.32344142321224884
48201341204,Harris County,0.2657,3470,29.5527678,-95.0756935,10.666666666666666,"Morgans Point, TX",8.0,0.0,0.0,,0.9012345679012346,0.0,0.0,0.0,0.4506172839506173,0.2658595157094257,0.0,0.4017453074243795,0.32271016323304347
48201554001,Harris County,0.5316,3445,30.0103797,-95.5250906,10.666666666666666,"Morgans Point, TX",39.0,0.0,0.0,,0.5185185185185186,0.0,0.0,0.0,0.2592592592592593,0.5319191514908945,0.0,0.45264631576744746,0.3215070436906798
48201221702,Harris County,0.5124,3003,29.8877924,-95.3825019,10.666666666666666,"Morgans Point, TX",29.0,0.0,0.0,,0.6419753086419753,0.0,0.0,0.0,0.32098765432098764,0.5127076245747448,0.0,0.22198944099333903,0.3204556759162018
48201511600,Harris County,0.4466,3554,29.8030113,-95.3770418,10.666666666666666,"Morgans Point, TX",18.0,0.0,0.0,,0.7777777777777778,0.0,0.0,0.0,0.3888888888888889,0.44686812087252353,0.0,0.10379558727278534,0.3194399949890356
48201541500,Harris County,0.5432,5744,29.8567279,-95.6796231,10.666666666666666,"Morgans Point, TX",41.0,0.0,0.0,,0.49382716049382713,0.0,0.0,0.0,0.24691358024691357,0.5435261156694017,0.0,0.44809596016950665,0.3189785418288823
48201520200,Harris County,0.5031,3095,29.789358,-95.476561,10.666666666666666,"Morgans Point, TX",27.0,0.0,0.0,,0.6666666666666667,0.0,0.0,0.0,0.33333333333333337,0.5034020412247349,0.0,0.17821651067647853,0.3188422634350684
48201532504,Harris County,0.5442,4335,29.8940267,-95.5084176,10.666666666666666,"Morgans Point, TX",36.0,0.0,0.0,,0.5555555555555556,0.0,0.0,0.0,0.2777777777777778,0.5445267160296178,0.0,0.3039833276129073,0.31875634757017607
48201542003,Harris County,0.517,3779,29.811598,-95.7114603,10.666666666666666,"Morgans Point, TX",39.0,0.0,0.0,,0.5185185185185186,0.0,0.0,0.0,0.2592592592592593,0.5173103862317391,0.0,0.4645831635945268,0.3183180988956411
48201411802,Harris County,0.449,2161,29.7281886,-95.4187689,10.666666666666666,"Morgans Point, TX",18.0,0.0,0.0,,0.7777777777777778,0.0,0.0,0.0,0.3888888888888889,0.44926956173704224,0.0,0.08492870304786407,0.3182737388258991
48201542103,Harris County,0.5435,9086,29.8572378,-95.6965551,10.666666666666666,"Morgans Point, TX",42.0,0.0,0.0,,0.4814814814814815,0.0,0.0,0.0,0.24074074074074076,0.5438262957774664,0.0,0.4677688417885525,0.3182581062454285
48201552103,Harris County,0.5574,3617,29.9382426,-95.6248007,10.666666666666666,"Morgans Point, TX",43.0,0.0,0.0,,0.4691358024691358,0.0,0.0,0.0,0.23456790123456792,0.5577346407844707,0.0,0.4520681603916304,0.3180827638300598
48201540903,Harris County,0.5433,3780,29.9059343,-95.6255423,10.666666666666666,"Morgans Point, TX",41.0,0.0,0.0,,0.49382716049382713,0.0,0.0,0.0,0.24691358024691357,0.5436261757054233,0.0,0.4242609688823169,0.3166250607109698
48201454305,Harris County,0.4679,3260,29.7269102,-95.6489919,10.666666666666666,"Morgans Point, TX",31.0,0.0,0.0,,0.617283950617284,0.0,0.0,0.0,0.308641975308642,0.46818090854512706,0.0,0.3717216200885558,0.31651532346128264
48201555101,Harris County,0.5414,4490,30.0789393,-95.4883887,10.666666666666666,"Morgans Point, TX",45.0,0.0,0.0,,0.4444444444444444,0.0,0.0,0.0,0.2222222222222222,0.5417250350210127,0.0,0.5228980038021258,0.31480731088651637
48201240704,Harris County,0.505,4545,30.0129474,-95.4218273,10.666666666666666,"Morgans Point, TX",37.0,0.0,0.0,,0.5432098765432098,0.0,0.0,0.0,0.2716049382716049,0.5053031819091455,0.0,0.4079773250616915,0.314610909301135
48201450301,Harris County,0.4813,2467,29.7751728,-95.5943455,10.666666666666666,"Morgans Point, TX",31.0,0.0,0.0,,0.617283950617284,0.0,0.0,0.0,0.308641975308642,0.48158895337202323,0.0,0.31067444891251017,0.31443301979174687
48201313202,Harris County,0.4526,2618,29.7071865,-95.3693828,10.666666666666666,"Morgans Point, TX",18.0,0.0,0.0,,0.7777777777777778,0.0,0.0,0.0,0.3888888888888889,0.45287172303382034,0.0,0.03422695928708212,0.31428421283885427
48201330901,Harris County,0.4471,10866,29.617472,-95.3983444,10.666666666666666,"Morgans Point, TX",22.0,0.0,0.0,,0.7283950617283951,0.0,0.0,0.0,0.3641975308641975,0.4473684210526316,0.0,0.1615498101204113,0.31425439621671947
48201422302,Harris County,0.4385,1936,29.6490268,-95.4971327,10.666666666666666,"Morgans Point, TX",23.0,0.0,0.0,,0.7160493827160495,0.0,0.0,0.0,0.3580246913580247,0.4387632579547729,0.0,0.21316684954499526,0.31405677345204247
48201350202,Harris County,0.3709,4854,29.5954032,-95.2383815,10.666666666666666,"Morgans Point, TX",16.0,0.0,0.0,,0.8024691358024691,0.0,0.0,0.0,0.4012345679012346,0.3711226736041625,0.0,0.21581464455156468,0.3134738220919608
48201552502,Harris County,0.5231,6528,29.9554541,-95.5726421,10.666666666666666,"Morgans Point, TX",40.0,0.0,0.0,,0.5061728395061729,0.0,0.0,0.0,0.25308641975308643,0.5234140484290575,0.0,0.42288739774821593,0.3132018431924277
48201413301,Harris County,0.4717,5057,29.6908538,-95.4217495,10.666666666666666,"Morgans Point, TX",23.0,0.0,0.0,,0.7160493827160495,0.0,0.0,0.0,0.3580246913580247,0.4719831899139484,0.0,0.1018804771592441,0.31289411580122006
48201543100,Harris County,0.5742,3236,29.9626481,-95.8506413,10.666666666666666,"Morgans Point, TX",56.0,0.0,0.0,,0.308641975308642,0.0,0.0,0.0,0.154320987654321,0.5745447268361017,0.0,0.7057371702466195,0.31238157951993695
48201431206,Harris County,0.4347,1862,29.7408525,-95.5140448,10.666666666666666,"Morgans Point, TX",23.0,0.0,0.0,,0.7160493827160495,0.0,0.0,0.0,0.3580246913580247,0.43496097658595156,0.0,0.20436406948317692,0.31203581103521427
48201454801,Harris County,0.5127,4201,29.7707516,-95.7433909,10.666666666666666,"Morgans Point, TX",42.0,0.0,0.0,,0.4814814814814815,0.0,0.0,0.0,0.24074074074074076,0.5130078046828097,0.0,0.49290439557378535,0.31152611429555477
48201541005,Harris County,0.5313,4405,29.9119752,-95.6324988,10.666666666666666,"Morgans Point, TX",42.0,0.0,0.0,,0.4814814814814815,0.0,0.0,0.0,0.24074074074074076,0.5316189713828298,0.0,0.43634340485083767,0.31145336523326606
48201343302,Harris County,0.2552,4649,29.6705855,-95.0618749,10.666666666666666,"Morgans Point, TX",9.0,0.0,0.0,,0.8888888888888888,0.0,0.0,0.0,0.4444444444444444,0.25535321192715627,0.0,0.3434473330408386,0.31095069688223076
48201241105,Harris County,0.4707,5816,30.0439159,-95.3652759,10.666666666666666,"Morgans Point, TX",36.0,0.0,0.0,,0.5555555555555556,0.0,0.0,0.0,0.2777777777777778,0.4709825895537323,0.0,0.4410348841524516,0.3103982652813648
48201412901,Harris County,0.4223,1914,29.6850348,-95.452935,10.666666666666666,"Morgans Point, TX",20.0,0.0,0.0,,0.7530864197530864,0.0,0.0,0.0,0.3765432098765432,0.4225535321192716,0.0,0.14052923863070255,0.3102634279432962
48201532503,Harris County,0.5145,5734,29.8914228,-95.5153015,10.666666666666666,"Morgans Point, TX",36.0,0.0,0.0,,0.5555555555555556,0.0,0.0,0.0,0.2777777777777778,0.5148088853311987,0.0,0.30696607925468145,0.31013927352482773
48201410706,Harris County,0.4067,1703,29.7361984,-95.3850116,10.666666666666666,"Morgans Point, TX",15.0,0.0,0.0,,0.8148148148148149,0.0,0.0,0.0,0.40740740740740744,0.40694416649989995,0.0,0.04405503277982768,0.3098220865612861
48201551300,Harris County,0.5107,3945,29.9502616,-95.5079947,10.666666666666666,"Morgans Point, TX",38.0,0.0,0.0,,0.5308641975308642,0.0,0.0,0.0,0.2654320987654321,0.5110066039623775,0.0,0.36795946451693523,0.30954237208485125
48201454902,Harris County,0.4151,8533,29.7493175,-95.7410644,10.666666666666666,"Morgans Point, TX",32.0,0.0,0.0,,0.6049382716049383,0.0,0.0,0.0,0.30246913580246915,0.41534920952571547,0.0,0.48727824881976095,0.30944369885080186
48201452204,Harris County,0.4498,2309,29.7330201,-95.5683818,10.666666666666666,"Morgans Point, TX",28.0,0.0,0.0,,0.654320987654321,0.0,0.0,0.0,0.3271604938271605,0.4500700420252151,0.0,0.271378827934178,0.3093811176232045
48201250500,Harris County,0.366,5862,29.9929597,-95.1954273,10.666666666666666,"Morgans Point, TX",24.0,0.0,0.0,,0.7037037037037037,0.0,0.0,0.0,0.35185185185185186,0.36621973183910345,0.0,0.4073719512360364,0.30893644800866804
48201534101,Harris County,0.504,2911,29.9170973,-95.5375312,10.666666666666666,"Morgans Point, TX",37.0,0.0,0.0,,0.5432098765432098,0.0,0.0,0.0,0.2716049382716049,0.5043025815489294,0.0,0.35278693024769453,0.3087916897116705
48201531500,Harris County,0.4551,2638,29.8369083,-95.476414,10.666666666666666,"Morgans Point, TX",27.0,0.0,0.0,,0.6666666666666667,0.0,0.0,0.0,0.33333333333333337,0.45537322393436064,0.0,0.21747369935423574,0.3083593371157318
48201451502,Harris County,0.4218,2260,29.7596259,-95.6143903,10.666666666666666,"Morgans Point, TX",28.0,0.0,0.0,,0.654320987654321,0.0,0.0,0.0,0.3271604938271605,0.4220532319391635,0.0,0.3315297274091955,0.30699116454489084
48201432303,Harris County,0.4669,2268,29.7330116,-95.5517775,10.666666666666666,"Morgans Point, TX",30.0,0.0,0.0,,0.6296296296296297,0.0,0.0,0.0,0.3148148148148148,0.46718030818491096,0.0,0.2507019406694201,0.30689095318908194
48201550407,Harris County,0.4594,5129,29.9779675,-95.4575753,10.666666666666666,"Morgans Point, TX",34.0,0.0,0.0,,0.5802469135802469,0.0,0.0,0.0,0.29012345679012347,0.45967580548328996,0.0,0.37398939636064055,0.3058572368366066
48201521600,Harris County,0.482,3060,29.8431718,-95.5325591,10.666666666666666,"Morgans Point, TX",33.0,0.0,0.0,,0.5925925925925926,0.0,0.0,0.0,0.2962962962962963,0.4822893736241745,0.0,0.27786372973983814,0.3058065183945695
48201331502,Harris County,0.3877,5010,29.6305535,-95.3733149,10.666666666666666,"Morgans Point, TX",18.0,0.0,0.0,,0.7777777777777778,0.0,0.0,0.0,0.3888888888888889,0.3879327596557935,0.0,0.13297604498184218,0.3046774323949223
48201532101,Harris County,0.4859,4283,29.8440369,-95.4780006,10.666666666666666,"Morgans Point, TX",32.0,0.0,0.0,,0.6049382716049383,0.0,0.0,0.0,0.30246913580246915,0.4861917150290174,0.0,0.22592544547780355,0.3045611701675967
48201420300,Harris County,0.4085,3490,29.6705847,-95.454883,10.666666666666666,"Morgans Point, TX",21.0,0.0,0.0,,0.7407407407407407,0.0,0.0,0.0,0.37037037037037035,0.40874524714828897,0.0,0.15209391546592685,0.304499632357746
48201423303,Harris County,0.4035,1330,29.6601449,-95.51088,10.666666666666666,"Morgans Point, TX",23.0,0.0,0.0,,0.7160493827160495,0.0,0.0,0.0,0.3580246913580247,0.4037422453472084,0.0,0.22104371978357656,0.3043381566936313
48201451902,Harris County,0.4111,2643,29.7225162,-95.5987045,10.666666666666666,"Morgans Point, TX",27.0,0.0,0.0,,0.6666666666666667,0.0,0.0,0.0,0.33333333333333337,0.41134680808485097,0.0,0.3091831397839924,0.3043223564038545
48201341400,Harris County,0.249,5873,29.5917747,-95.0695211,10.666666666666666,"Morgans Point, TX",12.0,0.0,0.0,,0.8518518518518519,0.0,0.0,0.0,0.425925925925926,0.2491494896938163,0.0,0.3769739710347409,0.3041089106782857
48201440102,Harris County,0.4432,4683,29.639988,-95.5394412,10.666666666666666,"Morgans Point, TX",29.0,0.0,0.0,,0.6419753086419753,0.0,0.0,0.0,0.32098765432098764,0.44346607964778867,0.0,0.2657047884212933,0.30405474718091036
48201431304,Harris County,0.4313,3247,29.7460547,-95.4980367,10.666666666666666,"Morgans Point, TX",25.0,0.0,0.0,,0.691358024691358,0.0,0.0,0.0,0.34567901234567894,0.43155893536121676,0.0,0.1853240063408758,0.3035556367980081
48201333905,Harris County,0.3615,3264,29.6191775,-95.2599372,10.666666666666666,"Morgans Point, TX",17.0,0.0,0.0,,0.7901234567901234,0.0,0.0,0.0,0.3950617283950617,0.3617170302181309,0.0,0.1725608913300133,0.3035489759762184
48201542600,Harris County,0.4647,7370,29.7937905,-95.7891972,10.666666666666666,"Morgans Point, TX",42.0,0.0,0.0,,0.4814814814814815,0.0,0.0,0.0,0.24074074074074076,0.4649789873924355,0.0,0.5540559736643925,0.30323262691750325
48201542800,Harris County,0.4965,8449,29.8239522,-95.8152033,10.666666666666666,"Morgans Point, TX",47.0,0.0,0.0,,0.41975308641975306,0.0,0.0,0.0,0.20987654320987653,0.4967980788473084,0.0,0.5942345022376618,0.30290731832240314
48201350102,Harris County,0.3,4933,29.5644702,-95.2310779,10.666666666666666,"Morgans Point, TX",14.0,0.0,0.0,,0.8271604938271605,0.0,0.0,0.0,0.41358024691358025,0.3001801080648389,0.0,0.2583358225386688,0.30199872578442966
48201253102,Harris County,0.2152,6576,29.8287723,-94.9611742,10.666666666666666,"Morgans Point, TX",13.0,0.0,0.0,,0.8395061728395061,0.0,0.0,0.0,0.41975308641975306,0.21532919751851112,0.0,0.4804378347907489,0.30153143162351714
48201314001,Harris County,0.3903,2855,29.699002,-95.3923379,10.666666666666666,"Morgans Point, TX",17.0,0.0,0.0,,0.7901234567901234,0.0,0.0,0.0,0.3950617283950617,0.39053432059235543,0.0,0.06429981151431464,0.3013680551069159
48201251903,Harris County,0.3624,4204,29.958112,-95.116828,10.666666666666666,"Morgans Point, TX",27.0,0.0,0.0,,0.6666666666666667,0.0,0.0,0.0,0.33333333333333337,0.3626175705423254,0.0,0.4183145036603173,0.3006167215287294
48201314005,Harris County,0.4171,2993,29.6836581,-95.3970225,10.666666666666666,"Morgans Point, TX",21.0,0.0,0.0,,0.7407407407407407,0.0,0.0,0.0,0.37037037037037035,0.4173504102461477,0.0,0.08236357903731101,0.3001081476442421
48201100001,Harris County,0.4511,5256,29.7547559,-95.3621919,10.666666666666666,"Morgans Point, TX",23.0,0.0,0.0,,0.7160493827160495,0.0,0.0,0.0,0.3580246913580247,0.45137082249349614,0.0,0.034008174056029676,0.29992317526476286
48201542700,Harris County,0.4893,4108,29.7925692,-95.8132146,10.666666666666666,"Morgans Point, TX",47.0,0.0,0.0,,0.41975308641975306,0.0,0.0,0.0,0.20987654320987653,0.4895937562537523,0.0,0.5832993896413139,0.2996525102847015
48201540601,Harris County,0.4488,4042,29.862197,-95.6324332,10.666666666666666,"Morgans Point, TX",36.0,0.0,0.0,,0.5555555555555556,0.0,0.0,0.0,0.2777777777777778,0.449069441664999,0.0,0.39852949133150467,0.2995737816326502
48201556000,Harris County,0.731,11421,30.0771931,-95.8554199,10.666666666666666,"Morgans Point, TX",81.0,0.0,0.0,,0.0,0.0,0.0,0.0,0.0,0.7314388633179908,0.0,0.8001671270726849,0.29944837170266575
48201250101,Harris County,0.3769,4612,29.9610718,-95.2772815,10.666666666666666,"Morgans Point, TX",26.0,0.0,0.0,,0.6790123456790124,0.0,0.0,0.0,0.3395061728395062,0.3771262757654593,0.0,0.3301559457345508,0.29893125508087065
48201430700,Harris County,0.4142,3919,29.7770812,-95.5388154,10.666666666666666,"Morgans Point, TX",27.0,0.0,0.0,,0.6666666666666667,0.0,0.0,0.0,0.33333333333333337,0.41444866920152096,0.0,0.24417231257572353,0.29875183201802863
48201252002,Harris County,0.3294,5682,29.8906515,-95.1693923,10.666666666666666,"Morgans Point, TX",20.0,0.0,0.0,,0.7530864197530864,0.0,0.0,0.0,0.3765432098765432,0.32959775865519314,0.0,0.30245560753281575,0.29856933279428394
48201554202,Harris County,0.5346,3543,30.0061995,-95.5751032,10.666666666666666,"Morgans Point, TX",49.0,0.0,0.0,,0.3950617283950617,0.0,0.0,0.0,0.19753086419753085,0.5349209525715429,0.0,0.4814740640778052,0.2975125810681323
48201552303,Harris County,0.4732,2549,29.9588406,-95.589254,10.666666666666666,"Morgans Point, TX",41.0,0.0,0.0,,0.49382716049382713,0.0,0.0,0.0,0.24691358024691357,0.4734840904542726,0.0,0.44040042986534306,0.29719638123392716
48201552301,Harris County,0.513,4402,29.9567545,-95.6135219,10.666666666666666,"Morgans Point, TX",46.0,0.0,0.0,,0.4320987654320988,0.0,0.0,0.0,0.2160493827160494,0.5133079847908746,0.0,0.4594745835351005,0.29716207601299466
48201240904,Harris County,0.43,9399,30.0122897,-95.2792805,10.666666666666666,"Morgans Point, TX",35.0,0.0,0.0,,0.5679012345679013,0.0,0.0,0.0,0.28395061728395066,0.4302581548929358,0.0,0.40156556889976935,0.2970117811356355
48201251000,Harris County,0.325,3015,30.0346082,-95.1886074,10.666666666666666,"Morgans Point, TX",26.0,0.0,0.0,,0.6790123456790124,0.0,0.0,0.0,0.3395061728395062,0.3251951170702422,0.0,0.465313010350693,0.29686761393391975
48201451301,Harris County,0.4045,4012,29.7407161,-95.5987278,10.666666666666666,"Morgans Point, TX",29.0,0.0,0.0,,0.6419753086419753,0.0,0.0,0.0,0.32098765432098764,0.4047428457074245,0.0,0.3095853600483135,0.2968258341615031
48201552002,Harris County,0.4801,1338,29.9132313,-95.6088331,10.666666666666666,"Morgans Point, TX",41.0,0.0,0.0,,0.49382716049382713,0.0,0.0,0.0,0.24691358024691357,0.4803882329397639,0.0,0.413962486386701,0.29662382963171036
48201343100,Harris County,0.2113,4058,29.6588158,-95.0784324,10.666666666666666,"Morgans Point, TX",9.0,0.0,0.0,,0.8888888888888888,0.0,0.0,0.0,0.4444444444444444,0.2114268561136682,0.0,0.3279668634084617,0.29622474317494657
48201550700,Harris County,0.4714,5048,29.9427007,-95.496592,10.666666666666666,"Morgans Point, TX",38.0,0.0,0.0,,0.5308641975308642,0.0,0.0,0.0,0.2654320987654321,0.4716830098058835,0.0,0.3511623601759176,0.2960655834038013
48201342002,Harris County,0.2633,4074,29.6430472,-95.1519622,10.666666666666666,"Morgans Point, TX",12.0,0.0,0.0,,0.8518518518518519,0.0,0.0,0.0,0.425925925925926,0.2634580748449069,0.0,0.2514008980116607,0.2958441789213048
48201552003,Harris County,0.4384,4679,29.9248033,-95.5937346,10.666666666666666,"Morgans Point, TX",37.0,0.0,0.0,,0.5432098765432098,0.0,0.0,0.0,0.2716049382716049,0.4386631979187513,0.0,0.41027522871852806,0.2948487044697004
48201413000,Harris County,0.3862,3457,29.6974479,-95.4423158,10.666666666666666,"Morgans Point, TX",21.0,0.0,0.0,,0.7407407407407407,0.0,0.0,0.0,0.37037037037037035,0.3864318591154693,0.0,0.12168562898633319,0.29476478729994077
48201451006,Harris County,0.4038,2390,29.743152,-95.5786091,10.666666666666666,"Morgans Point, TX",29.0,0.0,0.0,,0.6419753086419753,0.0,0.0,0.0,0.32098765432098764,0.4040424254552732,0.0,0.2847961801738498,0.2941367900984113
48201312700,Harris County,0.3789,2198,29.7267574,-95.3682096,10.666666666666666,"Morgans Point, TX",17.0,0.0,0.0,,0.7901234567901234,0.0,0.0,0.0,0.3950617283950617,0.37912747648589157,0.0,0.022004952233898662,0.29371651594693515
48201451605,Harris County,0.4003,3291,29.7474047,-95.6270511,10.666666666666666,"Morgans Point, TX",31.0,0.0,0.0,,0.617283950617284,0.0,0.0,0.0,0.308641975308642,0.40054032419451674,0.0,0.3454150174188708,0.293592487889131
48201240903,Harris County,0.4305,7185,30.0272748,-95.3003066,10.666666666666666,"Morgans Point, TX",37.0,0.0,0.0,,0.5432098765432098,0.0,0.0,0.0,0.2716049382716049,0.43075845507304383,0.0,0.41894033289108984,0.29334379203324434
48201554807,Harris County,0.5013,6667,30.0325647,-95.5932037,10.666666666666666,"Morgans Point, TX",49.0,0.0,0.0,,0.3950617283950617,0.0,0.0,0.0,0.19753086419753085,0.5016009605763458,0.0,0.5252814868166009,0.29189732574345273
48201451606,Harris County,0.3767,6517,29.7444334,-95.6370778,10.666666666666666,"Morgans Point, TX",30.0,0.0,0.0,,0.6296296296296297,0.0,0.0,0.0,0.3148148148148148,0.37692615569341603,0.0,0.3575805314294264,0.29050256651763406
48201454302,Harris County,0.3572,6064,29.715347,-95.6704755,10.666666666666666,"Morgans Point, TX",30.0,0.0,0.0,,0.6296296296296297,0.0,0.0,0.0,0.3148148148148148,0.3574144486692016,0.0,0.39891302029142695,0.28878230329656984
48201314003,Harris County,0.3628,2322,29.6919314,-95.3978089,10.666666666666666,"Morgans Point, TX",19.0,0.0,0.0,,0.7654320987654322,0.0,0.0,0.0,0.38271604938271614,0.36301781068641187,0.0,0.07565371320779023,0.2886929367489248
48201451404,Harris County,0.3757,4078,29.7505376,-95.621921,10.666666666666666,"Morgans Point, TX",30.0,0.0,0.0,,0.6296296296296297,0.0,0.0,0.0,0.3148148148148148,0.37592555533319993,0.0,0.3394200398712242,0.28838633725374907
48201542106,Harris County,0.4635,8350,29.8721091,-95.7107909,10.666666666666666,"Morgans Point, TX",45.0,0.0,0.0,,0.4444444444444444,0.0,0.0,0.0,0.2222222222222222,0.46377826696017616,0.0,0.4924722845238117,0.288380708540434
48201342001,Harris County,0.1912,6404,29.6406328,-95.1261843,10.666666666666666,"Morgans Point, TX",8.0,0.0,0.0,,0.9012345679012346,0.0,0.0,0.0,0.4506172839506173,0.191314788873324,0.0,0.2817331235181426,0.28834552679158926
48201551601,Harris County,0.4445,3246,29.9298646,-95.5565503,10.666666666666666,"Morgans Point, TX",39.0,0.0,0.0,,0.5185185185185186,0.0,0.0,0.0,0.2592592592592593,0.4447668601160697,0.0,0.3822753718927944,0.28832426189076704
48201555200,Harris County,0.4735,12448,30.0968234,-95.4685384,10.666666666666666,"Morgans Point, TX",48.0,0.0,0.0,,0.40740740740740744,0.0,0.0,0.0,0.20370370370370372,0.4737842705623374,0.0,0.5394203409035327,0.28774398192572115
48201241201,Harris County,0.4596,3314,30.0384045,-95.3889323,10.666666666666666,"Morgans Point, TX",43.0,0.0,0.0,,0.4691358024691358,0.0,0.0,0.0,0.23456790123456792,0.45987592555533324,0.0,0.4361684882225857,0.28713518204441413
48201552602,Harris County,0.4824,7162,29.9754278,-95.5770636,10.666666666666666,"Morgans Point, TX",46.0,0.0,0.0,,0.4320987654320988,0.0,0.0,0.0,0.2160493827160494,0.48268961376826097,0.0,0.4481932157776158,0.2868484279304621
48201552101,Harris County,0.4505,4457,29.9234939,-95.6188028,10.666666666666666,"Morgans Point, TX",42.0,0.0,0.0,,0.4814814814814815,0.0,0.0,0.0,0.24074074074074076,0.45077046227736645,0.0,0.4328362689584714,0.2868480989123904
48201431303,Harris County,0.3714,1274,29.7405491,-95.4988604,10.666666666666666,"Morgans Point, TX",25.0,0.0,0.0,,0.691358024691358,0.0,0.0,0.0,0.34567901234567894,0.37162297378427056,0.0,0.18548392704630795,0.28559084039546745
48201431902,Harris County,0.3672,2810,29.7364815,-95.4641258,10.666666666666666,"Morgans Point, TX",23.0,0.0,0.0,,0.7160493827160495,0.0,0.0,0.0,0.3580246913580247,0.3674204522713629,0.0,0.1418844927218685,0.28552569606470685
48167720100,Galveston County,0.2117,5701,29.5430634,-95.2097728,10.666666666666666,"Morgans Point, TX",12.0,0.0,0.0,,0.8518518518518519,0.0,0.0,0.0,0.425925925925926,0.21182709625775467,0.0,0.2983220912663621,0.2850470046706293
48201454400,Harris County,0.3353,1081,29.7454505,-95.6690868,10.666666666666666,"Morgans Point, TX",29.0,0.0,0.0,,0.6419753086419753,0.0,0.0,0.0,0.32098765432098764,0.3355013007804683,0.0,0.3974625331824071,0.2848410879968256
48201542902,Harris County,0.4406,28999,29.8387065,-95.800019,10.666666666666666,"Morgans Point, TX",47.0,0.0,0.0,,0.41975308641975306,0.0,0.0,0.0,0.20987654320987653,0.4408645187112267,0.0,0.5810900673457677,0.28481280679238924
48201542001,Harris County,0.393,4528,29.8209048,-95.7145336,10.666666666666666,"Morgans Point, TX",38.0,0.0,0.0,,0.5308641975308642,0.0,0.0,0.0,0.2654320987654321,0.393235941564939,0.0,0.4717608068338695,0.2845913075973131
48201240906,Harris County,0.394,7766,30.0238653,-95.3170674,10.666666666666666,"Morgans Point, TX",36.0,0.0,0.0,,0.5555555555555556,0.0,0.0,0.0,0.2777777777777778,0.3942365419251551,0.0,0.4121672672806127,0.2844876893056078
48201323602,Harris County,0.2423,4818,29.6399305,-95.1873105,10.666666666666666,"Morgans Point, TX",13.0,0.0,0.0,,0.8395061728395061,0.0,0.0,0.0,0.41975308641975306,0.24244546728036823,0.0,0.21568827362078188,0.28319135643507753
48201531200,Harris County,0.3621,3375,29.8271285,-95.4528622,10.666666666666666,"Morgans Point, TX",25.0,0.0,0.0,,0.691358024691358,0.0,0.0,0.0,0.34567901234567894,0.36231739043426053,0.0,0.18662620260853635,0.2829133929466873
48201240707,Harris County,0.3783,5433,29.9793584,-95.4147413,10.666666666666666,"Morgans Point, TX",33.0,0.0,0.0,,0.5925925925925926,0.0,0.0,0.0,0.2962962962962963,0.3785271162697619,0.0,0.3591079419742807,0.28280226241168993
48201451604,Harris County,0.3603,3614,29.7681348,-95.632999,10.666666666666666,"Morgans Point, TX",31.0,0.0,0.0,,0.617283950617284,0.0,0.0,0.0,0.308641975308642,0.36051630978587157,0.0,0.35620235927787164,0.28266401775243755
48201431204,Harris County,0.3496,2853,29.745188,-95.5037723,10.666666666666666,"Morgans Point, TX",24.0,0.0,0.0,,0.7037037037037037,0.0,0.0,0.0,0.35185185185185186,0.349809885931559,0.0,0.19225922565798664,0.28250222167859973
48201312502,Harris County,0.3823,1946,29.7361643,-95.3764282,10.666666666666666,"Morgans Point, TX",22.0,0.0,0.0,,0.7283950617283951,0.0,0.0,0.0,0.3641975308641975,0.3825295177106264,0.0,0.03362238703509408,0.2820099829055862
48201553405,Harris County,0.4264,6641,30.0550828,-95.447725,10.666666666666666,"Morgans Point, TX",43.0,0.0,0.0,,0.4691358024691358,0.0,0.0,0.0,0.23456790123456792,0.4266559935961577,0.0,0.47468517115706804,0.2810208707501097
48201431803,Harris County,0.3322,2298,29.745855,-95.4654037,10.666666666666666,"Morgans Point, TX",21.0,0.0,0.0,,0.7407407407407407,0.0,0.0,0.0,0.37037037037037035,0.3323994396637983,0.0,0.1450607626774994,0.2808925748335561
48201340202,Harris County,0.1725,8375,29.6133268,-95.1398275,10.666666666666666,"Morgans Point, TX",9.0,0.0,0.0,,0.8888888888888888,0.0,0.0,0.0,0.4444444444444444,0.17260356213728237,0.0,0.28612440756003027,0.28039350939718777
48201554701,Harris County,0.4268,3181,30.0029583,-95.5883784,10.666666666666666,"Morgans Point, TX",44.0,0.0,0.0,,0.45679012345679015,0.0,0.0,0.0,0.22839506172839508,0.42705623374024415,0.0,0.48774538389427674,0.2796691862892787
48201541402,Harris County,0.4303,2821,29.8537562,-95.6574109,10.666666666666666,"Morgans Point, TX",42.0,0.0,0.0,,0.4814814814814815,0.0,0.0,0.0,0.24074074074074076,0.43055833500100066,0.0,0.4211119044945754,0.27961202428309107
48201341502,Harris County,0.1384,4321,29.5614395,-95.0375896,10.666666666666666,"Morgans Point, TX",11.0,0.0,0.0,,0.8641975308641976,0.0,0.0,0.0,0.4320987654320988,0.13848308985391236,0.0,0.43363444247069005,0.2793528156476872
48201450801,Harris County,0.3654,1724,29.75982,-95.5680076,10.666666666666666,"Morgans Point, TX",30.0,0.0,0.0,,0.6296296296296297,0.0,0.0,0.0,0.3148148148148148,0.3656193716229738,0.0,0.27440187268926236,0.27879266542248504
48201543006,Harris County,0.4051,17397,29.9089598,-95.708362,10.666666666666666,"Morgans Point, TX",43.0,0.0,0.0,,0.4691358024691358,0.0,0.0,0.0,0.23456790123456792,0.40534320592355416,0.0,0.5135650316692835,0.2785150204995502
48201250403,Harris County,0.2966,3525,30.0011721,-95.1425237,10.666666666666666,"Morgans Point, TX",29.0,0.0,0.0,,0.6419753086419753,0.0,0.0,0.0,0.32098765432098764,0.29677806684010405,0.0,0.4494145158946516,0.27841931608594084
48201431101,Harris County,0.3596,4952,29.7441598,-95.5356583,10.666666666666666,"Morgans Point, TX",28.0,0.0,0.0,,0.654320987654321,0.0,0.0,0.0,0.3271604938271605,0.35981588953372023,0.0,0.23159747872223907,0.2783267369545622
48201552902,Harris County,0.4403,5613,29.9945434,-95.5178223,10.666666666666666,"Morgans Point, TX",44.0,0.0,0.0,,0.45679012345679015,0.0,0.0,0.0,0.22839506172839508,0.44056433860316196,0.0,0.42845017072007396,0.27779209643073377
48201240705,Harris County,0.3543,3984,30.0147192,-95.4097904,10.666666666666666,"Morgans Point, TX",34.0,0.0,0.0,,0.5802469135802469,0.0,0.0,0.0,0.29012345679012347,0.35451270762457476,0.0,0.40710332461902116,0.2776197003048301
48201210600,Harris County,0.3533,5821,29.8070404,-95.3653598,10.666666666666666,"Morgans Point, TX",23.0,0.0,0.0,,0.7160493827160495,0.0,0.0,0.0,0.3580246913580247,0.3535121072643586,0.0,0.1044356974253833,0.2776083130329571
48201251200,Harris County,0.2993,6537,30.0577974,-95.223459,10.666666666666666,"Morgans Point, TX",31.0,0.0,0.0,,0.617283950617284,0.0,0.0,0.0,0.308641975308642,0.29947968781268763,0.0,0.4816405469665852,0.2768968499293537
48201430200,Harris County,0.3811,1475,29.7759823,-95.4847472,10.666666666666666,"Morgans Point, TX",29.0,0.0,0.0,,0.6419753086419753,0.0,0.0,0.0,0.32098765432098764,0.38132879727836705,0.0,0.17970263240594517,0.2768133468685491
48201541204,Harris County,0.4108,5805,29.88497,-95.6594957,10.666666666666666,"Morgans Point, TX",42.0,0.0,0.0,,0.4814814814814815,0.0,0.0,0.0,0.24074074074074076,0.4110466279767861,0.0,0.4437281918597631,0.27602014091234545
48201451405,Harris County,0.3347,2600,29.7412332,-95.6211734,10.666666666666666,"Morgans Point, TX",30.0,0.0,0.0,,0.6296296296296297,0.0,0.0,0.0,0.3148148148148148,0.3349009405643386,0.0,0.33754168709358917,0.2758911175453272
48201540700,Harris County,0.3854,5145,29.857098,-95.6131462,10.666666666666666,"Morgans Point, TX",37.0,0.0,0.0,,0.5432098765432098,0.0,0.0,0.0,0.2716049382716049,0.3856313788272964,0.0,0.37392115387177977,0.2753037512575891
48201552102,Harris County,0.3978,5676,29.9380579,-95.6157981,10.666666666666666,"Morgans Point, TX",41.0,0.0,0.0,,0.49382716049382713,0.0,0.0,0.0,0.24691358024691357,0.3980388232939764,0.0,0.44341902961426516,0.27486466106073054
48201310101,Harris County,0.3158,2764,29.7525284,-95.3436349,10.666666666666666,"Morgans Point, TX",17.0,0.0,0.0,,0.7901234567901234,0.0,0.0,0.0,0.3950617283950617,0.3159895937562538,0.0,0.022235042336940226,0.2747981601383479
48201410705,Harris County,0.3416,1103,29.7366033,-95.3940763,10.666666666666666,"Morgans Point, TX",21.0,0.0,0.0,,0.7407407407407407,0.0,0.0,0.0,0.37037037037037035,0.3418050830498299,0.0,0.055251849623299265,0.2747333765439456
48201520700,Harris County,0.3271,4485,29.7993191,-95.4967336,10.666666666666666,"Morgans Point, TX",25.0,0.0,0.0,,0.691358024691358,0.0,0.0,0.0,0.34567901234567894,0.327296377826696,0.0,0.20708838263641302,0.2744533071672056
48201552901,Harris County,0.3922,4678,29.9937663,-95.5061963,10.666666666666666,"Morgans Point, TX",40.0,0.0,0.0,,0.5061728395061729,0.0,0.0,0.0,0.25308641975308643,0.3924354612767661,0.0,0.42040936015542263,0.27366046328746096
48201251902,Harris County,0.2088,7676,29.9082834,-95.0972575,10.666666666666666,"Morgans Point, TX",19.0,0.0,0.0,,0.7654320987654322,0.0,0.0,0.0,0.38271604938271614,0.2089253552131279,0.0,0.3846873244152504,0.2733685612276857
48201542304,Harris County,0.3927,5827,29.8239135,-95.725545,10.666666666666666,"Morgans Point, TX",43.0,0.0,0.0,,0.4691358024691358,0.0,0.0,0.0,0.23456790123456792,0.39293576145687414,0.0,0.4861225022274323,0.272048534215361
48201511004,Harris County,0.3348,1988,29.7950372,-95.4256842,10.666666666666666,"Morgans Point, TX",24.0,0.0,0.0,,0.7037037037037037,0.0,0.0,0.0,0.35185185185185186,0.3350010006003602,0.0,0.13035068722824067,0.27186870223626547
48201241002,Harris County,0.3641,5439,30.0560607,-95.3374648,10.666666666666666,"Morgans Point, TX",39.0,0.0,0.0,,0.5185185185185186,0.0,0.0,0.0,0.2592592592592593,0.3643185911546928,0.0,0.45739206315866765,0.2717014503289413
48201542107,Harris County,0.357,3729,29.8722427,-95.6878599,10.666666666666666,"Morgans Point, TX",39.0,0.0,0.0,,0.5185185185185186,0.0,0.0,0.0,0.2592592592592593,0.3572143285971583,0.0,0.4666427622181408,0.27049524146762827
48201451501,Harris County,0.3223,3473,29.7601723,-95.6223627,10.666666666666666,"Morgans Point, TX",31.0,0.0,0.0,,0.617283950617284,0.0,0.0,0.0,0.308641975308642,0.3224934960976586,0.0,0.34147582496556145,0.26978452021474264
48201250406,Harris County,0.3372,4773,29.9849665,-95.1866776,10.666666666666666,"Morgans Point, TX",35.0,0.0,0.0,,0.5679012345679013,0.0,0.0,0.0,0.28395061728395066,0.33740244146487897,0.0,0.40193850779709805,0.2691923609969513
48201431804,Harris County,0.3041,2011,29.7479826,-95.4590542,10.666666666666666,"Morgans Point, TX",22.0,0.0,0.0,,0.7283950617283951,0.0,0.0,0.0,0.3641975308641975,0.30428256954172506,0.0,0.13780432873453788,0.26895409262486014
48201521502,Harris County,0.3406,2893,29.8277109,-95.515963,10.666666666666666,"Morgans Point, TX",30.0,0.0,0.0,,0.6296296296296297,0.0,0.0,0.0,0.3148148148148148,0.3408044826896138,0.0,0.24836321262600888,0.26874433273615167
48201241001,Harris County,0.3455,3952,30.0351908,-95.3443265,10.666666666666666,"Morgans Point, TX",37.0,0.0,0.0,,0.5432098765432098,0.0,0.0,0.0,0.2716049382716049,0.3457074244546728,0.0,0.42747315322721363,0.26868176488134543
48201251401,Harris County,0.2192,3065,30.0808776,-95.1912368,10.666666666666666,"Morgans Point, TX",27.0,0.0,0.0,,0.6666666666666667,0.0,0.0,0.0,0.33333333333333337,0.21933159895937565,0.0,0.5258008806809931,0.26837956775591204
48201342801,Harris County,0.1302,5172,29.6860043,-95.102856,10.666666666666666,"Morgans Point, TX",9.0,0.0,0.0,,0.8888888888888888,0.0,0.0,0.0,0.4444444444444444,0.1302781669001401,0.0,0.28878136720673564,0.2679615867907156
48201333600,Harris County,0.2754,3673,29.6589549,-95.2992029,10.666666666666666,"Morgans Point, TX",18.0,0.0,0.0,,0.7777777777777778,0.0,0.0,0.0,0.3888888888888889,0.2755653392035221,0.0,0.09861180587425082,0.2675307823484817
48201534204,Harris County,0.3966,4246,29.8833074,-95.5366596,10.666666666666666,"Morgans Point, TX",39.0,0.0,0.0,,0.5185185185185186,0.0,0.0,0.0,0.2592592592592593,0.39683810286171706,0.0,0.3177006378922747,0.2674881613144093
48201555501,Harris County,0.4428,6109,30.074519,-95.6557622,10.666666666666666,"Morgans Point, TX",55.0,0.0,0.0,,0.32098765432098764,0.0,0.0,0.0,0.16049382716049382,0.44306583950370226,0.0,0.6201656417296352,0.26715853824629643
48201511001,Harris County,0.3023,3041,29.7994395,-95.4435741,10.666666666666666,"Morgans Point, TX",23.0,0.0,0.0,,0.7160493827160495,0.0,0.0,0.0,0.3580246913580247,0.30248148889333604,0.0,0.15144508397444043,0.267000066176556
48201430101,Harris County,0.3357,3214,29.7802489,-95.4638738,10.666666666666666,"Morgans Point, TX",27.0,0.0,0.0,,0.6666666666666667,0.0,0.0,0.0,0.33333333333333337,0.33590154092455476,0.0,0.15824284299639665,0.2665947465770061
48201232202,Harris County,0.2736,5460,29.9203668,-95.2654855,10.666666666666666,"Morgans Point, TX",25.0,0.0,0.0,,0.691358024691358,0.0,0.0,0.0,0.34567901234567894,0.2737642585551331,0.0,0.2779669385929891,0.2654815269813944
48201431600,Harris County,0.3167,3324,29.764816,-95.4842774,10.666666666666666,"Morgans Point, TX",26.0,0.0,0.0,,0.6790123456790124,0.0,0.0,0.0,0.3395061728395062,0.31689013408044825,0.0,0.17404561410732228,0.2652493794126445
48201342802,Harris County,0.1485,3116,29.6973737,-95.1005422,10.666666666666666,"Morgans Point, TX",12.0,0.0,0.0,,0.8518518518518519,0.0,0.0,0.0,0.425925925925926,0.14858915349209526,0.0,0.28877607911177217,0.2651210206254725
48201553500,Harris County,0.3388,6892,30.037378,-95.4753518,10.666666666666666,"Morgans Point, TX",39.0,0.0,0.0,,0.5185185185185186,0.0,0.0,0.0,0.2592592592592593,0.33900340204122476,0.0,0.4613824534438642,0.26450593262342054
48201343200,Harris County,0.0858,4740,29.6581158,-95.0553648,10.666666666666666,"Morgans Point, TX",8.0,0.0,0.0,,0.9012345679012346,0.0,0.0,0.0,0.4506172839506173,0.08585151090654393,0.0,0.35583051103077257,0.26411628215281824
48201420600,Harris County,0.281,2409,29.6611026,-95.47013,10.666666666666666,"Morgans Point, TX",23.0,0.0,0.0,,0.7160493827160495,0.0,0.0,0.0,0.3580246913580247,0.28116870122073245,0.0,0.17536887791818492,0.26299860926914936
48201542500,Harris County,0.3408,3863,29.7936124,-95.7642913,10.666666666666666,"Morgans Point, TX",42.0,0.0,0.0,,0.4814814814814815,0.0,0.0,0.0,0.24074074074074076,0.341004602761657,0.0,0.5234520996867208,0.26297992413050253
48201552402,Harris County,0.4075,2765,29.9448636,-95.5965247,10.666666666666666,"Morgans Point, TX",46.0,0.0,0.0,,0.4320987654320988,0.0,0.0,0.0,0.2160493827160494,0.4077446467880728,0.0,0.43243031639097596,0.2627886478977417
48201410704,Harris County,0.2695,1869,29.7422384,-95.38543,10.666666666666666,"Morgans Point, TX",18.0,0.0,0.0,,0.7777777777777778,0.0,0.0,0.0,0.3888888888888889,0.269661797078247,0.0,0.04690559108704818,0.2605890982321789
48201250305,Harris County,0.237,5569,29.9688045,-95.2133443,10.666666666666666,"Morgans Point, TX",26.0,0.0,0.0,,0.6790123456790124,0.0,0.0,0.0,0.3395061728395062,0.23714228537122273,0.0,0.36655904597034245,0.2605763679861789
48201551901,Harris County,0.3239,2521,29.9034698,-95.5860688,10.666666666666666,"Morgans Point, TX",36.0,0.0,0.0,,0.5555555555555556,0.0,0.0,0.0,0.2777777777777778,0.32409445667400444,0.0,0.3831349593987739,0.2605418329420787
48201350300,Harris County,0.1586,6299,29.5828801,-95.2248554,10.666666666666666,"Morgans Point, TX",13.0,0.0,0.0,,0.8395061728395061,0.0,0.0,0.0,0.41975308641975306,0.15869521713027818,0.0,0.24015076958760173,0.2605125309867325
48201340800,Harris County,0.1045,5436,29.5814929,-95.1438192,10.666666666666666,"Morgans Point, TX",10.0,0.0,0.0,,0.8765432098765432,0.0,0.0,0.0,0.4382716049382716,0.10456273764258556,0.0,0.309743577366173,0.25956540125161515
48201314401,Harris County,0.2732,1599,29.6965548,-95.4043924,10.666666666666666,"Morgans Point, TX",20.0,0.0,0.0,,0.7530864197530864,0.0,0.0,0.0,0.3765432098765432,0.2733640184110466,0.0,0.0789764140619903,0.25935129137395746
48201450600,Harris County,0.3066,4943,29.7709259,-95.6163028,10.666666666666666,"Morgans Point, TX",33.0,0.0,0.0,,0.5925925925925926,0.0,0.0,0.0,0.2962962962962963,0.30678407044226536,0.0,0.33635183784030503,0.25900373825004347
48201340600,Harris County,0.106,2522,29.5758631,-95.1312524,10.666666666666666,"Morgans Point, TX",11.0,0.0,0.0,,0.8641975308641976,0.0,0.0,0.0,0.4320987654320988,0.10606363818290974,0.0,0.32691806840286686,0.2589553427396041
48201450401,Harris County,0.3081,1656,29.7732999,-95.6099354,10.666666666666666,"Morgans Point, TX",33.0,0.0,0.0,,0.5925925925925926,0.0,0.0,0.0,0.2962962962962963,0.30828497098258956,0.0,0.32917211522658996,0.2587360361507692
48201452102,Harris County,0.2855,2007,29.7347268,-95.5783081,10.666666666666666,"Morgans Point, TX",29.0,0.0,0.0,,0.6419753086419753,0.0,0.0,0.0,0.32098765432098764,0.285671402841705,0.0,0.2838052254307169,0.25852638784002757
48201542201,Harris County,0.3584,7237,29.8702618,-95.726161,10.666666666666666,"Morgans Point, TX",45.0,0.0,0.0,,0.4444444444444444,0.0,0.0,0.0,0.2222222222222222,0.3586151691014609,0.0,0.5089572591225101,0.25848027664268924
48201250405,Harris County,0.1902,10214,29.9888114,-95.1692973,10.666666666666666,"Morgans Point, TX",24.0,0.0,0.0,,0.7037037037037037,0.0,0.0,0.0,0.35185185185185186,0.19031418851310788,0.0,0.41710600581613144,0.25713819046887887
48201554805,Harris County,0.4247,9361,30.0311806,-95.583542,10.666666666666666,"Morgans Point, TX",53.0,0.0,0.0,,0.345679012345679,0.0,0.0,0.0,0.17283950617283947,0.4249549729837903,0.0,0.5167150292369175,0.2569357725966066
48201312902,Harris County,0.2546,2250,29.7146857,-95.3646164,10.666666666666666,"Morgans Point, TX",17.0,0.0,0.0,,0.7901234567901234,0.0,0.0,0.0,0.3950617283950617,0.25475285171102663,0.0,0.023080420318743234,0.2565116753229601
48201552802,Harris County,0.3644,4215,29.9759575,-95.5301385,10.666666666666666,"Morgans Point, TX",43.0,0.0,0.0,,0.4691358024691358,0.0,0.0,0.0,0.23456790123456792,0.36461877126275766,0.0,0.4138850611493225,0.2563296930493151
48201554908,Harris County,0.3403,7642,30.0886061,-95.5465971,10.666666666666666,"Morgans Point, TX",46.0,0.0,0.0,,0.4320987654320988,0.0,0.0,0.0,0.2160493827160494,0.34050430258154896,0.0,0.564279557407963,0.2558014687374832
48201553001,Harris County,0.359,5771,30.0019366,-95.4947839,10.666666666666666,"Morgans Point, TX",43.0,0.0,0.0,,0.4691358024691358,0.0,0.0,0.0,0.23456790123456792,0.35921552931759054,0.0,0.42431627077325607,0.2557518414281583
48201410300,Harris County,0.2713,3552,29.7564318,-95.4041075,10.666666666666666,"Morgans Point, TX",21.0,0.0,0.0,,0.7407407407407407,0.0,0.0,0.0,0.37037037037037035,0.27146287772663596,0.0,0.07638909905888339,0.2557444398905458
48201314402,Harris County,0.2179,2095,29.6886576,-95.4100413,10.666666666666666,"Morgans Point, TX",16.0,0.0,0.0,,0.8024691358024691,0.0,0.0,0.0,0.4012345679012346,0.21803081849109468,0.0,0.09088255280479733,0.2550530563833637
48201542901,Harris County,0.2946,9577,29.8147304,-95.7618657,10.666666666666666,"Morgans Point, TX",40.0,0.0,0.0,,0.5061728395061729,0.0,0.0,0.0,0.25308641975308643,0.2947768661196718,0.0,0.5265813136248072,0.25498008008727113
48201422000,Harris County,0.2492,2235,29.6620014,-95.4846575,10.666666666666666,"Morgans Point, TX",23.0,0.0,0.0,,0.7160493827160495,0.0,0.0,0.0,0.3580246913580247,0.24934960976585954,0.0,0.19053835265989869,0.25496982930685885
48201340302,Harris County,0.1116,6607,29.5997387,-95.1142661,10.666666666666666,"Morgans Point, TX",13.0,0.0,0.0,,0.8395061728395061,0.0,0.0,0.0,0.41975308641975306,0.11166700020012008,0.0,0.32347043333427145,0.25473603228235203
48201340203,Harris County,0.0423,4534,29.6056093,-95.0982475,10.666666666666666,"Morgans Point, TX",6.0,0.0,0.0,,0.9259259259259259,0.0,0.0,0.0,0.46296296296296297,0.04232539523714229,0.0,0.3360246394494797,0.254633415849424
48201432703,Harris County,0.2789,1989,29.7288262,-95.472348,10.666666666666666,"Morgans Point, TX",25.0,0.0,0.0,,0.691358024691358,0.0,0.0,0.0,0.34567901234567894,0.27906744046427856,0.0,0.1516739419552737,0.25444318189036647
48201451406,Harris County,0.2763,2377,29.7417968,-95.6111916,10.666666666666666,"Morgans Point, TX",31.0,0.0,0.0,,0.617283950617284,0.0,0.0,0.0,0.308641975308642,0.2764658795277166,0.0,0.3251716421422912,0.25434581696143305
48201423500,Harris County,0.2329,2163,29.6509447,-95.5411795,10.666666666666666,"Morgans Point, TX",24.0,0.0,0.0,,0.7037037037037037,0.0,0.0,0.0,0.35185185185185186,0.2330398238943366,0.0,0.2609010361218673,0.25433538411382106
48201250702,Harris County,0.2272,4110,30.0032624,-95.1784012,10.666666666666666,"Morgans Point, TX",30.0,0.0,0.0,,0.6296296296296297,0.0,0.0,0.0,0.3148148148148148,0.22733640184110468,0.0,0.42997933876758804,0.2528655210957569
48201313901,Harris County,0.2286,2903,29.6945254,-95.3831759,10.666666666666666,"Morgans Point, TX",17.0,0.0,0.0,,0.7901234567901234,0.0,0.0,0.0,0.3950617283950617,0.22873724234540727,0.0,0.059109328380866195,0.2523098833194866
48201552801,Harris County,0.3141,4975,29.9862036,-95.5368629,10.666666666666666,"Morgans Point, TX",40.0,0.0,0.0,,0.5061728395061729,0.0,0.0,0.0,0.25308641975308643,0.31428857314388636,0.0,0.4307511572990529,0.2512505765619601
48201431901,Harris County,0.3165,2526,29.7295833,-95.4646225,10.666666666666666,"Morgans Point, TX",30.0,0.0,0.0,,0.6296296296296297,0.0,0.0,0.0,0.3148148148148148,0.3166900140084051,0.0,0.14206056417243737,0.25087972728643193
48201450804,Harris County,0.2206,1878,29.7526509,-95.5599479,10.666666666666666,"Morgans Point, TX",24.0,0.0,0.0,,0.7037037037037037,0.0,0.0,0.0,0.35185185185185186,0.2207324394636782,0.0,0.26300699724811216,0.25085376489724803
48201312000,Harris County,0.275,3587,29.7152475,-95.3523898,10.666666666666666,"Morgans Point, TX",21.0,0.0,0.0,,0.7407407407407407,0.0,0.0,0.0,0.37037037037037035,0.2751650990594357,0.0,0.010978965388606415,0.25031409292335804
48201350103,Harris County,0.1608,7685,29.5711616,-95.2453882,10.666666666666666,"Morgans Point, TX",17.0,0.0,0.0,,0.7901234567901234,0.0,0.0,0.0,0.3950617283950617,0.16089653792275366,0.0,0.24130864035555583,0.25017760319015947
48201551202,Harris County,0.3594,3697,29.9708756,-95.506244,10.666666666666666,"Morgans Point, TX",44.0,0.0,0.0,,0.45679012345679015,0.0,0.0,0.0,0.22839506172839508,0.359615769461677,0.0,0.39188716531450046,0.24985122514773095
48201543011,Harris County,0.3209,5559,29.8886309,-95.708718,10.666666666666666,"Morgans Point, TX",44.0,0.0,0.0,,0.45679012345679015,0.0,0.0,0.0,0.22839506172839508,0.32109265559335604,0.0,0.5002672215175519,0.24913229660753977
48201251100,Harris County,0.2893,6839,30.0354861,-95.236521,10.666666666666666,"Morgans Point, TX",39.0,0.0,0.0,,0.5185185185185186,0.0,0.0,0.0,0.2592592592592593,0.2894736842105263,0.0,0.4463228629801854,0.24814105822784313
48201430102,Harris County,0.271,2512,29.7763851,-95.4703505,10.666666666666666,"Morgans Point, TX",27.0,0.0,0.0,,0.6666666666666667,0.0,0.0,0.0,0.33333333333333337,0.27116269761857115,0.0,0.16328950859460453,0.24767776014503182
48201511400,Harris County,0.2268,2739,29.7957877,-95.383124,10.666666666666666,"Morgans Point, TX",20.0,0.0,0.0,,0.7530864197530864,0.0,0.0,0.0,0.3765432098765432,0.22693616169701822,0.0,0.09779911010314844,0.24730520396386474
48201540904,Harris County,0.2952,4790,29.8896332,-95.6337961,10.666666666666666,"Morgans Point, TX",39.0,0.0,0.0,,0.5185185185185186,0.0,0.0,0.0,0.2592592592592593,0.2953772263358015,0.0,0.4197144170613408,0.2472512762735412
48201554201,Harris County,0.342,6812,30.0021659,-95.5646443,10.666666666666666,"Morgans Point, TX",46.0,0.0,0.0,,0.4320987654320988,0.0,0.0,0.0,0.2160493827160494,0.3422053231939164,0.0,0.4691720066528122,0.24680101984567837
48201340702,Harris County,0.0835,3436,29.569193,-95.1406139,10.666666666666666,"Morgans Point, TX",13.0,0.0,0.0,,0.8395061728395061,0.0,0.0,0.0,0.41975308641975306,0.08355013007804683,0.0,0.3244582744083038,0.24639975535313333
48201542104,Harris County,0.301,8007,29.837111,-95.7106044,10.666666666666666,"Morgans Point, TX",42.0,0.0,0.0,,0.4814814814814815,0.0,0.0,0.0,0.24074074074074076,0.301180708425055,0.0,0.4739786634816025,0.24608541220901012
48201541006,Harris County,0.3283,7014,29.9282187,-95.6804977,10.666666666666666,"Morgans Point, TX",46.0,0.0,0.0,,0.4320987654320988,0.0,0.0,0.0,0.2160493827160494,0.32849709825895534,0.0,0.49861414397685705,0.24563276609759455
48201413206,Harris County,0.2385,2521,29.6983131,-95.4189449,10.666666666666666,"Morgans Point, TX",22.0,0.0,0.0,,0.7283950617283951,0.0,0.0,0.0,0.3641975308641975,0.23864318591154693,0.0,0.094088916105713,0.24489073627292424
48201531100,Harris County,0.2959,3507,29.8245117,-95.4376743,10.666666666666666,"Morgans Point, TX",31.0,0.0,0.0,,0.617283950617284,0.0,0.0,0.0,0.308641975308642,0.29607764658795277,0.0,0.17098234425909922,0.2448104172911847
48201241302,Harris County,0.2416,8254,30.0584637,-95.4162491,10.666666666666666,"Morgans Point, TX",36.0,0.0,0.0,,0.5555555555555556,0.0,0.0,0.0,0.2777777777777778,0.24174504702821695,0.0,0.47018493393854327,0.24454200750231941
48201413204,Harris County,0.2259,964,29.6991945,-95.4246003,10.666666666666666,"Morgans Point, TX",21.0,0.0,0.0,,0.7407407407407407,0.0,0.0,0.0,0.37037037037037035,0.22603562137282368,0.0,0.10011160710084548,0.2444885137885983
48201541902,Harris County,0.2823,4567,29.825727,-95.6982359,10.666666666666666,"Morgans Point, TX",40.0,0.0,0.0,,0.5061728395061729,0.0,0.0,0.0,0.25308641975308643,0.2824694816890134,0.0,0.4542958647072577,0.24405931986631868
48201251300,Harris County,0.1602,6844,30.0542151,-95.1976783,10.666666666666666,"Morgans Point, TX",28.0,0.0,0.0,,0.654320987654321,0.0,0.0,0.0,0.3271604938271605,0.160296177706624,0.0,0.48717086117079633,0.24402816165128907
48201455104,Harris County,0.2892,3176,29.7712949,-95.7603187,10.666666666666666,"Morgans Point, TX",43.0,0.0,0.0,,0.4691358024691358,0.0,0.0,0.0,0.23456790123456792,0.28937362417450474,0.0,0.5139280256149863,0.2437604453694056
48201431505,Harris County,0.2174,1316,29.754609,-95.4842534,10.666666666666666,"Morgans Point, TX",23.0,0.0,0.0,,0.7160493827160495,0.0,0.0,0.0,0.3580246913580247,0.2175305183109866,0.0,0.17044715388458032,0.24341498199286513
48201411002,Harris County,0.2559,1983,29.7405008,-95.4146969,10.666666666666666,"Morgans Point, TX",24.0,0.0,0.0,,0.7037037037037037,0.0,0.0,0.0,0.35185185185185186,0.2560536321793076,0.0,0.08152517675725399,0.24330194066285102
48201530200,Harris County,0.2493,3707,29.8161831,-95.424873,10.666666666666666,"Morgans Point, TX",26.0,0.0,0.0,,0.6790123456790124,0.0,0.0,0.0,0.3395061728395062,0.24944966980188113,0.0,0.15154107223353688,0.24276678594169582
48201410703,Harris County,0.2327,2451,29.7413902,-95.3937139,10.666666666666666,"Morgans Point, TX",21.0,0.0,0.0,,0.7407407407407407,0.0,0.0,0.0,0.37037037037037035,0.23283970382229338,0.0,0.0563636085704452,0.2421549386703992
48201553801,Harris County,0.2813,2523,30.0430149,-95.5102012,10.666666666666666,"Morgans Point, TX",42.0,0.0,0.0,,0.4814814814814815,0.0,0.0,0.0,0.24074074074074076,0.28146888132879727,0.0,0.4857292753666746,0.24134692526864
48201510400,Harris County,0.2731,3769,29.784318,-95.3924239,10.666666666666666,"Morgans Point, TX",27.0,0.0,0.0,,0.6666666666666667,0.0,0.0,0.0,0.33333333333333337,0.27326395837502504,0.0,0.09057825840450401,0.2410370133529579
48201555102,Harris County,0.3183,5696,30.077085,-95.4518284,10.666666666666666,"Morgans Point, TX",47.0,0.0,0.0,,0.41975308641975306,0.0,0.0,0.0,0.20987654320987653,0.3184910946567941,0.0,0.5064456050309473,0.2406363333445774
48201542203,Harris County,0.2874,10790,29.8583282,-95.7371666,10.666666666666666,"Morgans Point, TX",44.0,0.0,0.0,,0.45679012345679015,0.0,0.0,0.0,0.22839506172839508,0.28757254352611566,0.0,0.5153327466771712,0.2405828155033296
48201980200,Harris County,0.0802,9090,29.7663846,-95.3513042,10.666666666666666,"Morgans Point, TX",5.0,0.0,0.0,,0.9382716049382716,0.0,0.0,0.0,0.46913580246913583,0.0802481488893336,0.0,0.04357452903738226,0.23954300868164946
48201554907,Harris County,0.3206,4245,30.0770221,-95.5344217,10.666666666666666,"Morgans Point, TX",49.0,0.0,0.0,,0.3950617283950617,0.0,0.0,0.0,0.19753086419753085,0.32079247548529116,0.0,0.5427040843151152,0.23939703996598774
48201542004,Harris County,0.2261,3328,29.8044932,-95.7125097,10.666666666666666,"Morgans Point, TX",36.0,0.0,0.0,,0.5555555555555556,0.0,0.0,0.0,0.2777777777777778,0.22623574144486694,0.0,0.4634187601569793,0.23921259844915804
48201510202,Harris County,0.2454,5263,29.7710447,-95.3873012,10.666666666666666,"Morgans Point, TX",24.0,0.0,0.0,,0.7037037037037037,0.0,0.0,0.0,0.35185185185185186,0.24554732839703824,0.0,0.07204995576401318,0.23920252742884612
48201250306,Harris County,0.2016,3438,29.968714,-95.2072885,10.666666666666666,"Morgans Point, TX",30.0,0.0,0.0,,0.6296296296296297,0.0,0.0,0.0,0.3148148148148148,0.20172103261957175,0.0,0.36963534766296585,0.2391465112188348
48201431403,Harris County,0.2237,1840,29.7442275,-95.478412,10.666666666666666,"Morgans Point, TX",25.0,0.0,0.0,,0.691358024691358,0.0,0.0,0.0,0.34567901234567894,0.22383430058034823,0.0,0.16074877169835247,0.23878072289949526
48201412202,Harris County,0.1931,3768,29.7057466,-95.4136689,10.666666666666666,"Morgans Point, TX",19.0,0.0,0.0,,0.7654320987654322,0.0,0.0,0.0,0.38271604938271614,0.19321592955773464,0.0,0.08406175358715115,0.23859317644825778
48201340400,Harris County,0.0139,1079,29.5814459,-95.112162,10.666666666666666,"Morgans Point, TX",9.0,0.0,0.0,,0.8888888888888888,0.0,0.0,0.0,0.4444444444444444,0.013908345007004202,0.0,0.34064798474156976,0.23823730197625823
48201350604,Harris County,0.0392,3306,29.5414881,-95.184377,10.666666666666666,"Morgans Point, TX",11.0,0.0,0.0,,0.8641975308641976,0.0,0.0,0.0,0.4320987654320988,0.03922353412047228,0.0,0.3177941729198471,0.23799092197257088
48201450100,Harris County,0.2372,2009,29.7772428,-95.5669287,10.666666666666666,"Morgans Point, TX",31.0,0.0,0.0,,0.617283950617284,0.0,0.0,0.0,0.308641975308642,0.23734240544326596,0.0,0.27806772346046715,0.23789838286791543
48201450900,Harris County,0.2214,3034,29.7420701,-95.5651151,10.666666666666666,"Morgans Point, TX",29.0,0.0,0.0,,0.6419753086419753,0.0,0.0,0.0,0.32098765432098764,0.22153291975185113,0.0,0.2679216037947342,0.2376964807494732
48201431801,Harris County,0.2499,3465,29.743985,-95.4725696,10.666666666666666,"Morgans Point, TX",28.0,0.0,0.0,,0.654320987654321,0.0,0.0,0.0,0.3271604938271605,0.25005003001801085,0.0,0.15349110096967827,0.2375863413245933
48201411100,Harris County,0.2167,3669,29.7503923,-95.4140675,10.666666666666666,"Morgans Point, TX",22.0,0.0,0.0,,0.7283950617283951,0.0,0.0,0.0,0.3641975308641975,0.21683009805883532,0.0,0.08443320507986452,0.2373812388145259
48201551703,Harris County,0.277,8558,29.9152568,-95.5627546,10.666666666666666,"Morgans Point, TX",39.0,0.0,0.0,,0.5185185185185186,0.0,0.0,0.0,0.2592592592592593,0.27716629977986795,0.0,0.37272559172882763,0.23708911577350986
48201534205,Harris County,0.2707,4140,29.8939622,-95.5409747,10.666666666666666,"Morgans Point, TX",37.0,0.0,0.0,,0.5432098765432098,0.0,0.0,0.0,0.2716049382716049,0.27086251751050633,0.0,0.33203581804168775,0.23668455927954288
48201314004,Harris County,0.1878,1755,29.6872016,-95.397622,10.666666666666666,"Morgans Point, TX",19.0,0.0,0.0,,0.7654320987654322,0.0,0.0,0.0,0.38271604938271614,0.18791274764858915,0.0,0.0796143100675662,0.23655747752355563
48201510701,Harris County,0.1669,2265,29.762792,-95.4038229,10.666666666666666,"Morgans Point, TX",17.0,0.0,0.0,,0.7901234567901234,0.0,0.0,0.0,0.3950617283950617,0.16700020012007205,0.0,0.08057958831182908,0.2359357966449823
48201420400,Harris County,0.213,3187,29.6575147,-95.4559003,10.666666666666666,"Morgans Point, TX",25.0,0.0,0.0,,0.691358024691358,0.0,0.0,0.0,0.34567901234567894,0.21312787672603561,0.0,0.1632690506681773,0.23582082364018392
48201430500,Harris County,0.2204,2320,29.7798455,-95.5191678,10.666666666666666,"Morgans Point, TX",28.0,0.0,0.0,,0.654320987654321,0.0,0.0,0.0,0.3271604938271605,0.220532319391635,0.0,0.2219461426881147,0.2355765323085242
48201241104,Harris County,0.1672,9303,30.0555703,-95.3649226,10.666666666666666,"Morgans Point, TX",31.0,0.0,0.0,,0.617283950617284,0.0,0.0,0.0,0.308641975308642,0.16730038022813687,0.0,0.45768565165061265,0.23484756812239127
48201555304,Harris County,0.2805,9655,30.1260677,-95.5366034,10.666666666666666,"Morgans Point, TX",49.0,0.0,0.0,,0.3950617283950617,0.0,0.0,0.0,0.19753086419753085,0.2806684010406244,0.0,0.6078573974270667,0.2338751489437829
48201252001,Harris County,0.1633,7775,29.9421567,-95.1870929,10.666666666666666,"Morgans Point, TX",27.0,0.0,0.0,,0.6666666666666667,0.0,0.0,0.0,0.33333333333333337,0.16339803882329398,0.0,0.34827165227012064,0.2338465768740003
48201250303,Harris County,0.1627,3475,29.9421382,-95.2416308,10.666666666666666,"Morgans Point, TX",26.0,0.0,0.0,,0.6790123456790124,0.0,0.0,0.0,0.3395061728395062,0.16279767860716432,0.0,0.3175374313732561,0.23337082449725272
48201411902,Harris County,0.2034,2035,29.7266021,-95.3929645,10.666666666666666,"Morgans Point, TX",21.0,0.0,0.0,,0.7407407407407407,0.0,0.0,0.0,0.37037037037037035,0.2035221132679608,0.0,0.05282249509420132,0.23300555015647503
48201412201,Harris County,0.1952,2247,29.7092496,-95.4082503,10.666666666666666,"Morgans Point, TX",21.0,0.0,0.0,,0.7407407407407407,0.0,0.0,0.0,0.37037037037037035,0.19531719031418854,0.0,0.07606185957206266,0.2328680097181295
48201541009,Harris County,0.2775,4603,29.9123378,-95.6592289,10.666666666666666,"Morgans Point, TX",44.0,0.0,0.0,,0.45679012345679015,0.0,0.0,0.0,0.22839506172839508,0.277666599959976,0.0,0.46396696686433825,0.23247445445220438
48201343601,Harris County,0.0,1,29.7154848,-95.0709877,10.666666666666666,"Morgans Point, TX",9.0,0.0,0.0,,0.8888888888888888,0.0,0.0,0.0,0.4444444444444444,0.0,0.0,0.3228119617833702,0.232281196178337
48201454802,Harris County,0.206,4697,29.7637449,-95.7442006,10.666666666666666,"Morgans Point, TX",38.0,0.0,0.0,,0.5308641975308642,0.0,0.0,0.0,0.2654320987654321,0.2061236742045227,0.0,0.4928097048085261,0.23056251718665388
48201421802,Harris County,0.1914,2063,29.685661,-95.4808616,10.666666666666666,"Morgans Point, TX",25.0,0.0,0.0,,0.691358024691358,0.0,0.0,0.0,0.34567901234567894,0.1915149089453672,0.0,0.1726078522204521,0.23027081346121092
48201340301,Harris County,0.0126,3336,29.5935324,-95.1253776,10.666666666666666,"Morgans Point, TX",11.0,0.0,0.0,,0.8641975308641976,0.0,0.0,0.0,0.4320987654320988,0.012607564538723234,0.0,0.31710332755561543,0.22993704656162298
48201410801,Harris County,0.1874,2305,29.7364644,-95.4049911,10.666666666666666,"Morgans Point, TX",21.0,0.0,0.0,,0.7407407407407407,0.0,0.0,0.0,0.37037037037037035,0.1875125075045027,0.0,0.0686379705739184,0.22978421597540932
48201250801,Harris County,0.0748,3519,30.0140464,-95.1517558,10.666666666666666,"Morgans Point, TX",23.0,0.0,0.0,,0.7160493827160495,0.0,0.0,0.0,0.3580246913580247,0.07484490694416651,0.0,0.459347073816257,0.22949929057598678
48201553101,Harris County,0.2302,3560,30.0214429,-95.4664935,10.666666666666666,"Morgans Point, TX",39.0,0.0,0.0,,0.5185185185185186,0.0,0.0,0.0,0.2592592592592593,0.23033820292175305,0.0,0.4361124359184412,0.22937937113503673
48201430900,Harris County,0.2387,5264,29.7579315,-95.5432078,10.666666666666666,"Morgans Point, TX",33.0,0.0,0.0,,0.5925925925925926,0.0,0.0,0.0,0.2962962962962963,0.23884330598359016,0.0,0.24348583484550532,0.2293349086129609
48201350700,Harris County,0.0224,2230,29.5268563,-95.1859865,10.666666666666666,"Morgans Point, TX",13.0,0.0,0.0,,0.8395061728395061,0.0,0.0,0.0,0.41975308641975306,0.022413448068841307,0.0,0.33389410816489584,0.22900233412603085
48201250802,Harris County,0.1079,4655,30.0225516,-95.1622602,10.666666666666666,"Morgans Point, TX",27.0,0.0,0.0,,0.6666666666666667,0.0,0.0,0.0,0.33333333333333337,0.1079647788673204,0.0,0.46377043512538324,0.22876647717273446
48201450500,Harris County,0.1684,2993,29.7786592,-95.6346705,10.666666666666666,"Morgans Point, TX",30.0,0.0,0.0,,0.6296296296296297,0.0,0.0,0.0,0.3148148148148148,0.16850110066039625,0.0,0.36087002909224514,0.22830399977401006
48201413205,Harris County,0.1734,1566,29.7031646,-95.420566,10.666666666666666,"Morgans Point, TX",21.0,0.0,0.0,,0.7407407407407407,0.0,0.0,0.0,0.37037037037037035,0.1735041024614769,0.0,0.09339926218068476,0.2280578236231782
48201540502,Harris County,0.251,4682,29.846971,-95.6308828,10.666666666666666,"Morgans Point, TX",40.0,0.0,0.0,,0.5061728395061729,0.0,0.0,0.0,0.25308641975308643,0.25115069041424853,0.0,0.38706649036416263,0.22794074504957973
48201541004,Harris County,0.2558,5456,29.9232994,-95.640396,10.666666666666666,"Morgans Point, TX",43.0,0.0,0.0,,0.4691358024691358,0.0,0.0,0.0,0.23456790123456792,0.255953572143286,0.0,0.45387579531240196,0.22772920672978156
48201411503,Harris County,0.1624,3235,29.7345889,-95.4240654,10.666666666666666,"Morgans Point, TX",20.0,0.0,0.0,,0.7530864197530864,0.0,0.0,0.0,0.3765432098765432,0.16249749849909945,0.0,0.09193019607729665,0.22738671360190396
48201551705,Harris County,0.2022,5635,29.9183115,-95.5761904,10.666666666666666,"Morgans Point, TX",35.0,0.0,0.0,,0.5679012345679013,0.0,0.0,0.0,0.28395061728395066,0.2023213928357014,0.0,0.3878705243182444,0.22726124806031267
48201251505,Harris County,0.117,3811,30.0563112,-95.1716075,10.666666666666666,"Morgans Point, TX",30.0,0.0,0.0,,0.6296296296296297,0.0,0.0,0.0,0.3148148148148148,0.11707024214528719,0.0,0.5022992271671008,0.2270176620269629
48201232203,Harris County,0.1785,5936,29.9240272,-95.2283317,10.666666666666666,"Morgans Point, TX",30.0,0.0,0.0,,0.6296296296296297,0.0,0.0,0.0,0.3148148148148148,0.17860716429857915,0.0,0.30055296580693597,0.225304112536934
48201411801,Harris County,0.1864,3686,29.7264326,-95.4380232,10.666666666666666,"Morgans Point, TX",24.0,0.0,0.0,,0.7037037037037037,0.0,0.0,0.0,0.35185185185185186,0.1865119071442866,0.0,0.10893959170609473,0.2251808646472288
48201542305,Harris County,0.2307,4602,29.8249634,-95.7395737,10.666666666666666,"Morgans Point, TX",43.0,0.0,0.0,,0.4691358024691358,0.0,0.0,0.0,0.23456790123456792,0.2308385031018611,0.0,0.5033379016461442,0.22514089665072834
48201430800,Harris County,0.1534,6552,29.77607,-95.5529434,10.666666666666666,"Morgans Point, TX",26.0,0.0,0.0,,0.6790123456790124,0.0,0.0,0.0,0.3395061728395062,0.15349209525715432,0.0,0.2607747169156798,0.22490287804649206
48201413100,Harris County,0.1479,3099,29.6983955,-95.4327891,10.666666666666666,"Morgans Point, TX",20.0,0.0,0.0,,0.7530864197530864,0.0,0.0,0.0,0.3765432098765432,0.1479887932759656,0.0,0.1100514610759513,0.22484622853482925
48201412700,Harris County,0.176,3178,29.7135,-95.453667,10.666666666666666,"Morgans Point, TX",24.0,0.0,0.0,,0.7037037037037037,0.0,0.0,0.0,0.35185185185185186,0.17610566339803882,0.0,0.1299647062888691,0.2241615029816319
48201411504,Harris County,0.157,2178,29.7353929,-95.4329529,10.666666666666666,"Morgans Point, TX",21.0,0.0,0.0,,0.7407407407407407,0.0,0.0,0.0,0.37037037037037035,0.15709425655393236,0.0,0.10305912423373641,0.22410085605622002
48201553401,Harris County,0.1867,3971,30.0424343,-95.4426933,10.666666666666666,"Morgans Point, TX",37.0,0.0,0.0,,0.5432098765432098,0.0,0.0,0.0,0.2716049382716049,0.18681208725235143,0.0,0.45552387467398636,0.2238182358653263
48201454504,Harris County,0.1394,5015,29.7582959,-95.693914,10.666666666666666,"Morgans Point, TX",31.0,0.0,0.0,,0.617283950617284,0.0,0.0,0.0,0.308641975308642,0.1394836902141285,0.0,0.4297245736476106,0.22370645331788852
48201541604,Harris County,0.2294,9967,29.835942,-95.6796105,10.666666666666666,"Morgans Point, TX",41.0,0.0,0.0,,0.49382716049382713,0.0,0.0,0.0,0.24691358024691357,0.22953772263358016,0.0,0.43702609575106216,0.22367503747629136
48201510100,Harris County,0.1149,2794,29.7693835,-95.3710269,10.666666666666666,"Morgans Point, TX",15.0,0.0,0.0,,0.8148148148148149,0.0,0.0,0.0,0.40740740740740744,0.11496898138883331,0.0,0.05754472796870561,0.22357850054685388
48201510902,Harris County,0.1366,4277,29.7861896,-95.434341,10.666666666666666,"Morgans Point, TX",20.0,0.0,0.0,,0.7530864197530864,0.0,0.0,0.0,0.3765432098765432,0.1366820092055233,0.0,0.13083604763661943,0.22353265196976338
48201410601,Harris County,0.1444,3928,29.74453,-95.3777657,10.666666666666666,"Morgans Point, TX",18.0,0.0,0.0,,0.7777777777777778,0.0,0.0,0.0,0.3888888888888889,0.14448669201520914,0.0,0.039408567692961693,0.22228686437385892
48201250408,Harris County,0.0833,10049,29.9554647,-95.194833,10.666666666666666,"Morgans Point, TX",23.0,0.0,0.0,,0.7160493827160495,0.0,0.0,0.0,0.3580246913580247,0.0833500100060036,0.0,0.3598565124421675,0.22210176535712894
48201980000,Harris County,0.0678,13,29.6471554,-95.2762041,10.666666666666666,"Morgans Point, TX",13.0,0.0,0.0,,0.8395061728395061,0.0,0.0,0.0,0.41975308641975306,0.0678407044226536,0.0,0.12789388267565144,0.2220304884832501
48201542303,Harris County,0.2157,3236,29.8128248,-95.7272176,10.666666666666666,"Morgans Point, TX",42.0,0.0,0.0,,0.4814814814814815,0.0,0.0,0.0,0.24074074074074076,0.21582949769861917,0.0,0.48402600696546,0.22148478333946509
48201312601,Harris County,0.1495,3698,29.7217905,-95.3845987,10.666666666666666,"Morgans Point, TX",19.0,0.0,0.0,,0.7654320987654322,0.0,0.0,0.0,0.38271604938271614,0.14958975385231138,0.0,0.043112020320839134,0.2214103504099996
48201431401,Harris County,0.1442,2437,29.744466,-95.4839917,10.666666666666666,"Morgans Point, TX",23.0,0.0,0.0,,0.7160493827160495,0.0,0.0,0.0,0.3580246913580247,0.1442865719431659,0.0,0.1676834451363423,0.22116542720769514
48201455103,Harris County,0.1775,4064,29.7629255,-95.7590016,10.666666666666666,"Morgans Point, TX",39.0,0.0,0.0,,0.5185185185185186,0.0,0.0,0.0,0.2592592592592593,0.17760656393836302,0.0,0.5110419428931275,0.22105283013748836
48201540901,Harris County,0.2354,2962,29.8894857,-95.6244446,10.666666666666666,"Morgans Point, TX",42.0,0.0,0.0,,0.4814814814814815,0.0,0.0,0.0,0.24074074074074076,0.23554132479487694,0.0,0.40981327669708706,0.21997705844150514
48201531600,Harris County,0.1654,2639,29.838057,-95.4534791,10.666666666666666,"Morgans Point, TX",27.0,0.0,0.0,,0.6666666666666667,0.0,0.0,0.0,0.33333333333333337,0.16549929957974785,0.0,0.19857020220379462,0.21950681009430384
48201554809,Harris County,0.3287,10245,30.0537697,-95.5753629,10.666666666666666,"Morgans Point, TX",57.0,0.0,0.0,,0.2962962962962963,0.0,0.0,0.0,0.14814814814814814,0.3288973384030418,0.0,0.5381296299756708,0.21914883118514628
48201250404,Harris County,0.041,4842,29.9895398,-95.1527245,10.666666666666666,"Morgans Point, TX",22.0,0.0,0.0,,0.7283950617283951,0.0,0.0,0.0,0.3641975308641975,0.04102461476886132,0.0,0.42854643066282383,0.21905091638582966
48201555600,Harris County,0.323,6911,30.058696,-95.7296478,10.666666666666666,"Morgans Point, TX",61.0,0.0,0.0,,0.24691358024691357,0.0,0.0,0.0,0.12345679012345678,0.32319391634980993,0.0,0.6648323492360599,0.21899696538410454
48201551400,Harris County,0.3212,6138,29.9625309,-95.5216718,10.666666666666666,"Morgans Point, TX",51.0,0.0,0.0,,0.37037037037037035,0.0,0.0,0.0,0.18518518518518517,0.32139283570142085,0.0,0.3920270685435052,0.21895389089811013
48201411700,Harris County,0.1488,3150,29.7245732,-95.4533877,10.666666666666666,"Morgans Point, TX",23.0,0.0,0.0,,0.7160493827160495,0.0,0.0,0.0,0.3580246913580247,0.1488893336001601,0.0,0.12814891329482603,0.21859280252064175
48201555403,Harris County,0.3909,5192,30.1119553,-95.6321573,10.666666666666666,"Morgans Point, TX",68.0,0.0,0.0,,0.16049382716049387,0.0,0.0,0.0,0.08024691358024694,0.3911346808084851,0.0,0.6464834569487949,0.21809986104853613
48201511301,Harris County,0.1605,4616,29.7972613,-95.4054495,10.666666666666666,"Morgans Point, TX",24.0,0.0,0.0,,0.7037037037037037,0.0,0.0,0.0,0.35185185185185186,0.1605963578146888,0.0,0.1152150416493891,0.2180337448426789
48201552304,Harris County,0.2609,2029,29.9619098,-95.5989319,10.666666666666666,"Morgans Point, TX",47.0,0.0,0.0,,0.41975308641975306,0.0,0.0,0.0,0.20987654320987653,0.26105663398038825,0.0,0.4518779855929719,0.2179492331978581
48201431302,Harris County,0.1489,4834,29.7436384,-95.4905071,10.666666666666666,"Morgans Point, TX",25.0,0.0,0.0,,0.691358024691358,0.0,0.0,0.0,0.34567901234567894,0.14898939363618172,0.0,0.17559076425643094,0.21781145007205313
48201555305,Harris County,0.2734,12079,30.147498,-95.5291406,10.666666666666666,"Morgans Point, TX",55.0,0.0,0.0,,0.32098765432098764,0.0,0.0,0.0,0.16049382716049382,0.27356413848308986,0.0,0.6327910096264563,0.2175705647297948
48201541206,Harris County,0.2275,4879,29.8864369,-95.676694,10.666666666666666,"Morgans Point, TX",44.0,0.0,0.0,,0.45679012345679015,0.0,0.0,0.0,0.22839506172839508,0.22763658194916953,0.0,0.4634719118330451,0.21741594354583316
48201455200,Harris County,0.198,4268,29.7799704,-95.7650418,10.666666666666666,"Morgans Point, TX",43.0,0.0,0.0,,0.4691358024691358,0.0,0.0,0.0,0.23456790123456792,0.19811887132279368,0.0,0.5213359225057446,0.21712480920296812
48201454901,Harris County,0.1643,2607,29.7532214,-95.7296887,10.666666666666666,"Morgans Point, TX",38.0,0.0,0.0,,0.5308641975308642,0.0,0.0,0.0,0.2654320987654321,0.1643986391835101,0.0,0.47350848250347816,0.2161148844498453
48201511100,Harris County,0.134,4105,29.8081903,-95.427545,10.666666666666666,"Morgans Point, TX",23.0,0.0,0.0,,0.7160493827160495,0.0,0.0,0.0,0.3580246913580247,0.1340804482689614,0.0,0.14518794378126768,0.2158540399699263
48201543009,Harris County,0.2127,5104,29.8876004,-95.7004083,10.666666666666666,"Morgans Point, TX",44.0,0.0,0.0,,0.45679012345679015,0.0,0.0,0.0,0.22839506172839508,0.2128276966179708,0.0,0.49037285794066027,0.21566337255723506
48201432004,Harris County,0.1085,2128,29.7346838,-95.4762155,10.666666666666666,"Morgans Point, TX",21.0,0.0,0.0,,0.7407407407407407,0.0,0.0,0.0,0.37037037037037035,0.10856513908345007,0.0,0.1567426376231497,0.21491047215401665
48201412500,Harris County,0.124,1535,29.7086859,-95.4354835,10.666666666666666,"Morgans Point, TX",21.0,0.0,0.0,,0.7407407407407407,0.0,0.0,0.0,0.37037037037037035,0.12407444466680008,0.0,0.10900011843371171,0.21478901191007785
48201241301,Harris County,0.1936,4568,30.0845763,-95.4264834,10.666666666666666,"Morgans Point, TX",43.0,0.0,0.0,,0.4691358024691358,0.0,0.0,0.0,0.23456790123456792,0.19371622973784272,0.0,0.5094328329725757,0.21461370777416594
48201410602,Harris County,0.1082,2508,29.7493804,-95.3778889,10.666666666666666,"Morgans Point, TX",17.0,0.0,0.0,,0.7901234567901234,0.0,0.0,0.0,0.3950617283950617,0.10826495897538524,0.0,0.04300264570026677,0.21455753004042005
48201554804,Harris County,0.2763,4391,30.0615711,-95.5594272,10.666666666666666,"Morgans Point, TX",53.0,0.0,0.0,,0.345679012345679,0.0,0.0,0.0,0.17283950617283947,0.2764658795277166,0.0,0.5375596337717666,0.21447350501326942
48201310200,Harris County,0.0621,2057,29.7434743,-95.3511272,10.666666666666666,"Morgans Point, TX",11.0,0.0,0.0,,0.8641975308641976,0.0,0.0,0.0,0.4320987654320988,0.062137282369421655,0.0,0.012882129493437837,0.21437384210461474
48201510302,Harris County,0.11,3179,29.7868983,-95.3824843,10.666666666666666,"Morgans Point, TX",19.0,0.0,0.0,,0.7654320987654322,0.0,0.0,0.0,0.38271604938271614,0.11006603962377427,0.0,0.08639959852593804,0.21388199396194835
48201543202,Harris County,0.1277,3624,29.8098912,-95.605573,10.666666666666666,"Morgans Point, TX",30.0,0.0,0.0,,0.6296296296296297,0.0,0.0,0.0,0.3148148148148148,0.12777666599959978,0.0,0.33767730929889045,0.21376739739643563
48201554904,Harris County,0.1754,4008,30.070044,-95.5211691,10.666666666666666,"Morgans Point, TX",42.0,0.0,0.0,,0.4814814814814815,0.0,0.0,0.0,0.24074074074074076,0.17550530318190916,0.0,0.5266306414542115,0.21364798843332725
48201555301,Harris County,0.2145,4586,30.1234693,-95.5170643,10.666666666666666,"Morgans Point, TX",49.0,0.0,0.0,,0.3950617283950617,0.0,0.0,0.0,0.19753086419753085,0.21462877726635982,0.0,0.5952342165602795,0.21280094372482478
48201431404,Harris County,0.1266,2146,29.7436083,-95.481055,10.666666666666666,"Morgans Point, TX",24.0,0.0,0.0,,0.7037037037037037,0.0,0.0,0.0,0.35185185185185186,0.126676005603362,0.0,0.16389929930426342,0.21272606494476828
48201410900,Harris County,0.1054,3238,29.7328602,-95.3980506,10.666666666666666,"Morgans Point, TX",18.0,0.0,0.0,,0.7777777777777778,0.0,0.0,0.0,0.3888888888888889,0.10546327796678007,0.0,0.059433974014602334,0.21258238079149427
48201551704,Harris County,0.1747,3746,29.9004533,-95.5761553,10.666666666666666,"Morgans Point, TX",37.0,0.0,0.0,,0.5432098765432098,0.0,0.0,0.0,0.2716049382716049,0.17480488292975785,0.0,0.3708845719104655,0.21175214429219613
48201411200,Harris County,0.1252,1662,29.7556182,-95.4252556,10.666666666666666,"Morgans Point, TX",22.0,0.0,0.0,,0.7283950617283951,0.0,0.0,0.0,0.3641975308641975,0.12527516509905945,0.0,0.1000804733073375,0.21147948574934045
48201541404,Harris County,0.1454,3033,29.8636612,-95.6577721,10.666666666666666,"Morgans Point, TX",36.0,0.0,0.0,,0.5555555555555556,0.0,0.0,0.0,0.2777777777777778,0.14548729237542526,0.0,0.427584900498342,0.21140467776246177
48201313101,Harris County,0.0956,2586,29.7062143,-95.3820336,10.666666666666666,"Morgans Point, TX",17.0,0.0,0.0,,0.7901234567901234,0.0,0.0,0.0,0.3950617283950617,0.095657394436662,0.0,0.047929584166509255,0.21126795452542732
48201980700,Harris County,0.1413,1604,29.762179,-95.365248,10.666666666666666,"Morgans Point, TX",22.0,0.0,0.0,,0.7283950617283951,0.0,0.0,0.0,0.3641975308641975,0.14138483089853915,0.0,0.04495918558479701,0.2108002567169303
48201541205,Harris County,0.1991,3506,29.894142,-95.6624018,10.666666666666666,"Morgans Point, TX",43.0,0.0,0.0,,0.4691358024691358,0.0,0.0,0.0,0.23456790123456792,0.19921953171903142,0.0,0.45344094314573274,0.21066550938583828
48201555401,Harris County,0.2685,2619,30.1074172,-95.6076922,10.666666666666666,"Morgans Point, TX",57.0,0.0,0.0,,0.2962962962962963,0.0,0.0,0.0,0.14814814814814814,0.26866119671803085,0.0,0.6246811282932884,0.20973313851140477
48201553601,Harris County,0.1934,5080,30.028144,-95.497809,10.666666666666666,"Morgans Point, TX",43.0,0.0,0.0,,0.4691358024691358,0.0,0.0,0.0,0.23456790123456792,0.1935161096657995,0.0,0.4599059619318852,0.20960098464848392
48201554906,Harris County,0.1798,4242,30.0530825,-95.5008906,10.666666666666666,"Morgans Point, TX",43.0,0.0,0.0,,0.4691358024691358,0.0,0.0,0.0,0.23456790123456792,0.17990794476686012,0.0,0.4941658464026564,0.20894452362587923
48201553404,Harris County,0.1596,3671,30.0460218,-95.462355,10.666666666666666,"Morgans Point, TX",40.0,0.0,0.0,,0.5061728395061729,0.0,0.0,0.0,0.25308641975308643,0.1596958174904943,0.0,0.467640875993969,0.2085617217354341
48201411400,Harris County,0.1397,2719,29.744645,-95.4330815,10.666666666666666,"Morgans Point, TX",25.0,0.0,0.0,,0.691358024691358,0.0,0.0,0.0,0.34567901234567894,0.1397838703221933,0.0,0.10514142852189186,0.2080048595044027
48201251501,Harris County,0.0135,5716,30.0980671,-95.1595942,10.666666666666666,"Morgans Point, TX",28.0,0.0,0.0,,0.654320987654321,0.0,0.0,0.0,0.3271604938271605,0.013508104862917751,0.0,0.563176525929998,0.20759230627409736
48201451302,Harris County,0.1072,3486,29.7481455,-95.5965344,10.666666666666666,"Morgans Point, TX",29.0,0.0,0.0,,0.6419753086419753,0.0,0.0,0.0,0.32098765432098764,0.10726435861516911,0.0,0.3076228667750662,0.2073860387065018
48201541702,Harris County,0.1283,2556,29.7874536,-95.6688113,10.666666666666666,"Morgans Point, TX",35.0,0.0,0.0,,0.5679012345679013,0.0,0.0,0.0,0.28395061728395066,0.12837702621572944,0.0,0.40502973954086785,0.2067938595965834
48201450402,Harris County,0.104,2040,29.7820395,-95.6142151,10.666666666666666,"Morgans Point, TX",30.0,0.0,0.0,,0.6296296296296297,0.0,0.0,0.0,0.3148148148148148,0.10406243746247748,0.0,0.3369466379863815,0.20658006170404808
48201412000,Harris County,0.1344,3918,29.7215371,-95.4107135,10.666666666666666,"Morgans Point, TX",24.0,0.0,0.0,,0.7037037037037037,0.0,0.0,0.0,0.35185185185185186,0.13448068841304783,0.0,0.07540780126075132,0.20621831998332282
48201510301,Harris County,0.0593,3467,29.7824771,-95.377939,10.666666666666666,"Morgans Point, TX",16.0,0.0,0.0,,0.8024691358024691,0.0,0.0,0.0,0.4012345679012346,0.05933560136081649,0.0,0.0780327798305458,0.20615951394685508
48201520100,Harris County,0.1133,2719,29.7922757,-95.4604356,10.666666666666666,"Morgans Point, TX",25.0,0.0,0.0,,0.691358024691358,0.0,0.0,0.0,0.34567901234567894,0.1133680208124875,0.0,0.16277412431944277,0.20584337423124605
48201511003,Harris County,0.1114,2333,29.7954445,-95.4339739,10.666666666666666,"Morgans Point, TX",24.0,0.0,0.0,,0.7037037037037037,0.0,0.0,0.0,0.35185185185185186,0.11146688012807685,0.0,0.1385497531280492,0.20562837268456133
48201454700,Harris County,0.1291,6973,29.7652693,-95.7249311,10.666666666666666,"Morgans Point, TX",38.0,0.0,0.0,,0.5308641975308642,0.0,0.0,0.0,0.2654320987654321,0.12917750650390233,0.0,0.46917178977480034,0.2051148753730952
48201555503,Harris County,0.2293,13599,30.0371605,-95.6531192,10.666666666666666,"Morgans Point, TX",53.0,0.0,0.0,,0.345679012345679,0.0,0.0,0.0,0.17283950617283947,0.22943766259755854,0.0,0.5769195713683639,0.20430103369388172
48201410502,Harris County,0.0712,3067,29.7491,-95.3850823,10.666666666666666,"Morgans Point, TX",17.0,0.0,0.0,,0.7901234567901234,0.0,0.0,0.0,0.3950617283950617,0.07124274564738843,0.0,0.050517458038893216,0.20420234727588363
48201313902,Harris County,0.0533,2719,29.6832036,-95.3862954,10.666666666666666,"Morgans Point, TX",16.0,0.0,0.0,,0.8024691358024691,0.0,0.0,0.0,0.4012345679012346,0.05333199919951971,0.0,0.07338561325063499,0.20389371664047495
48201543005,Harris County,0.1823,8212,29.9346572,-95.773155,10.666666666666666,"Morgans Point, TX",49.0,0.0,0.0,,0.3950617283950617,0.0,0.0,0.0,0.19753086419753085,0.18240944566740044,0.0,0.6018870318480575,0.20380042577391477
48201511302,Harris County,0.0968,4422,29.7973995,-95.3935238,10.666666666666666,"Morgans Point, TX",22.0,0.0,0.0,,0.7283950617283951,0.0,0.0,0.0,0.3641975308641975,0.09685811486892136,0.0,0.10651571672108337,0.2035978950216736
48201555505,Harris County,0.2163,10277,30.0146297,-95.6149184,10.666666666666666,"Morgans Point, TX",50.0,0.0,0.0,,0.3827160493827161,0.0,0.0,0.0,0.19135802469135807,0.21642985791474886,0.0,0.5215012924101101,0.2031901977265468
48201543010,Harris County,0.1529,4930,29.8879039,-95.7149188,10.666666666666666,"Morgans Point, TX",43.0,0.0,0.0,,0.4691358024691358,0.0,0.0,0.0,0.23456790123456792,0.15299179507704624,0.0,0.5067178342834616,0.2021248775070156
48201411003,Harris County,0.0728,1694,29.7346933,-95.4146908,10.666666666666666,"Morgans Point, TX",19.0,0.0,0.0,,0.7654320987654322,0.0,0.0,0.0,0.38271604938271614,0.07284370622373425,0.0,0.08031857388160499,0.20210719147750306
48201251504,Harris County,0.0116,5100,30.0658735,-95.1752915,10.666666666666666,"Morgans Point, TX",28.0,0.0,0.0,,0.654320987654321,0.0,0.0,0.0,0.3271604938271605,0.011606964178507104,0.0,0.5130531578487332,0.20200962726064767
48201421000,Harris County,0.0669,2761,29.713242,-95.4654299,10.666666666666666,"Morgans Point, TX",21.0,0.0,0.0,,0.7407407407407407,0.0,0.0,0.0,0.37037037037037035,0.06694016409845908,0.0,0.14452423215659446,0.20120113911186382
48201421900,Harris County,0.072,2833,29.6713977,-95.4847512,10.666666666666666,"Morgans Point, TX",23.0,0.0,0.0,,0.7160493827160495,0.0,0.0,0.0,0.3580246913580247,0.07204322593556134,0.0,0.18471314987348436,0.20119539387912797
48201554600,Harris County,0.1555,4639,30.003665,-95.618923,10.666666666666666,"Morgans Point, TX",44.0,0.0,0.0,,0.45679012345679015,0.0,0.0,0.0,0.22839506172839508,0.15559335601360816,0.0,0.5127896660046294,0.20073475118232317
48201410101,Harris County,0.0962,1963,29.7548997,-95.3821568,10.666666666666666,"Morgans Point, TX",21.0,0.0,0.0,,0.7407407407407407,0.0,0.0,0.0,0.37037037037037035,0.09625775465279167,0.0,0.05187663686824379,0.20073165674932855
48201554902,Harris County,0.2122,10906,30.0975632,-95.520548,10.666666666666666,"Morgans Point, TX",52.0,0.0,0.0,,0.3580246913580247,0.0,0.0,0.0,0.17901234567901236,0.21232739643786272,0.0,0.5624298730890136,0.20049676179581574
48201450200,Harris County,0.1347,5864,29.7792596,-95.5795765,10.666666666666666,"Morgans Point, TX",34.0,0.0,0.0,,0.5802469135802469,0.0,0.0,0.0,0.29012345679012347,0.13478086852111265,0.0,0.29404982353856446,0.2003947984657458
48201510500,Harris County,0.0684,4389,29.7842247,-95.4037969,10.666666666666666,"Morgans Point, TX",20.0,0.0,0.0,,0.7530864197530864,0.0,0.0,0.0,0.3765432098765432,0.06844106463878327,0.0,0.09992193488916566,0.19996895732499598
48201420700,Harris County,0.046,2488,29.6722815,-95.4691967,10.666666666666666,"Morgans Point, TX",20.0,0.0,0.0,,0.7530864197530864,0.0,0.0,0.0,0.3765432098765432,0.04602761656994197,0.0,0.16665803984834313,0.19991853340026133
48201510802,Harris County,0.0136,2408,29.7713829,-95.4386021,10.666666666666666,"Morgans Point, TX",15.0,0.0,0.0,,0.8148148148148149,0.0,0.0,0.0,0.40740740740740744,0.013608164898939363,0.0,0.12439913176788715,0.19985569597980388
48201510201,Harris County,0.0512,2331,29.7644379,-95.3879622,10.666666666666666,"Morgans Point, TX",17.0,0.0,0.0,,0.7901234567901234,0.0,0.0,0.0,0.3950617283950617,0.051230738443065846,0.0,0.0660862860641544,0.199755627917113
48201510803,Harris County,0.0496,2230,29.7607793,-95.4191067,10.666666666666666,"Morgans Point, TX",18.0,0.0,0.0,,0.7777777777777778,0.0,0.0,0.0,0.3888888888888889,0.049629777866720036,0.0,0.09590371627405118,0.19947930498742114
48201251503,Harris County,0.0284,2790,30.0726664,-95.1832132,10.666666666666666,"Morgans Point, TX",31.0,0.0,0.0,,0.617283950617284,0.0,0.0,0.0,0.308641975308642,0.028417050230138085,0.0,0.518340998565878,0.19924810381451816
48201252003,Harris County,0.0609,10659,29.9630637,-95.1583943,10.666666666666666,"Morgans Point, TX",30.0,0.0,0.0,,0.6296296296296297,0.0,0.0,0.0,0.3148148148148148,0.060936561937162306,0.0,0.39283025402184507,0.19923066064999986
48201412600,Harris County,0.0504,3657,29.7149457,-95.4441139,10.666666666666666,"Morgans Point, TX",19.0,0.0,0.0,,0.7654320987654322,0.0,0.0,0.0,0.38271604938271614,0.05043025815489294,0.0,0.1178874894493694,0.1991400486136271
48201454503,Harris County,0.1148,2875,29.7716569,-95.7090582,10.666666666666666,"Morgans Point, TX",38.0,0.0,0.0,,0.5308641975308642,0.0,0.0,0.0,0.2654320987654321,0.1148689213528117,0.0,0.45065843837494873,0.19897096468778283
48201431002,Harris County,0.1432,3046,29.7528957,-95.5501778,10.666666666666666,"Morgans Point, TX",34.0,0.0,0.0,,0.5802469135802469,0.0,0.0,0.0,0.29012345679012347,0.14328597158294978,0.0,0.25098823512672364,0.19864017054311287
48201312501,Harris County,0.0779,2428,29.7431037,-95.3699612,10.666666666666666,"Morgans Point, TX",19.0,0.0,0.0,,0.7654320987654322,0.0,0.0,0.0,0.38271604938271614,0.0779467680608365,0.0,0.029876554240536108,0.19859390806452684
48201554103,Harris County,0.169,5329,30.0103359,-95.5551434,10.666666666666666,"Morgans Point, TX",45.0,0.0,0.0,,0.4444444444444444,0.0,0.0,0.0,0.2222222222222222,0.16910146087652594,0.0,0.4721527591386119,0.19794571417681897
48201431702,Harris County,0.0972,2669,29.7567464,-95.4704788,10.666666666666666,"Morgans Point, TX",26.0,0.0,0.0,,0.6790123456790124,0.0,0.0,0.0,0.3395061728395062,0.09725835501300781,0.0,0.15442248583301066,0.19739753286498118
48201241400,Harris County,0.1833,10239,30.0851921,-95.4057872,10.666666666666666,"Morgans Point, TX",48.0,0.0,0.0,,0.40740740740740744,0.0,0.0,0.0,0.20370370370370372,0.18341004602761657,0.0,0.5056301615225292,0.19725269662720457
48201511202,Harris County,0.0665,3399,29.8042125,-95.4172883,10.666666666666666,"Morgans Point, TX",22.0,0.0,0.0,,0.7283950617283951,0.0,0.0,0.0,0.3641975308641975,0.06653992395437262,0.0,0.13236040691236156,0.1970869067664368
48201251904,Harris County,0.0486,6969,29.9373826,-95.1037491,10.666666666666666,"Morgans Point, TX",30.0,0.0,0.0,,0.6296296296296297,0.0,0.0,0.0,0.3148148148148148,0.048629177506503904,0.0,0.4072677911693836,0.1969821990355562
48201250902,Harris County,0.0034,5709,30.047138,-95.1440815,10.666666666666666,"Morgans Point, TX",29.0,0.0,0.0,,0.6419753086419753,0.0,0.0,0.0,0.32098765432098764,0.0034020412247348407,0.0,0.5055038319392638,0.19601544000579127
48201431504,Harris County,0.075,2372,29.7538102,-95.4905097,10.666666666666666,"Morgans Point, TX",25.0,0.0,0.0,,0.691358024691358,0.0,0.0,0.0,0.34567901234567894,0.07504502701620973,0.0,0.17785419751316137,0.1958544834117346
48201411507,Harris County,0.1059,2068,29.7381671,-95.4385028,10.666666666666666,"Morgans Point, TX",26.0,0.0,0.0,,0.6790123456790124,0.0,0.0,0.0,0.3395061728395062,0.10596357814688813,0.0,0.1103444200226063,0.19560129322410488
48201411901,Harris County,0.0646,1978,29.7289065,-95.4018496,10.666666666666666,"Morgans Point, TX",20.0,0.0,0.0,,0.7530864197530864,0.0,0.0,0.0,0.3765432098765432,0.06463878326996199,0.0,0.06385983221739241,0.1952220626471723
48201431001,Harris County,0.0867,2291,29.7422707,-95.5481493,10.666666666666666,"Morgans Point, TX",29.0,0.0,0.0,,0.6419753086419753,0.0,0.0,0.0,0.32098765432098764,0.08675205123073845,0.0,0.24686873739803525,0.1951569335534695
48201411506,Harris County,0.1035,2837,29.7330676,-95.4394595,10.666666666666666,"Morgans Point, TX",26.0,0.0,0.0,,0.6790123456790124,0.0,0.0,0.0,0.3395061728395062,0.10356213728236942,0.0,0.11090055523317068,0.19493647448580567
48201553803,Harris County,0.1644,4515,30.0369524,-95.5207019,10.666666666666666,"Morgans Point, TX",46.0,0.0,0.0,,0.4320987654320988,0.0,0.0,0.0,0.2160493827160494,0.16449869921953172,0.0,0.4836371153742003,0.1949355435255018
48201454502,Harris County,0.0236,2202,29.7447248,-95.7173589,10.666666666666666,"Morgans Point, TX",30.0,0.0,0.0,,0.6296296296296297,0.0,0.0,0.0,0.3148148148148148,0.023614168501100662,0.0,0.4574413668154184,0.1944950538985387
48201531000,Harris County,0.1221,4672,29.8251751,-95.4199886,10.666666666666666,"Morgans Point, TX",30.0,0.0,0.0,,0.6296296296296297,0.0,0.0,0.0,0.3148148148148148,0.12217330398238944,0.0,0.15802889544839666,0.19412154740622317
48201410201,Harris County,0.0489,1928,29.7592653,-95.3906778,10.666666666666666,"Morgans Point, TX",19.0,0.0,0.0,,0.7654320987654322,0.0,0.0,0.0,0.38271604938271614,0.04892935761456874,0.0,0.06414701405798409,0.19331573091239132
48201554302,Harris County,0.1691,4286,29.974321,-95.6143116,10.666666666666666,"Morgans Point, TX",47.0,0.0,0.0,,0.41975308641975306,0.0,0.0,0.0,0.20987654320987653,0.16920152091254753,0.0,0.4779611943515788,0.19300102015336656
48201451200,Harris County,0.0495,2511,29.7548337,-95.5970018,10.666666666666666,"Morgans Point, TX",28.0,0.0,0.0,,0.654320987654321,0.0,0.0,0.0,0.3271604938271605,0.04952971783069842,0.0,0.30919051393182023,0.19300018896461377
48201554404,Harris County,0.1398,4658,29.977581,-95.640576,10.666666666666666,"Morgans Point, TX",45.0,0.0,0.0,,0.4444444444444444,0.0,0.0,0.0,0.2222222222222222,0.13988393035821495,0.0,0.5044191503422781,0.1924070941416923
48201410501,Harris County,0.0644,1696,29.7491032,-95.3923612,10.666666666666666,"Morgans Point, TX",21.0,0.0,0.0,,0.7407407407407407,0.0,0.0,0.0,0.37037037037037035,0.06443866319791876,0.0,0.058635456356103344,0.1918618112616526
48201411301,Harris County,0.0946,2097,29.7530335,-95.4529919,10.666666666666666,"Morgans Point, TX",27.0,0.0,0.0,,0.6666666666666667,0.0,0.0,0.0,0.33333333333333337,0.09465679407644588,0.0,0.13200385636476464,0.19159742385941025
48201541203,Harris County,0.1041,2460,29.8888536,-95.6490812,10.666666666666666,"Morgans Point, TX",39.0,0.0,0.0,,0.5185185185185186,0.0,0.0,0.0,0.2592592592592593,0.1041624974984991,0.0,0.4353247128188466,0.19144788719810107
48201411001,Harris County,0.0329,2215,29.7402797,-95.4243669,10.666666666666666,"Morgans Point, TX",19.0,0.0,0.0,,0.7654320987654322,0.0,0.0,0.0,0.38271604938271614,0.032919751851110665,0.0,0.09332857593166818,0.1914310053707223
48201541100,Harris County,0.1461,7920,29.9007008,-95.6518575,10.666666666666666,"Morgans Point, TX",44.0,0.0,0.0,,0.45679012345679015,0.0,0.0,0.0,0.22839506172839508,0.14618771262757657,0.0,0.4471856041369259,0.19135265197974335
48201412400,Harris County,0.0081,4481,29.7161946,-95.4352661,10.666666666666666,"Morgans Point, TX",17.0,0.0,0.0,,0.7901234567901234,0.0,0.0,0.0,0.3950617283950617,0.00810486291775065,0.0,0.10672131252810262,0.19088136790591326
48201522500,Harris County,0.0673,5321,29.7899543,-95.501186,10.666666666666666,"Morgans Point, TX",27.0,0.0,0.0,,0.6666666666666667,0.0,0.0,0.0,0.33333333333333337,0.06734040424254553,0.0,0.2062557638215945,0.19082769765492313
48201411302,Harris County,0.053,2426,29.7439794,-95.4530532,10.666666666666666,"Morgans Point, TX",23.0,0.0,0.0,,0.7160493827160495,0.0,0.0,0.0,0.3580246913580247,0.05303181909145487,0.0,0.12944621862888941,0.18996527870143654
48201454505,Harris County,0.0306,2733,29.7801047,-95.703999,10.666666666666666,"Morgans Point, TX",32.0,0.0,0.0,,0.6049382716049383,0.0,0.0,0.0,0.30246913580246915,0.03061837102261357,0.0,0.44620716895281537,0.18991733931317675
48201511502,Harris County,0.054,5541,29.8086883,-95.3903678,10.666666666666666,"Morgans Point, TX",23.0,0.0,0.0,,0.7160493827160495,0.0,0.0,0.0,0.3580246913580247,0.054032419451671004,0.0,0.11836226338955334,0.18915706328556778
48201431506,Harris County,0.0564,2738,29.7562729,-95.4799066,10.666666666666666,"Morgans Point, TX",25.0,0.0,0.0,,0.691358024691358,0.0,0.0,0.0,0.34567901234567894,0.056433860316189716,0.0,0.16567603269015868,0.1890533169194283
48201431503,Harris County,0.0376,2340,29.7528951,-95.4981534,10.666666666666666,"Morgans Point, TX",24.0,0.0,0.0,,0.7037037037037037,0.0,0.0,0.0,0.35185185185185186,0.03762257354412648,0.0,0.18696808005084262,0.18831691340165557
48201554301,Harris County,0.1338,7742,29.9890785,-95.5943404,10.666666666666666,"Morgans Point, TX",45.0,0.0,0.0,,0.4444444444444444,0.0,0.0,0.0,0.2222222222222222,0.13388032819691817,0.0,0.4769938914692536,0.1878634876060008
48201510602,Harris County,0.0258,4233,29.774322,-95.4175569,10.666666666666666,"Morgans Point, TX",20.0,0.0,0.0,,0.7530864197530864,0.0,0.0,0.0,0.3765432098765432,0.025815489293576147,0.0,0.1039561761004759,0.1875847088425649
48201412300,Harris County,0.0286,6919,29.7157544,-95.4241774,10.666666666666666,"Morgans Point, TX",20.0,0.0,0.0,,0.7530864197530864,0.0,0.0,0.0,0.3765432098765432,0.028617170302181312,0.0,0.09317256112449955,0.1873468516475488
48201554406,Harris County,0.1426,4780,30.0135715,-95.714333,10.666666666666666,"Morgans Point, TX",51.0,0.0,0.0,,0.37037037037037035,0.0,0.0,0.0,0.18518518518518517,0.1426856113668201,0.0,0.6068963256064933,0.18682864930402868
48201554408,Harris County,0.1584,9967,30.003513,-95.6730825,10.666666666666666,"Morgans Point, TX",51.0,0.0,0.0,,0.37037037037037035,0.0,0.0,0.0,0.18518518518518517,0.15849509705823497,0.0,0.5593190102317437,0.1868137634739782
48201555002,Harris County,0.131,5351,30.062073,-95.4871411,10.666666666666666,"Morgans Point, TX",46.0,0.0,0.0,,0.4320987654320988,0.0,0.0,0.0,0.2160493827160494,0.131078647188313,0.0,0.49969768693472194,0.18651558507218832
48201553901,Harris County,0.1802,6332,30.0319375,-95.5416941,10.666666666666666,"Morgans Point, TX",51.0,0.0,0.0,,0.37037037037037035,0.0,0.0,0.0,0.18518518518518517,0.18030818491094658,0.0,0.4897304620162874,0.18639883500824603
48201411505,Harris County,0.0445,3152,29.7355709,-95.4447356,10.666666666666666,"Morgans Point, TX",23.0,0.0,0.0,,0.7160493827160495,0.0,0.0,0.0,0.3580246913580247,0.04452671602961777,0.0,0.11770431889665013,0.18623955780966145
48201410802,Harris County,0.0599,1466,29.7406837,-95.4050252,10.666666666666666,"Morgans Point, TX",23.0,0.0,0.0,,0.7160493827160495,0.0,0.0,0.0,0.3580246913580247,0.059935961576946174,0.0,0.06977873022482224,0.1860697726066772
48201413302,Harris County,0.0334,3717,29.685316,-95.4330005,10.666666666666666,"Morgans Point, TX",22.0,0.0,0.0,,0.7283950617283951,0.0,0.0,0.0,0.3641975308641975,0.033420052031218735,0.0,0.11798874809400364,0.18571377930765484
48201510801,Harris County,0.0567,4110,29.7666964,-95.4167219,10.666666666666666,"Morgans Point, TX",24.0,0.0,0.0,,0.7037037037037037,0.0,0.0,0.0,0.35185185185185186,0.056734040424254555,0.0,0.09723036802153989,0.18507658226276372
48201430300,Harris County,0.0429,4383,29.7726912,-95.4980795,10.666666666666666,"Morgans Point, TX",26.0,0.0,0.0,,0.6790123456790124,0.0,0.0,0.0,0.3395061728395062,0.042925755453271965,0.0,0.19379846666204856,0.18503535107996422
48201420900,Harris County,0.0375,6147,29.6973396,-95.469108,10.666666666666666,"Morgans Point, TX",24.0,0.0,0.0,,0.7037037037037037,0.0,0.0,0.0,0.35185185185185186,0.037522513508104864,0.0,0.15362945420042393,0.18495303280580722
48201450700,Harris County,0.0075,6347,29.7667791,-95.5828997,10.666666666666666,"Morgans Point, TX",26.0,0.0,0.0,,0.6790123456790124,0.0,0.0,0.0,0.3395061728395062,0.007504502701620973,0.0,0.29436230508010797,0.1844653590962749
48201420800,Harris County,0.0148,2515,29.684459,-95.4692251,10.666666666666666,"Morgans Point, TX",22.0,0.0,0.0,,0.7283950617283951,0.0,0.0,0.0,0.3641975308641975,0.01480888533119872,0.0,0.15959885865854884,0.1842914403541034
48201410202,Harris County,0.0189,3753,29.7550071,-95.3918669,10.666666666666666,"Morgans Point, TX",19.0,0.0,0.0,,0.7654320987654322,0.0,0.0,0.0,0.38271604938271614,0.01891134680808485,0.0,0.062049892707124556,0.18410061553536017
48201554104,Harris County,0.1247,4189,30.0216841,-95.5602832,10.666666666666666,"Morgans Point, TX",46.0,0.0,0.0,,0.4320987654320988,0.0,0.0,0.0,0.2160493827160494,0.12477486491895139,0.0,0.48926404097704757,0.18358108579561241
48201410401,Harris County,0.0587,3600,29.7475136,-95.4063924,10.666666666666666,"Morgans Point, TX",24.0,0.0,0.0,,0.7037037037037037,0.0,0.0,0.0,0.35185185185185186,0.05873524114468682,0.0,0.07405287470864116,0.18335919314760352
48201410402,Harris County,0.0411,2931,29.7474979,-95.398717,10.666666666666666,"Morgans Point, TX",22.0,0.0,0.0,,0.7283950617283951,0.0,0.0,0.0,0.3641975308641975,0.04112467480488293,0.0,0.06504386405069282,0.18273067773542304
48201312602,Harris County,0.0108,2353,29.725801,-95.3830479,10.666666666666666,"Morgans Point, TX",18.0,0.0,0.0,,0.7777777777777778,0.0,0.0,0.0,0.3888888888888889,0.010806483890334201,0.0,0.04053837271323235,0.18229578243842354
48201554405,Harris County,0.1083,8856,29.9862557,-95.7131058,10.666666666666666,"Morgans Point, TX",48.0,0.0,0.0,,0.40740740740740744,0.0,0.0,0.0,0.20370370370370372,0.10836501901140684,0.0,0.5805999707733985,0.1822361694474286
48201551800,Harris County,0.0726,3769,29.8862932,-95.5645662,10.666666666666666,"Morgans Point, TX",36.0,0.0,0.0,,0.5555555555555556,0.0,0.0,0.0,0.2777777777777778,0.07264358615169102,0.0,0.34683960945894976,0.18147703679140229
48201543007,Harris County,0.1007,20431,29.947897,-95.7035418,10.666666666666666,"Morgans Point, TX",46.0,0.0,0.0,,0.4320987654320988,0.0,0.0,0.0,0.2160493827160494,0.10076045627376426,0.0,0.538200627886431,0.1812704218929946
48201555703,Harris County,0.1814,6646,30.0004953,-95.7489515,10.666666666666666,"Morgans Point, TX",58.0,0.0,0.0,,0.28395061728395066,0.0,0.0,0.0,0.14197530864197533,0.18150890534320593,0.0,0.6282784134153482,0.1811694018333855
48201511501,Harris County,0.0357,3309,29.8083233,-95.4058178,10.666666666666666,"Morgans Point, TX",25.0,0.0,0.0,,0.691358024691358,0.0,0.0,0.0,0.34567901234567894,0.03572143285971583,0.0,0.12810702272718127,0.1790826876861884
48201554808,Harris County,0.1739,3166,30.0372701,-95.5754111,10.666666666666666,"Morgans Point, TX",54.0,0.0,0.0,,0.33333333333333337,0.0,0.0,0.0,0.16666666666666669,0.17400440264158495,0.0,0.5182650842970049,0.17902782922217597
48201510901,Harris County,0.0006,5608,29.780896,-95.4210644,10.666666666666666,"Morgans Point, TX",21.0,0.0,0.0,,0.7407407407407407,0.0,0.0,0.0,0.37037037037037035,0.0006003602161296778,0.0,0.11300556726907751,0.1781473314584133
48201510601,Harris County,0.0028,3439,29.7738473,-95.403195,10.666666666666666,"Morgans Point, TX",21.0,0.0,0.0,,0.7407407407407407,0.0,0.0,0.0,0.37037037037037035,0.0028016810086051633,0.0,0.08927702634177126,0.17643487360342536
48201551702,Harris County,0.0695,4360,29.9018874,-95.5603739,10.666666666666666,"Morgans Point, TX",38.0,0.0,0.0,,0.5308641975308642,0.0,0.0,0.0,0.2654320987654321,0.06954172503502103,0.0,0.35745168962098567,0.17605213091704933
48201555001,Harris County,0.0846,2288,30.067281,-95.460054,10.666666666666666,"Morgans Point, TX",45.0,0.0,0.0,,0.4444444444444444,0.0,0.0,0.0,0.2222222222222222,0.08465079047428457,0.0,0.4958126737196471,0.1749765045142501
48201542002,Harris County,0.0545,2241,29.8273234,-95.7109839,10.666666666666666,"Morgans Point, TX",41.0,0.0,0.0,,0.49382716049382713,0.0,0.0,0.0,0.24691358024691357,0.05453271963177907,0.0,0.47012866002067843,0.17448379300271266
48201431701,Harris County,0.0231,1895,29.762256,-95.4622848,10.666666666666666,"Morgans Point, TX",26.0,0.0,0.0,,0.6790123456790124,0.0,0.0,0.0,0.3395061728395062,0.023113868320992596,0.0,0.14678365769258855,0.17439030404333442
48201455102,Harris County,0.0444,2825,29.7662531,-95.7712394,10.666666666666666,"Morgans Point, TX",42.0,0.0,0.0,,0.4814814814814815,0.0,0.0,0.0,0.24074074074074076,0.04442665599359616,0.0,0.5266701665708876,0.17432834678850095
48201511201,Harris County,0.0022,2857,29.7960562,-95.4162184,10.666666666666666,"Morgans Point, TX",23.0,0.0,0.0,,0.7160493827160495,0.0,0.0,0.0,0.3580246913580247,0.0022013207924754855,0.0,0.122867537833153,0.17405826113216907
48201554407,Harris County,0.0874,5934,29.9887021,-95.6857695,10.666666666666666,"Morgans Point, TX",48.0,0.0,0.0,,0.40740740740740744,0.0,0.0,0.0,0.20370370370370372,0.08745247148288975,0.0,0.5567062421291058,0.17357303232444418
48201430600,Harris County,0.0826,3834,29.7647541,-95.5317578,10.666666666666666,"Morgans Point, TX",36.0,0.0,0.0,,0.5555555555555556,0.0,0.0,0.0,0.2777777777777778,0.08264958975385232,0.0,0.2313421753175935,0.17292909445791504
48201510702,Harris County,0.0001,2039,29.7682184,-95.4037047,10.666666666666666,"Morgans Point, TX",22.0,0.0,0.0,,0.7283950617283951,0.0,0.0,0.0,0.3641975308641975,0.00010006003602161298,0.0,0.08481439602225403,0.17240034650192076
48201412800,Harris County,0.0018,5147,29.6981361,-95.4532887,10.666666666666666,"Morgans Point, TX",24.0,0.0,0.0,,0.7037037037037037,0.0,0.0,0.0,0.35185185185185186,0.0018010806483890335,0.0,0.13438068593163988,0.17231172612101406
48201541008,Harris County,0.0605,2579,29.9245088,-95.6618455,10.666666666666666,"Morgans Point, TX",43.0,0.0,0.0,,0.4691358024691358,0.0,0.0,0.0,0.23456790123456792,0.060536321793075845,0.0,0.47649511671878453,0.1713659637653568
48201554905,Harris County,0.118,7231,30.0607645,-95.5315089,10.666666666666666,"Morgans Point, TX",51.0,0.0,0.0,,0.37037037037037035,0.0,0.0,0.0,0.18518518518518517,0.1180708425055033,0.0,0.520180131632476,0.17077259924823193
48201556100,Harris County,0.0666,3821,30.021634,-95.5443711,10.666666666666666,"Morgans Point, TX",44.0,0.0,0.0,,0.45679012345679015,0.0,0.0,0.0,0.22839506172839508,0.06663998399039425,0.0,0.47869271622559234,0.1706390445974553
48201555504,Harris County,0.1249,7233,30.0274335,-95.6238958,10.666666666666666,"Morgans Point, TX",53.0,0.0,0.0,,0.345679012345679,0.0,0.0,0.0,0.17283950617283947,0.1249749849909946,0.0,0.54275769981391,0.16954604325646713
48201250407,Harris County,0.0016,9719,29.9707487,-95.1906465,10.666666666666666,"Morgans Point, TX",34.0,0.0,0.0,,0.5802469135802469,0.0,0.0,0.0,0.29012345679012347,0.0016009605763458077,0.0,0.38159674564784535,0.16919551829324384
48201554409,Harris County,0.0985,7167,29.9713163,-95.6695965,10.666666666666666,"Morgans Point, TX",50.0,0.0,0.0,,0.3827160493827161,0.0,0.0,0.0,0.19135802469135807,0.09855913548128878,0.0,0.5252160655237407,0.16820045830787184
48201554702,Harris County,0.0776,4808,30.005473,-95.601681,10.666666666666666,"Morgans Point, TX",47.0,0.0,0.0,,0.41975308641975306,0.0,0.0,0.0,0.20987654320987653,0.07764658795277167,0.0,0.5009005481158287,0.16782847564185882
48201411600,Harris County,0.016,2758,29.735475,-95.453745,10.666666666666666,"Morgans Point, TX",27.0,0.0,0.0,,0.6666666666666667,0.0,0.0,0.0,0.33333333333333337,0.016009605763458074,0.0,0.1288823202763653,0.16769111375667398
48201531700,Harris County,0.0524,3934,29.8357787,-95.435762,10.666666666666666,"Morgans Point, TX",33.0,0.0,0.0,,0.5925925925925926,0.0,0.0,0.0,0.2962962962962963,0.0524314588753252,0.0,0.18194800326033553,0.16725757132196445
48201541007,Harris County,0.089,6825,29.9381563,-95.6709551,10.666666666666666,"Morgans Point, TX",49.0,0.0,0.0,,0.3950617283950617,0.0,0.0,0.0,0.19753086419753085,0.08905343205923553,0.0,0.4970975615165235,0.1653146746583119
48201540101,Harris County,0.0132,6140,29.8383069,-95.5863003,10.666666666666666,"Morgans Point, TX",35.0,0.0,0.0,,0.5679012345679013,0.0,0.0,0.0,0.28395061728395066,0.013207924754852912,0.0,0.3317925533571936,0.16491941053995302
48201554002,Harris County,0.0633,4159,30.0017798,-95.5417573,10.666666666666666,"Morgans Point, TX",45.0,0.0,0.0,,0.4444444444444444,0.0,0.0,0.0,0.2222222222222222,0.063338002801681,0.0,0.4527938259706499,0.16428078343756927
48201430400,Harris County,0.0209,3114,29.7565146,-95.5154397,10.666666666666666,"Morgans Point, TX",32.0,0.0,0.0,,0.6049382716049383,0.0,0.0,0.0,0.30246913580246915,0.02091254752851711,0.0,0.20907835823110266,0.16329271119277652
48201555701,Harris County,0.14,11826,30.009967,-95.740363,10.666666666666666,"Morgans Point, TX",60.0,0.0,0.0,,0.2592592592592593,0.0,0.0,0.0,0.12962962962962965,0.14008405043025818,0.0,0.6282977474748386,0.16318832320989465
48201541207,Harris County,0.0117,4288,29.9020348,-95.6764308,10.666666666666666,"Morgans Point, TX",41.0,0.0,0.0,,0.49382716049382713,0.0,0.0,0.0,0.24691358024691357,0.011707024214528718,0.0,0.4742219114102584,0.16204540951649557
48201554502,Harris County,0.0613,5865,29.9897522,-95.6389888,10.666666666666666,"Morgans Point, TX",48.0,0.0,0.0,,0.40740740740740744,0.0,0.0,0.0,0.20370370370370372,0.061336802081248754,0.0,0.5152350803893857,0.1615912153299799
48201554410,Harris County,0.066,3597,29.9597961,-95.653965,10.666666666666666,"Morgans Point, TX",49.0,0.0,0.0,,0.3950617283950617,0.0,0.0,0.0,0.19753086419753085,0.06603962377426456,0.0,0.49971207334262785,0.15867198335543103
48201543004,Harris County,0.0466,13165,29.956583,-95.7461191,10.666666666666666,"Morgans Point, TX",51.0,0.0,0.0,,0.37037037037037035,0.0,0.0,0.0,0.18518518518518517,0.04662797678607165,0.0,0.5891038571784862,0.15623211208700344
48201554803,Harris County,0.0448,7044,30.0786071,-95.5810113,10.666666666666666,"Morgans Point, TX",51.0,0.0,0.0,,0.37037037037037035,0.0,0.0,0.0,0.18518518518518517,0.04482689613768261,0.0,0.57217858250735,0.1539992604253731
48201555303,Harris County,0.0999,14028,30.1348325,-95.5687953,10.666666666666666,"Morgans Point, TX",63.0,0.0,0.0,,0.2222222222222222,0.0,0.0,0.0,0.1111111111111111,0.09995997598559136,0.0,0.6359363707884643,0.14358162987452383
48201554806,Harris County,0.0406,1846,30.059152,-95.5981573,10.666666666666666,"Morgans Point, TX",54.0,0.0,0.0,,0.33333333333333337,0.0,0.0,0.0,0.16666666666666669,0.04062437462477486,0.0,0.5600612298369616,0.14319343537112864
48201555704,Harris County,0.0272,8099,30.0131548,-95.7659789,10.666666666666666,"Morgans Point, TX",58.0,0.0,0.0,,0.28395061728395066,0.0,0.0,0.0,0.14197530864197533,0.027216329797878726,0.0,0.6561140522603774,0.13766519305429026
48201554501,Harris County,0.0514,6010,30.0099953,-95.6608637,10.666666666666666,"Morgans Point, TX",60.0,0.0,0.0,,0.2592592592592593,0.0,0.0,0.0,0.12962962962962965,0.05143085851510907,0.0,0.5549895064062208,0.12926154152848815
